author,orcid,affiliation,affiliation_type,country,paper_title,paper_year,paper_doi,paper_venue,author_position,topic_query,n_relevant_papers,industry_flag,score
"Quni-Gudzinas, Rowan Brad",0009-0002-4317-5604,Q-Flex (United States),industry,US,CRYOGENICALLY STABILIZED SYNTHETIC LATTICE ARCHITECTURE FOR FAULT-TOLERANT QUANTUM COMPUTING,2026,https://doi.org/10.5281/zenodo.17709213,Zenodo (CERN European Organization for Nuclear Research),first,diamond photonics thermal integration,2,1,84
Biqi Cao,,Innovation Team (China),industry,CN,Enabling record-high heat flux in wide-bandgap electronics via in-chip microfluidic cooling on diamond substrates,2026,https://doi.org/10.1007/s11431-025-3150-x,Science China Technological Sciences,first,diamond heat spreader electronics,1,1,76
Delong Xie,,Yuntianhua Group (China),industry,CN,Magnetic field-induced alignment of BNNSs@MnFe2O4 enabling epoxy resin with high thermal conductivity and flame retardancy,2026,https://doi.org/10.1016/j.apsusc.2026.167266,Applied Surface Science,last,advanced packaging thermal resistance high power,1,1,76
K. C. Sheng,,Innovation Team (China),industry,CN,Enabling record-high heat flux in wide-bandgap electronics via in-chip microfluidic cooling on diamond substrates,2026,https://doi.org/10.1007/s11431-025-3150-x,Science China Technological Sciences,last,diamond heat spreader electronics,1,1,76
Manabu Miyawaki,,Lintec Corporation (Japan),industry,JP,Application of Polysilsesquioxane to LED Die Bonding Materials,2026,https://doi.org/10.11618/adhesion.62.36,Journal of The Adhesion Society of Japan,first,advanced packaging thermal resistance high power,1,1,76
Phani Suresh Paladugu,,Synopsys (United States),industry,US,Hybrid 2.5D/3D Integration of Photonic Chiplets and Compute Dies for Scalable Co-Packaged Optical Interconnects in AI Data Centers,2026,https://doi.org/10.37547/tajet/volume08issue03-01,The American Journal of Engineering And Technology,first,co-packaged optics thermal management,1,1,76
Xicheng Zhang,0000-0003-3721-1357,China Electronics Technology Group Corporation,industry,CN,Advances and challenges in single crystal diamond growth via microwave plasma chemical vapor deposition,2026,https://doi.org/10.1080/26941112.2026.2669069,Functional Diamond,first,CVD diamond substrate power electronics,1,1,76
Zhijiao Wang,,Yuntianhua Group (China),industry,CN,Magnetic field-induced alignment of BNNSs@MnFe2O4 enabling epoxy resin with high thermal conductivity and flame retardancy,2026,https://doi.org/10.1016/j.apsusc.2026.167266,Applied Surface Science,first,advanced packaging thermal resistance high power,1,1,76
Chongyang Liu,,DELO Industrial Adhesives,industry,,Adhesive Properties for Successful Photonic Packaging,2025,https://doi.org/10.4071/001c.154003,IMAPSource Proceedings,last,advanced packaging thermal resistance high power,1,1,76
Ernie Long,,MacDermidAlpha Electronics Solutions,industry,,Copper Electroplating Process for mSAP in the Era of AI and HPC,2025,https://doi.org/10.4071/001c.140581,Journal of Microelectronics and Electronic Packaging,last,advanced packaging thermal resistance high power,1,1,76
Garian Lim,,DELO Industrial Adhesives,industry,,Adhesive Properties for Successful Photonic Packaging,2025,https://doi.org/10.4071/001c.154003,IMAPSource Proceedings,first,advanced packaging thermal resistance high power,1,1,76
Katsuhiro Takao,,Tokyo Electron (Japan),industry,JP,Panel Level Package: Reliability Evaluation of Double-sided Direct Copper Plated Interconnects on Embedded Power Die by Thermal and Electrical Stress Test,2025,https://doi.org/10.4071/001c.151188,IMAPSource Proceedings,first,advanced packaging thermal resistance high power,1,1,76
Kerim T. Arat,0000-0002-5446-3006,Quantum Design (United States),industry,US,Multi-Modal Approach for Quality Control and Failure Analysis of Metal Lines for Chiplets Integration,2025,https://doi.org/10.1093/mam/ozaf048.166,Microscopy and Microanalysis,first,advanced packaging thermal resistance high power,1,1,76
Masaya Tanaka,0000-0002-7873-1749,Dai Nippon Printing (Japan),industry,JP,Ultra-High Density RDL on Glass Core Substrate for Heterogenous Integration,2025,https://doi.org/10.4071/001c.129747,IMAPSource Proceedings,last,advanced packaging thermal resistance high power,1,1,76
Saminda Dharmarathna,,MacDermidAlpha Electronics Solutions,industry,,Copper Electroplating Process for mSAP in the Era of AI and HPC,2025,https://doi.org/10.4071/001c.140581,Journal of Microelectronics and Electronic Packaging,first,advanced packaging thermal resistance high power,1,1,76
Shane Lin,,Siliconware Precision Industries (Taiwan),industry,TW,Thermal Performance of High Thermal Conductivity TIM for Large Advanced Package through TTV Measurement and FEM Analysis Approach,2025,https://doi.org/10.4071/001c.147482,IMAPSource Proceedings,first,advanced packaging thermal resistance high power,1,1,76
Shih‐kang Lin,0000-0002-0832-3213,ON Semiconductor (United States),industry,US,Sonochemical Synthesis of Submicrometer Ga-Based Particles for Cu-to-Cu Interconnection,2025,https://doi.org/10.1021/acsaelm.5c01346,ACS Applied Electronic Materials,last,advanced packaging thermal resistance high power,1,1,76
Stefano Spagna,0000-0002-2727-7718,Quantum Design (United States),industry,US,Multi-Modal Approach for Quality Control and Failure Analysis of Metal Lines for Chiplets Integration,2025,https://doi.org/10.1093/mam/ozaf048.166,Microscopy and Microanalysis,last,advanced packaging thermal resistance high power,1,1,76
Sunil Priyadarshi,,Arista (United States),industry,US,Unlocking the Potential of Co-Packaged Optics in AI and HPC: Opportunities and Challenges,2025,https://doi.org/10.1109/mcom.001.2500504,IEEE Communications Magazine,first,co-packaged optics thermal management,1,1,76
Takamasa Takano,,Dai Nippon Printing (Japan),industry,JP,Ultra-High Density RDL on Glass Core Substrate for Heterogenous Integration,2025,https://doi.org/10.4071/001c.129747,IMAPSource Proceedings,first,advanced packaging thermal resistance high power,1,1,76
Tzu-Hsuan Huang,,ON Semiconductor (United States),industry,US,Sonochemical Synthesis of Submicrometer Ga-Based Particles for Cu-to-Cu Interconnection,2025,https://doi.org/10.1021/acsaelm.5c01346,ACS Applied Electronic Materials,first,advanced packaging thermal resistance high power,1,1,76
Y.P. Wang,,Siliconware Precision Industries (Taiwan),industry,TW,Thermal Performance of High Thermal Conductivity TIM for Large Advanced Package through TTV Measurement and FEM Analysis Approach,2025,https://doi.org/10.4071/001c.147482,IMAPSource Proceedings,last,advanced packaging thermal resistance high power,1,1,76
Yoshiaki Aizawa,,Tokyo Electron (Japan),industry,JP,Panel Level Package: Reliability Evaluation of Double-sided Direct Copper Plated Interconnects on Embedded Power Die by Thermal and Electrical Stress Test,2025,https://doi.org/10.4071/001c.151188,IMAPSource Proceedings,last,advanced packaging thermal resistance high power,1,1,76
Huan Wang,0000-0002-6480-9568,"Editor of Physica Status Solidi (RRL) ‐ Rapid Research Letters, Editor‐in‐Chief of Advanced Physics Research, John Wiley &amp; Sons Commercial Service (Beijing) Co Ltd  Beijing 100028 China",industry,,Recent Advances in Semiconductor Materials and Devices,2024,https://doi.org/10.1002/pssr.202400198,physica status solidi (RRL) - Rapid Research Letters,last,diamond photonics thermal integration,1,1,68
Kaysar Rahim,,Northrop Grumman (United States),industry,US,Solder-less Fine Pitch Copper-to-Copper Bonding,2024,https://doi.org/10.4071/001c.94484,IMAPSource Proceedings,last,advanced packaging thermal resistance high power,1,1,68
Nicholas Lay,,Northrop Grumman (United States),industry,US,Solder-less Fine Pitch Copper-to-Copper Bonding,2024,https://doi.org/10.4071/001c.94484,IMAPSource Proceedings,first,advanced packaging thermal resistance high power,1,1,68
Takashi Kawamori,,"High Performance Materials Department, Institute for Advanced Integrated Technology",industry,,Highly Functional Materials for Advanced Package,2024,https://doi.org/10.2494/photopolymer.37.335,Journal of Photopolymer Science and Technology,last,co-packaged optics thermal management,1,1,68
Tetsuya Enomoto,,"High Performance Materials Department, Institute for Advanced Integrated Technology",industry,,Highly Functional Materials for Advanced Package,2024,https://doi.org/10.2494/photopolymer.37.335,Journal of Photopolymer Science and Technology,first,co-packaged optics thermal management,1,1,68
А. Гуревич,,Check Point (Israel),industry,IL,Development of high performance thermoelectric modules with substrates made by vapor chamber technology,2024,https://doi.org/10.63527/1607-8829-2024-3-64-73,Journal of Thermoelectricity,first,AlN ceramic substrate thermal conductivity power module,1,1,68
Fengwen Mu,,Tianjin Energy Investment Group (China),industry,CN,Record- low thermal boundary resistance of GaN-on-diamond structure with ultra-high bonding rate via surface reconstruction bonding technique,2026,https://doi.org/10.1016/j.jallcom.2026.186906,Journal of Alloys and Compounds,middle,GaN-on-diamond thermal management,2,1,64
Haolun Sun,0009-0003-1237-2979,Xidian University,academic,CN,Impact of Carbon Diffusion Induced Stress on the Properties of Diamond/GaN Heterojunctions,2026,https://doi.org/10.3390/nano16040241,Nanomaterials,first,GaN-on-diamond thermal management,5,0,60
Srabanti Chowdhury,0000-0001-8367-0461,Stanford University,academic,US,Cooling performance of top-side polycrystalline diamond integration in RF-power N-polar GaN high-electron-mobility transistors predicted using a robust modeling platform,2026,https://doi.org/10.1063/5.0304824,Journal of Applied Physics,last,GaN-on-diamond thermal management,5,0,60
Mohamadali Malakoutian,0000-0002-5760-0408,Stanford University,academic,US,Diamond thermal matrix demonstration for two-tier 3D integrated circuits,2025,https://doi.org/10.1063/5.0260085,APL Materials,first,GaN-on-diamond thermal management,5,0,60
A. Glen Birdwell,0000-0001-5235-3260,Analog Devices (United States),industry,US,Diamond Epilayers with Subnanometer Surface Roughness for Enhanced Device Performance,2026,https://doi.org/10.1021/acsaelm.5c02384,ACS Applied Electronic Materials,middle,CVD diamond substrate power electronics,1,1,56
Brian Novak,0000-0002-8624-7631,Northrop Grumman (United States),industry,US,Enhanced Thermal Management in GaN Superlattice Castellated Field Effect Transistors,2026,https://doi.org/10.1109/led.2026.3696134,IEEE Electron Device Letters,middle,GaN-on-diamond thermal management,1,1,56
Chao Wang,,Taiwan Semiconductor Manufacturing Company (China),industry,CN,"Nanocopper-based low-temperature interconnection technology: advances in material systems, sintering mechanisms and packaging applications",2026,https://doi.org/10.1108/ssmt-01-2026-0006,Soldering and Surface Mount Technology,middle,advanced packaging thermal resistance high power,1,1,56
Chen Li,,Tongfu Microelectronics (China),industry,CN,Research on Intelligent Thermal Optimization for Chiplet-Based Heterogeneously Integrated AI Chip Embedded with Leaf-Vein-Inspired Fractal Microchannels,2026,https://doi.org/10.3390/ma19040679,Materials,middle,chiplet package thermal hotspot mitigation,1,1,56
Edsger C. P. Smits,0009-0009-4790-0923,Holst Centre (Netherlands),industry,NL,Topology-optimised near-chip microfluidic cooling for high power electronics,2026,https://doi.org/10.1016/j.csite.2026.108358,Case Studies in Thermal Engineering,middle,advanced packaging thermal resistance high power,1,1,56
Elias Garratt,0000-0002-0331-3876,Analog Devices (United States),industry,US,Diamond Epilayers with Subnanometer Surface Roughness for Enhanced Device Performance,2026,https://doi.org/10.1021/acsaelm.5c02384,ACS Applied Electronic Materials,middle,CVD diamond substrate power electronics,1,1,56
Hao Jiang,,Yuntianhua Group (China),industry,CN,Magnetic field-induced alignment of BNNSs@MnFe2O4 enabling epoxy resin with high thermal conductivity and flame retardancy,2026,https://doi.org/10.1016/j.apsusc.2026.167266,Applied Surface Science,middle,advanced packaging thermal resistance high power,1,1,56
Henry Martin,0000-0002-2891-3253,Holst Centre (Netherlands),industry,NL,Topology-optimised near-chip microfluidic cooling for high power electronics,2026,https://doi.org/10.1016/j.csite.2026.108358,Case Studies in Thermal Engineering,middle,advanced packaging thermal resistance high power,1,1,56
Jindao Li,,Yuntianhua Group (China),industry,CN,Magnetic field-induced alignment of BNNSs@MnFe2O4 enabling epoxy resin with high thermal conductivity and flame retardancy,2026,https://doi.org/10.1016/j.apsusc.2026.167266,Applied Surface Science,middle,advanced packaging thermal resistance high power,1,1,56
Kewei Sun,,ON Semiconductor (United States),industry,US,Advances and challenges in single crystal diamond growth via microwave plasma chemical vapor deposition,2026,https://doi.org/10.1080/26941112.2026.2669069,Functional Diamond,middle,CVD diamond substrate power electronics,1,1,56
Mahesh R. Neupane,,Analog Devices (United States),industry,US,Diamond Epilayers with Subnanometer Surface Roughness for Enhanced Device Performance,2026,https://doi.org/10.1021/acsaelm.5c02384,ACS Applied Electronic Materials,middle,CVD diamond substrate power electronics,1,1,56
Miao Cui,,Yuntianhua Group (China),industry,CN,Magnetic field-induced alignment of BNNSs@MnFe2O4 enabling epoxy resin with high thermal conductivity and flame retardancy,2026,https://doi.org/10.1016/j.apsusc.2026.167266,Applied Surface Science,middle,advanced packaging thermal resistance high power,1,1,56
Qiming Lu,,Tianjin Energy Investment Group (China),industry,CN,"A comprehensive review on high-performance vapor chambers: Challenges, mechanisms, and future perspectives",2026,https://doi.org/10.1016/j.applthermaleng.2026.131716,Applied Thermal Engineering,middle,advanced packaging thermal resistance high power,1,1,56
R. S. Howell,0009-0003-6540-5391,Northrop Grumman (United States),industry,US,Enhanced Thermal Management in GaN Superlattice Castellated Field Effect Transistors,2026,https://doi.org/10.1109/led.2026.3696134,IEEE Electron Device Letters,middle,GaN-on-diamond thermal management,1,1,56
Shamima Afroz,0009-0007-8773-5518,Northrop Grumman (United States),industry,US,Enhanced Thermal Management in GaN Superlattice Castellated Field Effect Transistors,2026,https://doi.org/10.1109/led.2026.3696134,IEEE Electron Device Letters,middle,GaN-on-diamond thermal management,1,1,56
Shang Shi,,"Nanjing Electronic Devices Institute, Nanjing, 210016, China",industry,,Experimental study on transient temperature rise characteristics of RF GaN HEMTs,2026,https://doi.org/10.1016/j.microrel.2026.116185,Microelectronics Reliability,middle,GaN HEMT self-heating junction temperature,1,1,56
Shi Lei,,Tongfu Microelectronics (China),industry,CN,Research on Intelligent Thermal Optimization for Chiplet-Based Heterogeneously Integrated AI Chip Embedded with Leaf-Vein-Inspired Fractal Microchannels,2026,https://doi.org/10.3390/ma19040679,Materials,middle,chiplet package thermal hotspot mitigation,1,1,56
Shujuan Liu,,"Yangtze Laboratory, Wuhan 430205, China",industry,,Engineering thermal transport across GaN/diamond interfaces: multifactor regulation and phonon bridge mechanisms elucidated by molecular dynamics,2026,https://doi.org/10.1016/j.apsusc.2026.166260,Applied Surface Science,middle,thermal boundary resistance GaN diamond,1,1,56
Tianjian Liu,,"Yangtze Laboratory, Wuhan 430205, China",industry,,Engineering thermal transport across GaN/diamond interfaces: multifactor regulation and phonon bridge mechanisms elucidated by molecular dynamics,2026,https://doi.org/10.1016/j.apsusc.2026.166260,Applied Surface Science,middle,thermal boundary resistance GaN diamond,1,1,56
Tony Ivanov,0000-0002-1472-788X,Analog Devices (United States),industry,US,Diamond Epilayers with Subnanometer Surface Roughness for Enhanced Device Performance,2026,https://doi.org/10.1021/acsaelm.5c02384,ACS Applied Electronic Materials,middle,CVD diamond substrate power electronics,1,1,56
Valaparla Ranjith Kumar,0000-0002-9940-7710,Vignan’s Institute of Information Technology,industry,,Recent advances in single-phase liquid cooling techniques for performance enhancement of microchannel heat sinks: a review,2026,https://doi.org/10.47481/jten.0022,Journal of Thermal Engineering,middle,advanced packaging thermal resistance high power,1,1,56
Xuetian Bao,,Tongfu Microelectronics (China),industry,CN,Research on Intelligent Thermal Optimization for Chiplet-Based Heterogeneously Integrated AI Chip Embedded with Leaf-Vein-Inspired Fractal Microchannels,2026,https://doi.org/10.3390/ma19040679,Materials,middle,chiplet package thermal hotspot mitigation,1,1,56
Yi Mei,,Yuntianhua Group (China),industry,CN,Magnetic field-induced alignment of BNNSs@MnFe2O4 enabling epoxy resin with high thermal conductivity and flame retardancy,2026,https://doi.org/10.1016/j.apsusc.2026.167266,Applied Surface Science,middle,advanced packaging thermal resistance high power,1,1,56
Yuan-Xi Jia,,Beijing Founder Electronics (China),industry,CN,β-Ga2O3 diodes with ultra-high surge current enabled by Ag/AMB-AlN flip-chip packaging,2026,https://doi.org/10.1016/j.jnlest.2026.100347,Journal of Electronic Science and Technology,middle,advanced packaging thermal resistance high power,1,1,56
Yue Wang,0000-0003-0098-5359,China Electronics Technology Group Corporation,industry,CN,Advances and challenges in single crystal diamond growth via microwave plasma chemical vapor deposition,2026,https://doi.org/10.1080/26941112.2026.2669069,Functional Diamond,middle,CVD diamond substrate power electronics,1,1,56
Yuhui Xie,0000-0002-2964-1309,Yuntianhua Group (China),industry,CN,Magnetic field-induced alignment of BNNSs@MnFe2O4 enabling epoxy resin with high thermal conductivity and flame retardancy,2026,https://doi.org/10.1016/j.apsusc.2026.167266,Applied Surface Science,middle,advanced packaging thermal resistance high power,1,1,56
Zan Wu,,Innovation Team (China),industry,CN,Enabling record-high heat flux in wide-bandgap electronics via in-chip microfluidic cooling on diamond substrates,2026,https://doi.org/10.1007/s11431-025-3150-x,Science China Technological Sciences,middle,diamond heat spreader electronics,1,1,56
Ziqiang Li,,Taiwan Semiconductor Manufacturing Company (China),industry,CN,"Nanocopper-based low-temperature interconnection technology: advances in material systems, sintering mechanisms and packaging applications",2026,https://doi.org/10.1108/ssmt-01-2026-0006,Soldering and Surface Mount Technology,middle,advanced packaging thermal resistance high power,1,1,56
Alberto Peruzzo,0000-0002-7953-3875,Quandela (France),industry,FR,Photoluminescence Properties of Ion-Implanted Er<sup>3+</sup> Defects in 4H-SiCOI for Integrated Quantum Photonics,2025,https://doi.org/10.1021/acsanm.5c00085,ACS Applied Nano Materials,middle,diamond photonics thermal integration,1,1,56
Alexander Hartwig,,DELO Industrial Adhesives,industry,,Adhesive Properties for Successful Photonic Packaging,2025,https://doi.org/10.4071/001c.154003,IMAPSource Proceedings,middle,advanced packaging thermal resistance high power,1,1,56
Andrew H. Kang,,Siliconware Precision Industries (Taiwan),industry,TW,Thermal Performance of High Thermal Conductivity TIM for Large Advanced Package through TTV Measurement and FEM Analysis Approach,2025,https://doi.org/10.4071/001c.147482,IMAPSource Proceedings,middle,advanced packaging thermal resistance high power,1,1,56
Atsushi Kuroha,,Tokyo Electron (Japan),industry,JP,Panel Level Package: Reliability Evaluation of Double-sided Direct Copper Plated Interconnects on Embedded Power Die by Thermal and Electrical Stress Test,2025,https://doi.org/10.4071/001c.151188,IMAPSource Proceedings,middle,advanced packaging thermal resistance high power,1,1,56
Brian Gokey,,MacDermidAlpha Electronics Solutions,industry,,Copper Electroplating Process for mSAP in the Era of AI and HPC,2025,https://doi.org/10.4071/001c.140581,Journal of Microelectronics and Electronic Packaging,middle,advanced packaging thermal resistance high power,1,1,56
Charles Bae,0000-0003-2991-0617,MacDermidAlpha Electronics Solutions,industry,,Copper Electroplating Process for mSAP in the Era of AI and HPC,2025,https://doi.org/10.4071/001c.140581,Journal of Microelectronics and Electronic Packaging,middle,advanced packaging thermal resistance high power,1,1,56
Darshit Jangid,0009-0004-0869-3224,Quantum Design (Germany),industry,DE,Multi-Modal Approach for Quality Control and Failure Analysis of Metal Lines for Chiplets Integration,2025,https://doi.org/10.1093/mam/ozaf048.166,Microscopy and Microanalysis,middle,advanced packaging thermal resistance high power,1,1,56
Eduardo M. Chumbes,0009-0001-2013-7747,RTX (United States),industry,US,Interfacial Thermal Transport in Top-Side Diamond Integrated AlGaN/GaN High Electron Mobility Transistors,2025,https://doi.org/10.1021/acsami.5c13149,ACS Applied Materials & Interfaces,middle,thermal boundary resistance GaN diamond,1,1,56
Eric Kil,,MacDermidAlpha Electronics Solutions,industry,,Copper Electroplating Process for mSAP in the Era of AI and HPC,2025,https://doi.org/10.4071/001c.140581,Journal of Microelectronics and Electronic Packaging,middle,advanced packaging thermal resistance high power,1,1,56
Felix Ejeckam,,Akash Systems,industry,,Thermal Boundary Resistance Reduction by Interfacial Nanopatterning for GaN-on-Diamond Electronics Applications,2025,https://doi.org/10.1021/acsaelm.5c00119,ACS Applied Electronic Materials,middle,GaN-on-diamond thermal management,1,1,56
Fengwen Mu,0000-0001-7396-9347,Tianjin Energy Investment Group (China),industry,CN,GaN HEMTs on 4H-SiC/Diamond Engineered Substrate With Enhanced Heat Dissipation,2025,https://doi.org/10.1109/led.2025.3635043,IEEE Electron Device Letters,middle,thermal boundary resistance GaN diamond,1,1,56
Hajo Frerichs,0000-0002-7661-8259,Quantum Design (Germany),industry,DE,Multi-Modal Approach for Quality Control and Failure Analysis of Metal Lines for Chiplets Integration,2025,https://doi.org/10.1093/mam/ozaf048.166,Microscopy and Microanalysis,middle,advanced packaging thermal resistance high power,1,1,56
Ichiro Kono,,Tokyo Electron (Japan),industry,JP,Panel Level Package: Reliability Evaluation of Double-sided Direct Copper Plated Interconnects on Embedded Power Die by Thermal and Electrical Stress Test,2025,https://doi.org/10.4071/001c.151188,IMAPSource Proceedings,middle,advanced packaging thermal resistance high power,1,1,56
Jeffrey LaRoche,,RTX (United States),industry,US,Interfacial Thermal Transport in Top-Side Diamond Integrated AlGaN/GaN High Electron Mobility Transistors,2025,https://doi.org/10.1021/acsami.5c13149,ACS Applied Materials & Interfaces,middle,thermal boundary resistance GaN diamond,1,1,56
Koji Iwabu,,Tokyo Electron (Japan),industry,JP,Panel Level Package: Reliability Evaluation of Double-sided Direct Copper Plated Interconnects on Embedded Power Die by Thermal and Electrical Stress Test,2025,https://doi.org/10.4071/001c.151188,IMAPSource Proceedings,middle,advanced packaging thermal resistance high power,1,1,56
Leslie Kim,,MacDermidAlpha Electronics Solutions,industry,,Copper Electroplating Process for mSAP in the Era of AI and HPC,2025,https://doi.org/10.4071/001c.140581,Journal of Microelectronics and Electronic Packaging,middle,advanced packaging thermal resistance high power,1,1,56
Lizheng Zhao,,China Electronics Technology Group Corporation,industry,CN,Design and Fabrication of Embedded Microchannel Cooling Solutions for High-Power-Density Semiconductor Devices,2025,https://doi.org/10.3390/mi16080908,Micromachines,middle,near-junction thermal management high power density,1,1,56
Maher Tahhan,0000-0003-4608-0926,RTX (United States),industry,US,Interfacial Thermal Transport in Top-Side Diamond Integrated AlGaN/GaN High Electron Mobility Transistors,2025,https://doi.org/10.1021/acsami.5c13149,ACS Applied Materials & Interfaces,middle,thermal boundary resistance GaN diamond,1,1,56
Matthew T. Dejarld,0009-0002-7789-7787,RTX (United States),industry,US,Interfacial Thermal Transport in Top-Side Diamond Integrated AlGaN/GaN High Electron Mobility Transistors,2025,https://doi.org/10.1021/acsami.5c13149,ACS Applied Materials & Interfaces,middle,thermal boundary resistance GaN diamond,1,1,56
Michihito Kawada,,Tokyo Electron (Japan),industry,JP,Panel Level Package: Reliability Evaluation of Double-sided Direct Copper Plated Interconnects on Embedded Power Die by Thermal and Electrical Stress Test,2025,https://doi.org/10.4071/001c.151188,IMAPSource Proceedings,middle,advanced packaging thermal resistance high power,1,1,56
Mingqi Huang,0000-0002-2920-722X,Shenzhen Metro (China),industry,CN,Laser-induced broad-spectrum strong absorption multiscale carbon-based nanofilms for photonic debonding based on the spatial confinement effect,2025,https://doi.org/10.1088/2631-7990/ae1db8,International Journal of Extreme Manufacturing,middle,advanced packaging thermal resistance high power,1,1,56
Satoru Kuramochi,,Dai Nippon Printing (Japan),industry,JP,Ultra-High Density RDL on Glass Core Substrate for Heterogenous Integration,2025,https://doi.org/10.4071/001c.129747,IMAPSource Proceedings,middle,advanced packaging thermal resistance high power,1,1,56
Sean Fleuriel,,MacDermidAlpha Electronics Solutions,industry,,Copper Electroplating Process for mSAP in the Era of AI and HPC,2025,https://doi.org/10.4071/001c.140581,Journal of Microelectronics and Electronic Packaging,middle,advanced packaging thermal resistance high power,1,1,56
See Chian lim,,DELO Industrial Adhesives,industry,,Adhesive Properties for Successful Photonic Packaging,2025,https://doi.org/10.4071/001c.154003,IMAPSource Proceedings,middle,advanced packaging thermal resistance high power,1,1,56
Sy Maddux,,MacDermidAlpha Electronics Solutions,industry,,Copper Electroplating Process for mSAP in the Era of AI and HPC,2025,https://doi.org/10.4071/001c.140581,Journal of Microelectronics and Electronic Packaging,middle,advanced packaging thermal resistance high power,1,1,56
Takashi Suzuki,,Tokyo Electron (Japan),industry,JP,Panel Level Package: Reliability Evaluation of Double-sided Direct Copper Plated Interconnects on Embedded Power Die by Thermal and Electrical Stress Test,2025,https://doi.org/10.4071/001c.151188,IMAPSource Proceedings,middle,advanced packaging thermal resistance high power,1,1,56
Tianyi Lu,0000-0001-8410-9051,China National Electric Apparatus Research Institute (China),industry,CN,Failure from Within: Volatiles from polymer aging trigger electronic corrosion,2025,https://doi.org/10.1016/j.polymdegradstab.2025.111779,Polymer Degradation and Stability,middle,advanced packaging thermal resistance high power,1,1,56
Vito Lin,,Siliconware Precision Industries (Taiwan),industry,TW,Thermal Performance of High Thermal Conductivity TIM for Large Advanced Package through TTV Measurement and FEM Analysis Approach,2025,https://doi.org/10.4071/001c.147482,IMAPSource Proceedings,middle,advanced packaging thermal resistance high power,1,1,56
W. K. Neils,0009-0002-0238-4442,Quantum Design (United States),industry,US,Multi-Modal Approach for Quality Control and Failure Analysis of Metal Lines for Chiplets Integration,2025,https://doi.org/10.1093/mam/ozaf048.166,Microscopy and Microanalysis,middle,advanced packaging thermal resistance high power,1,1,56
Xin Tina Guo,,DELO Industrial Adhesives,industry,,Adhesive Properties for Successful Photonic Packaging,2025,https://doi.org/10.4071/001c.154003,IMAPSource Proceedings,middle,advanced packaging thermal resistance high power,1,1,56
Yuki Matsue,,Tokyo Electron (Japan),industry,JP,Panel Level Package: Reliability Evaluation of Double-sided Direct Copper Plated Interconnects on Embedded Power Die by Thermal and Electrical Stress Test,2025,https://doi.org/10.4071/001c.151188,IMAPSource Proceedings,middle,advanced packaging thermal resistance high power,1,1,56
Yu‐Chen Liu,0000-0002-2750-0182,ON Semiconductor (United States),industry,US,Sonochemical Synthesis of Submicrometer Ga-Based Particles for Cu-to-Cu Interconnection,2025,https://doi.org/10.1021/acsaelm.5c01346,ACS Applied Electronic Materials,middle,advanced packaging thermal resistance high power,1,1,56
Zhe Cheng,0000-0001-7827-2979,Integrated Optoelectronics (Norway),industry,NO,Direct Integration of Polycrystalline Diamond With 3C‐SiC for Enhanced Thermal Management in GaN HEMTs: Impact of Grain Structure and Interface Engineering,2025,https://doi.org/10.1002/admt.202500437,Advanced Materials Technologies,middle,GaN-on-diamond thermal management,1,1,56
Zhongkun Lin,,Toshima Manufacturing (Japan),industry,JP,Transient liquid phase sintering with nanophase reinforcement enables silver joints with low thermal resistance and high shear strength,2025,https://doi.org/10.1016/j.intermet.2025.109059,Intermetallics,middle,advanced packaging thermal resistance high power,1,1,56
Zifeng Huang,0009-0005-7397-9963,Integrated Optoelectronics (Norway),industry,NO,Direct Integration of Polycrystalline Diamond With 3C‐SiC for Enhanced Thermal Management in GaN HEMTs: Impact of Grain Structure and Interface Engineering,2025,https://doi.org/10.1002/admt.202500437,Advanced Materials Technologies,middle,GaN-on-diamond thermal management,1,1,56
Qiang Li,0000-0002-4255-4832,Nanjing University of Information Science and Technology,academic,CN,Effect of interlayer material and thickness on interfacial thermal transport on GaN/diamond heterostructures,2026,https://doi.org/10.1016/j.ijthermalsci.2026.111209,International Journal of Thermal Sciences,last,thermal boundary resistance GaN diamond,3,0,52
Yunfei Song,0000-0002-6138-9000,Wuhan University of Technology,academic,CN,Near-junction thermal management for GaN/diamond HEMTs in extreme environments based on multiscale thermal simulation,2026,https://doi.org/10.1016/j.icheatmasstransfer.2026.111225,International Communications in Heat and Mass Transfer,first,GaN-on-diamond thermal management,3,0,52
francis lee,0009-0009-8615-4978,,unknown,,mnemorphics,2026,https://doi.org/10.5281/zenodo.21725591,Zenodo (CERN European Organization for Nuclear Research),first,advanced packaging thermal resistance high power,3,0,52
Xiaohang Li,0000-0002-4434-365X,King Abdullah University of Science and Technology,academic,SA,Progresses and Frontiers in Ultrawide Bandgap Semiconductors,2025,https://doi.org/10.1002/aelm.202400934,Advanced Electronic Materials,last,GaN-on-diamond thermal management,3,0,52
Fangmin Shi,,"Jiangsu GTIC Microelectronics Company Ltd., Wuxi, China",industry,,Advanced Packaging Technology of GaN HEMT Module for High-Power and High-Frequency Applications: A Review,2024,https://doi.org/10.1109/tcpmt.2024.3447079,IEEE Transactions on Components Packaging and Manufacturing Technology,middle,advanced packaging thermal resistance high power,1,1,48
I. Steiner,,Check Point (Israel),industry,IL,Development of high performance thermoelectric modules with substrates made by vapor chamber technology,2024,https://doi.org/10.63527/1607-8829-2024-3-64-73,Journal of Thermoelectricity,middle,AlN ceramic substrate thermal conductivity power module,1,1,48
Jason S. Adams,0000-0001-5320-200X,RTX (United States),industry,US,Transferable Percolated Particle Monolayers Derived from Marangoni Flows for Thermally Conductive Dielectric Coatings,2024,https://doi.org/10.1021/acsami.4c14039,ACS Applied Materials & Interfaces,middle,diamond heat spreader electronics,1,1,48
Jiangjun Chen,,"Dalian Overseas, Huasheng Electronics Technology Co., Ltd., Dalian, 116000, China",industry,,Effect of Sn element on the interfacial reinforced AlN/Cu joint brazed by Ag–Cu–Ti–(Snx) filler,2024,https://doi.org/10.1007/s10854-024-12646-w,Journal of Materials Science Materials in Electronics,middle,AlN ceramic substrate thermal conductivity power module,1,1,48
Jun Gao,0000-0002-2364-5317,"Dalian Overseas, Huasheng Electronics Technology Co., Ltd., Dalian, 116000, China",industry,,Effect of Sn element on the interfacial reinforced AlN/Cu joint brazed by Ag–Cu–Ti–(Snx) filler,2024,https://doi.org/10.1007/s10854-024-12646-w,Journal of Materials Science Materials in Electronics,middle,AlN ceramic substrate thermal conductivity power module,1,1,48
Jun Lv,0009-0007-1371-9689,ON Semiconductor (China),industry,CN,Device packaging and integration optimization based on neural network method: Effect of microchannel structure on heat sink performance,2024,https://doi.org/10.1016/j.mssp.2024.108977,Materials Science in Semiconductor Processing,middle,advanced packaging thermal resistance high power,1,1,48
Kazutoshi Furuzono,,"High Performance Materials Department, Institute for Advanced Integrated Technology",industry,,Highly Functional Materials for Advanced Package,2024,https://doi.org/10.2494/photopolymer.37.335,Journal of Photopolymer Science and Technology,middle,co-packaged optics thermal management,1,1,48
Mairui Huang,,ON Semiconductor (China),industry,CN,Device packaging and integration optimization based on neural network method: Effect of microchannel structure on heat sink performance,2024,https://doi.org/10.1016/j.mssp.2024.108977,Materials Science in Semiconductor Processing,middle,advanced packaging thermal resistance high power,1,1,48
Masahiro Matsunaga,0000-0003-3325-9679,"High Performance Materials Department, Institute for Advanced Integrated Technology",industry,,Highly Functional Materials for Advanced Package,2024,https://doi.org/10.2494/photopolymer.37.335,Journal of Photopolymer Science and Technology,middle,co-packaged optics thermal management,1,1,48
Mika Kobune,,Resonac (Japan),industry,,Highly Functional Materials for Advanced Package,2024,https://doi.org/10.2494/photopolymer.37.335,Journal of Photopolymer Science and Technology,middle,co-packaged optics thermal management,1,1,48
Naoki Takahara,,"High Performance Materials Department, Institute for Advanced Integrated Technology",industry,,Highly Functional Materials for Advanced Package,2024,https://doi.org/10.2494/photopolymer.37.335,Journal of Photopolymer Science and Technology,middle,co-packaged optics thermal management,1,1,48
Shiqing Lv,,ON Semiconductor (China),industry,CN,Device packaging and integration optimization based on neural network method: Effect of microchannel structure on heat sink performance,2024,https://doi.org/10.1016/j.mssp.2024.108977,Materials Science in Semiconductor Processing,middle,advanced packaging thermal resistance high power,1,1,48
Yan Li,0000-0001-8141-9732,"Dalian Overseas, Huasheng Electronics Technology Co., Ltd., Dalian, 116000, China",industry,,Effect of Sn element on the interfacial reinforced AlN/Cu joint brazed by Ag–Cu–Ti–(Snx) filler,2024,https://doi.org/10.1007/s10854-024-12646-w,Journal of Materials Science Materials in Electronics,middle,AlN ceramic substrate thermal conductivity power module,1,1,48
Meiyong Liao,0000-0003-1361-4266,National Institute for Materials Science,academic,JP,Effect of surface vacancy defects on the phonon thermal transport across GaN/diamond interface,2024,https://doi.org/10.1016/j.surfin.2024.105666,Surfaces and Interfaces,last,GaN-on-diamond thermal management,3,0,44
David Michael Seagal,,,unknown,,Sovereign MHD Caterpillar Drive,2026,https://doi.org/10.5281/zenodo.20659258,Zenodo (CERN European Organization for Nuclear Research),first,diamond photonics thermal integration,2,0,44
Gai Wu,0000-0002-9726-6328,Shenzhen University,academic,CN,Shear-strain-dependent thermal conductivity of diamond explored via a machine learning potential,2026,https://doi.org/10.1063/5.0336299,Applied Physics Letters,last,diamond heat spreader electronics,2,0,44
Gai Wu,,Wuhan University of Technology,academic,CN,Multiscale investigation of thermal transport in β-Ga2O3-based heterointerfaces enabled by machine learning potential: cross-scale parameter,2026,https://doi.org/10.1038/s41524-026-02007-y,npj Computational Materials,last,diamond heat spreader electronics,2,0,44
Gang Zhang,0000-0001-9812-8106,Beijing Institute of Technology,academic,CN,Emerging Advanced Electronic Packaging Materials for Thermal Management in Power Electronics,2026,https://doi.org/10.1002/advs.202524348,Advanced Science,last,advanced packaging thermal resistance high power,2,0,44
Husam Walwil,0009-0008-1170-6638,Pennsylvania State University,academic,US,High Thermal Conductivity Transfer-Printed Polycrystalline Diamond Membranes for Device- and Chip-Level Thermal Management,2026,https://doi.org/10.1021/acsaelm.6c00310,ACS Applied Electronic Materials,first,GaN-on-diamond thermal management,2,0,44
Kexin Deng,0000-0001-8861-5146,Institute of Microelectronics,academic,SG,Low thermal boundary resistance and reduced junction temperature in GaN HEMTs via AlN-mediated top-side diamond integration,2026,https://doi.org/10.1088/1361-6641/ae5ccc,Semiconductor Science and Technology,first,GaN-on-diamond thermal management,2,0,44
Lijie Li,,Gower College Swansea,academic,GB,Multiscale investigation of thermal transport in β-Ga2O3-based heterointerfaces enabled by machine learning potential: cross-scale parameter,2026,,Cronfa (Swansea University),first,diamond heat spreader electronics,2,0,44
Liwen Sang,0000-0003-0946-1025,Fudan University,academic,CN,High-thermal-conductivity polycrystalline diamond grown on GaN via a cyclic-methane-modulation-assisted strategy,2026,https://doi.org/10.1063/5.0340227,Applied Physics Letters,last,thermal boundary resistance GaN diamond,2,0,44
Pharyanshu Kachhawa,0000-0002-2743-5827,University of Bristol,academic,GB,Enhanced Thermal Management in GaN Superlattice Castellated Field Effect Transistors,2026,https://doi.org/10.1109/led.2026.3696134,IEEE Electron Device Letters,first,GaN-on-diamond thermal management,2,0,44
Sukwon Choi,0000-0002-3664-1542,Pennsylvania State University,academic,US,High Thermal Conductivity Transfer-Printed Polycrystalline Diamond Membranes for Device- and Chip-Level Thermal Management,2026,https://doi.org/10.1021/acsaelm.6c00310,ACS Applied Electronic Materials,last,GaN-on-diamond thermal management,2,0,44
Weishan Lv,,Huazhong University of Science and Technology,academic,CN,Near-junction cooling technology for SiC power modules driven in-situ by thermoelectric effect,2026,https://doi.org/10.1016/j.applthermaleng.2026.132201,Applied Thermal Engineering,first,near-junction thermal management high power density,2,0,44
Yabing Li,,Fudan University,academic,CN,Polycrystalline diamond heteroepitaxy on the third-generation semiconductors for thermal dissipation,2026,https://doi.org/10.1016/j.mtelec.2026.100207,Materials Today Electronics,first,GaN-on-diamond thermal management,2,0,44
Yuanmeng Xiang,,Xidian University,academic,CN,Recent Advances in Diamond-Capped GaN HEMTs for RF Application,2026,https://doi.org/10.3390/nano16040224,Nanomaterials,first,thermal boundary resistance GaN diamond,2,0,44
Zan Wu,0009-0000-3888-8402,Institute of Semiconductors,academic,CN,Heat flux-dependent partial discharge behavior in a two-phase fluorinated liquid: Role of the microstructured heating surface,2026,https://doi.org/10.1063/5.0319532,Applied Physics Letters,last,near-junction thermal management high power density,2,0,44
Bing Cao,0000-0003-3588-972X,Tsinghua University,academic,CN,Transistor-level thermal management in wide and ultra-wide bandgap power semiconductor transistors: A review,2025,https://doi.org/10.1016/j.ijthermalsci.2025.110200,International Journal of Thermal Sciences,last,near-junction thermal management high power density,2,0,44
Boris Williams Henyo,0009-0005-6984-3369,University of Ghana,academic,GH,Sustainable Manufacturing and Applications of Wide-Bandgap Semiconductors—A Review,2025,https://doi.org/10.70322/ism.2025.10010,Intelligent and sustainable manufacturing,last,GaN-on-diamond thermal management,2,0,44
Chengming Li,0000-0001-8906-2256,University of Science and Technology Beijing,academic,CN,"Stress in CVD Diamond Films: Generation, Suppression, Application, and Measurement",2025,https://doi.org/10.15541/jim20250094,Journal of Inorganic Materials,first,GaN-on-diamond thermal management,2,0,44
Hongxing Wang,0000-0002-2883-0765,Xi'an Jiaotong University,academic,CN,Enhancing interfacial thermal transport in GaN-diamond heterointerfaces through thermally induced mixing layers,2025,https://doi.org/10.1088/1402-4896/ae0832,Physica Scripta,last,GaN-on-diamond thermal management,2,0,44
Jianbo Liang,0000-0001-5320-6377,Osaka Prefecture University,academic,JP,Direct Integration of Polycrystalline Diamond With 3C‐SiC for Enhanced Thermal Management in GaN HEMTs: Impact of Grain Structure and Interface Engineering,2025,https://doi.org/10.1002/admt.202500437,Advanced Materials Technologies,last,GaN-on-diamond thermal management,2,0,44
Jiayun Feng,0000-0002-6644-0477,Harbin Institute of Technology,academic,CN,Thermal-electrical coupling effect on the reliability of copper pillar bump joints with different initial IMC thickness and microstructure,2025,https://doi.org/10.1016/j.jmapro.2025.02.026,Journal of Manufacturing Processes,first,advanced packaging thermal resistance high power,2,0,44
Jinhua Qin,,Central South University,academic,CN,Multi-step transient liquid phase bonding of Ag-In-Sn composite solders joints for low interfacial thermal resistance and enhanced mechanical integrity,2025,https://doi.org/10.1016/j.matchar.2025.115599,Materials Characterization,first,advanced packaging thermal resistance high power,2,0,44
Junjun Wei,0000-0002-4245-2289,,unknown,,"Stress in CVD Diamond Films: Generation, Suppression, Application, and Measurement",2025,https://doi.org/10.15541/jim20250094,Journal of Inorganic Materials,last,GaN-on-diamond thermal management,2,0,44
Luckman Yeboah,,University of Ghana,academic,GH,"Wide-Bandgap Semiconductors: A Critical Analysis of GaN, SiC, AlGaN, Diamond, and Ga2O3 Synthesis Methods, Challenges, and Prospective Technological Innovations",2025,https://doi.org/10.70322/ism.2025.10011,Intelligent and sustainable manufacturing,first,GaN-on-diamond thermal management,2,0,44
Martin Kuball,0000-0003-3070-1070,University of Bristol,academic,GB,Thermal Boundary Resistance Reduction by Interfacial Nanopatterning for GaN-on-Diamond Electronics Applications,2025,https://doi.org/10.1021/acsaelm.5c00119,ACS Applied Electronic Materials,last,GaN-on-diamond thermal management,2,0,44
Muhannad S. Bakir,0000-0002-0380-0842,Georgia Institute of Technology,academic,US,Integrated Microfluidic Cooling of Heterogeneous HBM–GPU Package With Die Height Difference,2025,https://doi.org/10.1109/tcpmt.2025.3605312,IEEE Transactions on Components Packaging and Manufacturing Technology,last,advanced packaging thermal resistance high power,2,0,44
Rong Sun,0000-0001-9719-3563,Shenzhen Institutes of Advanced Technology,academic,CN,Laser-induced broad-spectrum strong absorption multiscale carbon-based nanofilms for photonic debonding based on the spatial confinement effect,2025,https://doi.org/10.1088/2631-7990/ae1db8,International Journal of Extreme Manufacturing,last,advanced packaging thermal resistance high power,2,0,44
Siddharth Rajan,0000-0003-4241-3391,The Ohio State University,academic,US,Progresses and Frontiers in Ultrawide Bandgap Semiconductors,2025,https://doi.org/10.1002/aelm.202400934,Advanced Electronic Materials,first,GaN-on-diamond thermal management,2,0,44
Siwei Tang,0000-0003-2903-3298,Central South University,academic,CN,Multi-step transient liquid phase bonding of Ag-In-Sn composite solders joints for low interfacial thermal resistance and enhanced mechanical integrity,2025,https://doi.org/10.1016/j.matchar.2025.115599,Materials Characterization,last,advanced packaging thermal resistance high power,2,0,44
Wei He,0000-0002-1375-4173,Nanjing University of Science and Technology,academic,CN,Integrated embedded cooling method for thermal management in multilayer ceramic circuit substrate microsystems for multi-chip components,2025,https://doi.org/10.1016/j.icheatmasstransfer.2025.109005,International Communications in Heat and Mass Transfer,first,near-junction thermal management high power density,2,0,44
Yanhong Tian,0000-0002-5877-7096,Harbin Institute of Technology,academic,CN,Thermal-electrical coupling effect on the reliability of copper pillar bump joints with different initial IMC thickness and microstructure,2025,https://doi.org/10.1016/j.jmapro.2025.02.026,Journal of Manufacturing Processes,last,advanced packaging thermal resistance high power,2,0,44
Yongjie Hu,0000-0001-7225-1130,"University of California, Los Angeles",academic,US,Advancing Thermal Management Technology for Power Semiconductors through Materials and Interface Engineering,2025,https://doi.org/10.1021/accountsmr.4c00349,Accounts of Materials Research,last,GaN-on-diamond thermal management,2,0,44
Zhanpeng Sun,0009-0009-7268-7984,Wuhan University,academic,CN,Heat transport exploration through the GaN/diamond interfaces using machine learning potential,2025,https://doi.org/10.1016/j.ijheatmasstransfer.2025.126724,International Journal of Heat and Mass Transfer,first,GaN-on-diamond thermal management,2,0,44
Chao Yuan,0000-0003-3116-6049,Wuhan Donghu University,academic,CN,Low thermal boundary resistance and reduced junction temperature in GaN HEMTs via AlN-mediated top-side diamond integration,2026,https://doi.org/10.1088/1361-6641/ae5ccc,Semiconductor Science and Technology,middle,GaN-on-diamond thermal management,4,0,40
James W. Pomeroy,0000-0003-3443-8759,University of Bristol,academic,GB,Enhanced Thermal Management in GaN Superlattice Castellated Field Effect Transistors,2026,https://doi.org/10.1109/led.2026.3696134,IEEE Electron Device Letters,middle,GaN-on-diamond thermal management,4,0,40
Zijun Qi,0000-0002-4440-5734,Wuhan University of Technology,academic,CN,Near-junction thermal management for GaN/diamond HEMTs in extreme environments based on multiscale thermal simulation,2026,https://doi.org/10.1016/j.icheatmasstransfer.2026.111225,International Communications in Heat and Mass Transfer,middle,GaN-on-diamond thermal management,4,0,40
A.M. Mohamad Yussof,,National University of Malaysia,academic,MY,Revisiting the effectiveness of diamond heat spreaders on multi-finger gate GaN HEMT using chip-to-package-level thermal simulation,2024,https://doi.org/10.1016/j.microrel.2024.115496,Microelectronics Reliability,first,GaN-on-diamond thermal management,2,0,36
Hing Wah Lee,0000-0003-4521-7951,MIMOS (Malaysia),academic,MY,Understanding the Role of Near-Junction Diamond Heat Spreaders in Packaged 20-Gate GaN HEMT Chips via Thermal Simulation,2024,https://doi.org/10.1007/s11664-024-11281-9,Journal of Electronic Materials,last,GaN-on-diamond thermal management,2,0,36
Kongping Wu,0000-0001-5672-7610,Jinling Institute of Technology,academic,CN,Effect of surface vacancy defects on the phonon thermal transport across GaN/diamond interface,2024,https://doi.org/10.1016/j.surfin.2024.105666,Surfaces and Interfaces,first,GaN-on-diamond thermal management,2,0,36
Muhammad Nur Affendy Muhammad Ridzwan,,National University of Malaysia,academic,MY,Understanding the Role of Near-Junction Diamond Heat Spreaders in Packaged 20-Gate GaN HEMT Chips via Thermal Simulation,2024,https://doi.org/10.1007/s11664-024-11281-9,Journal of Electronic Materials,first,GaN-on-diamond thermal management,2,0,36
Yue Hao,0000-0002-8081-2919,Xidian University,academic,CN,"Comparison of SiN<sub><i>x</i></sub> Dielectric Layer Grown by Plasma‐Enhanced Chemical Vapor Deposition, Low‐Pressure Chemical Vapor Deposition, and Metal‐Organic Chemical Vapor Deposition in Diamond‐ and GaN‐Based Integrated Devices",2024,https://doi.org/10.1002/pssb.202400052,physica status solidi (b),last,thermal boundary resistance GaN diamond,2,0,36
Anil Kunwar,0000-0003-4295-5772,Silesian University of Technology,academic,PL,EDL-Catalyzed Phase-Field Modeling and Numerically Attentive Interpolation Framework for the Intelligent Design of Cu@Ag Core-Shell Nanoparticles,2026,https://doi.org/10.1016/j.jmat.2026.101287,Journal of Materiomics,last,advanced packaging thermal resistance high power,1,0,36
Anwar Jarndal,0000-0002-1873-2088,University of Sharjah,academic,AE,"GaN HEMTs for Electric Vehicle Power Electronics: Device Architectures, Reliability and Next-Generation Wide Bandgap Opportunities",2026,https://doi.org/10.3390/en19071752,Energies,last,GaN HEMT self-heating junction temperature,1,0,36
Asokan Bakhirathan,,AMET University,academic,IN,hBN-rich graphene oxide–based hybrid thermal interface materials for enhanced insulation and thermal stability in electronic packaging,2026,https://doi.org/10.1007/s10854-026-17292-y,Journal of Materials Science Materials in Electronics,first,advanced packaging thermal resistance high power,1,0,36
Bei Fan,,Michigan State University,academic,US,Advances and future perspectives of diamond microchannel heat sinks for high heat flux thermal management,2026,https://doi.org/10.1016/j.applthermaleng.2026.131241,Applied Thermal Engineering,last,GaN-on-diamond thermal management,1,0,36
Binglin Lu,0009-0000-9499-1615,City University of Hong Kong,academic,HK,The role of metal interlayer microstructure in thermal transport across diamond/GaN heterointerfaces,2026,https://doi.org/10.1016/j.apsusc.2026.167514,Applied Surface Science,first,GaN-on-diamond thermal management,1,0,36
Bladimir Ramos-Alvarado,0000-0003-2573-4134,Pennsylvania State University,academic,US,Thermal-hydraulic behavior of a mechanically actuated liquid-cooled heat sink under coupled flow and rotation: Experimental and CFD analysis,2026,https://doi.org/10.1016/j.applthermaleng.2026.131726,Applied Thermal Engineering,last,advanced packaging thermal resistance high power,1,0,36
Bo Shen,,Peking University,academic,CN,High-mobility AlGaN/GaN heterostructures directly grown on diamond (111) substrates using a high-temperature physical-vapor-deposition AlN nucleation layer,2026,https://doi.org/10.1063/5.0315800,Applied Physics Letters,last,GaN-on-diamond thermal management,1,0,36
Bo Wang,,Tianjin Chengjian University,academic,CN,In-situ Joule heating fabricating SiC/graphene composites: Interfacial coupling and synergistic heat transfer boosting superior thermal management,2026,https://doi.org/10.1016/j.carbon.2026.121412,Carbon,first,advanced packaging thermal resistance high power,1,0,36
Bo Yang,,Ministry of Education of the People's Republic of China,academic,CN,Synergistic effects of grain boundary and crystallographic orientation on atomic level removal mechanism of polycrystalline diamond,2026,https://doi.org/10.1016/j.wear.2026.206558,Wear,first,GaN-on-diamond thermal management,1,0,36
Caie He,,Southeast University,academic,CN,RNSG-Assisted Growth of Diamond on GaN Using Ultrathin AlN Interlayers,2026,https://doi.org/10.1007/s11664-026-12825-x,Journal of Electronic Materials,first,GaN-on-diamond thermal management,1,0,36
Chang-Jie Mao,,Anhui University,academic,CN,"High-performance multifunctional fGNs@PDA/PVA composites with superior thermal conductivity, electromagnetic interference shielding, and mechanical strength for advanced thermal management applications",2026,https://doi.org/10.1016/j.jallcom.2026.190182,Journal of Alloys and Compounds,last,advanced packaging thermal resistance high power,1,0,36
Changhong Wang,,Guangdong University of Technology,academic,CN,"A comprehensive review on high-performance vapor chambers: Challenges, mechanisms, and future perspectives",2026,https://doi.org/10.1016/j.applthermaleng.2026.131716,Applied Thermal Engineering,last,advanced packaging thermal resistance high power,1,0,36
Chao Yuan,,Wuhan University of Technology,academic,CN,Engineering thermal transport across GaN/diamond interfaces: multifactor regulation and phonon bridge mechanisms elucidated by molecular dynamics,2026,https://doi.org/10.1016/j.apsusc.2026.166260,Applied Surface Science,last,thermal boundary resistance GaN diamond,1,0,36
Chao-Hsin Wu,,National Taiwan University,academic,TW,3D Heterogeneous Integration of Back-Emitting VCSEL Arrays via Flip-Chip Bonding for Co-Packaged Optics Systems,2026,https://doi.org/10.1109/jstqe.2025.3650463,IEEE Journal of Selected Topics in Quantum Electronics,last,co-packaged optics thermal management,1,0,36
Chirag R. Kharangate,0000-0001-7636-7296,Case Western Reserve University,academic,US,"Special Section on Silicon-Package-Rack-Data Center Thermal Management: Challenges, Opportunities, and Solutions",2026,https://doi.org/10.1115/1.4071357,Journal of Electronic Packaging,last,co-packaged optics thermal management,1,0,36
Chong‐Xin Shan,,Ministry of Education,academic,NZ,Diamond Metasurface‐Based Optical Tweezers With Enhanced Robustness,2026,https://doi.org/10.1002/advs.202524086,Advanced Science,last,diamond photonics thermal integration,1,0,36
Christian A. Campos-Vega,,Universidad de Guanajuato,academic,MX,Thermal-hydraulic behavior of a mechanically actuated liquid-cooled heat sink under coupled flow and rotation: Experimental and CFD analysis,2026,https://doi.org/10.1016/j.applthermaleng.2026.131726,Applied Thermal Engineering,first,advanced packaging thermal resistance high power,1,0,36
Chufei Cheng,,Harbin Institute of Technology,academic,CN,High-temperature stable growth of thick polycrystalline diamond film on GaN enabled by a SiNx/Si double interlayer,2026,https://doi.org/10.1016/j.diamond.2026.113769,Diamond and Related Materials,first,GaN-on-diamond thermal management,1,0,36
Chunyuan Yang,0009-0009-3913-3277,University of Science and Technology of China,academic,CN,Real-time 3D thermal prediction for advanced packaging via machine learning,2026,https://doi.org/10.1016/j.ijheatmasstransfer.2026.128936,International Journal of Heat and Mass Transfer,first,advanced packaging thermal resistance high power,1,0,36
Dat Q. Tran,,Stanford University,academic,US,Cooling performance of top-side polycrystalline diamond integration in RF-power N-polar GaN high-electron-mobility transistors predicted using a robust modeling platform,2026,https://doi.org/10.1063/5.0304824,Journal of Applied Physics,first,GaN-on-diamond thermal management,1,0,36
Dunjun Chen,,Nanjing University,academic,CN,Experimental study on transient temperature rise characteristics of RF GaN HEMTs,2026,https://doi.org/10.1016/j.microrel.2026.116185,Microelectronics Reliability,last,GaN HEMT self-heating junction temperature,1,0,36
Elena Venuti,,University of Catania,academic,IT,Probe Card Technologies in Advanced Semiconductor Testing for Wide Band Gap Devices,2026,https://doi.org/10.3390/chips5030018,Chips,first,GaN-on-diamond thermal management,1,0,36
Feng Liu,,Nanyang Institute of Technology,academic,CN,Enhanced thermal conductivity of SiC-coated diamond/Al composites for heat dissipation interfaces in power modules,2026,https://doi.org/10.1590/1517-7076-rmat-2026-0041,Matéria (Rio de Janeiro),last,GaN-on-diamond thermal management,1,0,36
Guangliang Gary Liu,,Shenzhen University,academic,CN,Next-generation electronic packaging materials: thermal-dielectric properties and design strategies in PI and PTFE-based composites,2026,https://doi.org/10.1007/s42114-026-01849-w,Advanced Composites and Hybrid Materials,last,advanced packaging thermal resistance high power,1,0,36
Guoqi Zhang,0000-0002-8023-5170,Delft University of Technology,academic,NL,Topology-optimised near-chip microfluidic cooling for high power electronics,2026,https://doi.org/10.1016/j.csite.2026.108358,Case Studies in Thermal Engineering,last,advanced packaging thermal resistance high power,1,0,36
Guosong Hong,0000-0002-8858-4471,Stanford University,academic,US,Non-destructive Dislocation Characterization of CVD-grown Diamond for Semiconductor Applications,2026,https://doi.org/10.25740/xf946ym1915,Stanford Digital Repository,last,CVD diamond substrate power electronics,1,0,36
Guozhi Jia,0000-0002-4674-4086,Tianjin Chengjian University,academic,CN,In-situ Joule heating fabricating SiC/graphene composites: Interfacial coupling and synergistic heat transfer boosting superior thermal management,2026,https://doi.org/10.1016/j.carbon.2026.121412,Carbon,last,advanced packaging thermal resistance high power,1,0,36
Haochen Han,,Southwest Jiaotong University,academic,CN,Research on the Thermal Failure Mechanisms of Ga₂O₃ Power Devices,2026,https://doi.org/10.54254/2755-2721/2026.bj32224,Applied and Computational Engineering,first,advanced packaging thermal resistance high power,1,0,36
Haolun Sun,0009-0003-1237-2979,Xidian University,academic,CN,MD-modified DMM analysis of thermal boundary resistance in diamond/GaN heterostructures,2026,https://doi.org/10.1063/5.0325406,Applied Physics Letters,first,GaN-on-diamond thermal management,1,0,36
Haoran Ma,0000-0002-4996-0956,Dalian University of Technology,academic,CN,EDL-Catalyzed Phase-Field Modeling and Numerically Attentive Interpolation Framework for the Intelligent Design of Cu@Ag Core-Shell Nanoparticles,2026,https://doi.org/10.1016/j.jmat.2026.101287,Journal of Materiomics,first,advanced packaging thermal resistance high power,1,0,36
Haoxiang Wen,,Shanghai Maritime University,academic,CN,Advanced Chip-Level Thermal Management Technologies for High-Power Integrated Processors: A Review,2026,https://doi.org/10.3390/en19143304,Energies,last,near-junction thermal management high power density,1,0,36
Hongcai Yang,,Peking University,academic,CN,High-mobility AlGaN/GaN heterostructures directly grown on diamond (111) substrates using a high-temperature physical-vapor-deposition AlN nucleation layer,2026,https://doi.org/10.1063/5.0315800,Applied Physics Letters,first,GaN-on-diamond thermal management,1,0,36
Hongda Chen,0009-0004-6772-9661,Xidian University,academic,CN,Recent progress on GaN-on-GaN technology for RF applications,2026,https://doi.org/10.1088/1361-6463/ae74df,Journal of Physics D Applied Physics,first,advanced packaging thermal resistance high power,1,0,36
Huayang Zheng,,,unknown,,Liquid Metal Based Soft-Connected Packaging of Press-Pack SiC Power Module for Pressureless Interconnection and Double-Sided Cooling,2026,https://doi.org/10.1109/tpel.2026.3660323,IEEE Transactions on Power Electronics,first,advanced packaging thermal resistance high power,1,0,36
Husna Hamza,,University of Kuala Lumpur,academic,MY,"GaN HEMTs for Electric Vehicle Power Electronics: Device Architectures, Reliability and Next-Generation Wide Bandgap Opportunities",2026,https://doi.org/10.3390/en19071752,Energies,first,GaN HEMT self-heating junction temperature,1,0,36
Ioannis Zeimpekis,0000-0002-7455-1599,University of Southampton,academic,GB,Cubic boron arsenide: A transformative material reshaping modern electronics and thermal management,2026,https://doi.org/10.1016/j.mne.2026.100377,Micro and Nano Engineering,last,GaN-on-diamond thermal management,1,0,36
J Cho,,Sungkyunkwan University,academic,KR,Phonon thermal transport and cooling limits in submicron heteroepitaxial β-Ga2O3 films on SiC,2026,https://doi.org/10.1016/j.actamat.2026.122020,Acta Materialia,last,GaN-on-diamond thermal management,1,0,36
Jia-Jia Mao,0000-0003-4128-2940,Beijing University of Technology,academic,CN,Electro-thermo-elastic contact instability between insulating substrate and heat spreader,2026,https://doi.org/10.1016/j.compstruct.2026.120639,Composite Structures,first,advanced packaging thermal resistance high power,1,0,36
Jianlei Cui,0000-0002-5760-509X,Xi'an Jiaotong University,academic,CN,The role of metal interlayer microstructure in thermal transport across diamond/GaN heterointerfaces,2026,https://doi.org/10.1016/j.apsusc.2026.167514,Applied Surface Science,last,GaN-on-diamond thermal management,1,0,36
Jiaqi Zhu,,Harbin Institute of Technology,academic,CN,High-temperature stable growth of thick polycrystalline diamond film on GaN enabled by a SiNx/Si double interlayer,2026,https://doi.org/10.1016/j.diamond.2026.113769,Diamond and Related Materials,last,GaN-on-diamond thermal management,1,0,36
Jie Wei,,State Key Laboratory of Food Science and Technology,academic,CN,"Microfluidic cooling for high-heat-flux chips: Thermal-path compression, bottleneck migration and near-junction limits",2026,https://doi.org/10.70401/tx.2026.0024,Thermo-X,first,diamond heat spreader electronics,1,0,36
Jie Wu,0000-0003-0943-9143,Nanjing University of Posts and Telecommunications,academic,CN,Research on Intelligent Thermal Optimization for Chiplet-Based Heterogeneously Integrated AI Chip Embedded with Leaf-Vein-Inspired Fractal Microchannels,2026,https://doi.org/10.3390/ma19040679,Materials,first,chiplet package thermal hotspot mitigation,1,0,36
Junwei Zhu,0000-0001-9846-9656,Ministry of Education,academic,NZ,Diamond Metasurface‐Based Optical Tweezers With Enhanced Robustness,2026,https://doi.org/10.1002/advs.202524086,Advanced Science,first,diamond photonics thermal integration,1,0,36
K LIN,,National Taiwan University,academic,TW,3D Heterogeneous Integration of Back-Emitting VCSEL Arrays via Flip-Chip Bonding for Co-Packaged Optics Systems,2026,https://doi.org/10.1109/jstqe.2025.3650463,IEEE Journal of Selected Topics in Quantum Electronics,first,co-packaged optics thermal management,1,0,36
K. Bala Subrahmanyam,0000-0002-9113-4981,Sri Vasavi Engineering College,academic,,Recent advances in single-phase liquid cooling techniques for performance enhancement of microchannel heat sinks: a review,2026,https://doi.org/10.47481/jten.0022,Journal of Thermal Engineering,first,advanced packaging thermal resistance high power,1,0,36
L. Z. Wang,,Hebei University,academic,CN,"Recent progress in thermal management materials for electronic devices: interfacial thermal resistance regulation, thermal network construction, and device reliability boundaries",2026,https://doi.org/10.1007/s10854-026-17969-4,Journal of Materials Science Materials in Electronics,first,advanced packaging thermal resistance high power,1,0,36
Laura Stern,,Stanford University,academic,US,Non-destructive Dislocation Characterization of CVD-grown Diamond for Semiconductor Applications,2026,https://doi.org/10.25740/xf946ym1915,Stanford Digital Repository,first,CVD diamond substrate power electronics,1,0,36
Liao-Liang Ke,,Tianjin University,academic,CN,Electro-thermo-elastic contact instability between insulating substrate and heat spreader,2026,https://doi.org/10.1016/j.compstruct.2026.120639,Composite Structures,last,advanced packaging thermal resistance high power,1,0,36
Libin Bai,,Hebei University,academic,CN,"Recent progress in thermal management materials for electronic devices: interfacial thermal resistance regulation, thermal network construction, and device reliability boundaries",2026,https://doi.org/10.1007/s10854-026-17969-4,Journal of Materials Science Materials in Electronics,last,advanced packaging thermal resistance high power,1,0,36
Lin Qiu,,University of Science and Technology Beijing,academic,CN,Rational thermal design of 2.5D heterogeneously integrated systems via topology optimization coupled with micro-rib texturing,2026,https://doi.org/10.1016/j.ijheatmasstransfer.2026.129202,International Journal of Heat and Mass Transfer,last,advanced packaging thermal resistance high power,1,0,36
Liwen Sang,,Fudan University,academic,CN,Polycrystalline diamond heteroepitaxy on the third-generation semiconductors for thermal dissipation,2026,https://doi.org/10.1016/j.mtelec.2026.100207,Materials Today Electronics,last,GaN-on-diamond thermal management,1,0,36
M. Belguith,,École Supérieure d'Ingénieurs en Génie Électrique,academic,FR,A Review of Thermal Management Techniques Adopted for High-Power-Density GaN-Based Converters,2026,https://doi.org/10.3390/chips5010004,Chips,first,GaN-on-diamond thermal management,1,0,36
Mahmoud Hamouda,0000-0003-2919-1819,University of Sousse,academic,TN,A Review of Thermal Management Techniques Adopted for High-Power-Density GaN-Based Converters,2026,https://doi.org/10.3390/chips5010004,Chips,last,GaN-on-diamond thermal management,1,0,36
Man Cui,,Beijing Institute of Technology,academic,CN,Thermal–Electrical Fusion for Real-Time Condition Monitoring of IGBT Modules in Transportation Systems,2026,https://doi.org/10.3390/mi17020154,Micromachines,first,IGBT module baseplate thermal fatigue,1,0,36
Martin Kuball,0000-0003-3070-1070,University of Bristol,academic,GB,Enhanced Thermal Management in GaN Superlattice Castellated Field Effect Transistors,2026,https://doi.org/10.1109/led.2026.3696134,IEEE Electron Device Letters,last,GaN-on-diamond thermal management,1,0,36
Martin Kuball,,University of Bristol,academic,GB,Analysis of Heat Diffusion in GaN/3C-SiC/Diamond HEMTs for Design Optimization,2026,https://doi.org/10.1109/ted.2025.3649191,IEEE Transactions on Electron Devices,last,GaN-on-diamond thermal management,1,0,36
Mengshi Xu,,Shanghai Maritime University,academic,CN,Advanced Chip-Level Thermal Management Technologies for High-Power Integrated Processors: A Review,2026,https://doi.org/10.3390/en19143304,Energies,first,near-junction thermal management high power density,1,0,36
Muhammad Waqas,,University of Southampton,academic,GB,Cubic boron arsenide: A transformative material reshaping modern electronics and thermal management,2026,https://doi.org/10.1016/j.mne.2026.100377,Micro and Nano Engineering,first,GaN-on-diamond thermal management,1,0,36
Nanxi Li,,"Agency for Science, Technology and Research",academic,SG,Silicon carbide: a versatile CMOS-compatible material for integrated nonlinear and quantum photonics,2026,https://doi.org/10.1007/s44519-026-00007-5,PhotoniX Synergy,last,diamond photonics thermal integration,1,0,36
Ning Hu,,Ministry of Education of the People's Republic of China,academic,CN,Synergistic effects of grain boundary and crystallographic orientation on atomic level removal mechanism of polycrystalline diamond,2026,https://doi.org/10.1016/j.wear.2026.206558,Wear,last,GaN-on-diamond thermal management,1,0,36
Ning Wei,0000-0001-6448-4137,State Key Laboratory of Food Science and Technology,academic,CN,"Microfluidic cooling for high-heat-flux chips: Thermal-path compression, bottleneck migration and near-junction limits",2026,https://doi.org/10.70401/tx.2026.0024,Thermo-X,last,diamond heat spreader electronics,1,0,36
Ningning Xu,,Xiamen University of Technology,academic,CN,Reliable thermal management of high-power semiconductor lasers based on nano-silver sintering diamonds,2026,https://doi.org/10.1016/j.mtcomm.2025.114613,Materials Today Communications,first,advanced packaging thermal resistance high power,1,0,36
P. M. Ajayan,,Rice University,academic,US,Scalable selective-area diamond growth for thermal management applications,2026,https://doi.org/10.1063/5.0319930,Applied Physics Letters,last,GaN-on-diamond thermal management,1,0,36
Pak San Yip,0009-0005-1484-8840,University of Hong Kong,academic,HK,Diamond Sensor Technologies: From Multi Stimulus to Quantum,2026,https://doi.org/10.3390/mi17010118,Micromachines,first,diamond photonics thermal integration,1,0,36
Peigang Han,,Shenzhen Technology University,academic,CN,Enhanced thermal performances of high-power LED by diamond packaging,2026,https://doi.org/10.1016/j.diamond.2026.113352,Diamond and Related Materials,last,diamond heat spreader electronics,1,0,36
Pulickel M. Ajayan,,Rice University,academic,US,Diamond Epilayers with Subnanometer Surface Roughness for Enhanced Device Performance,2026,https://doi.org/10.1021/acsaelm.5c02384,ACS Applied Electronic Materials,last,CVD diamond substrate power electronics,1,0,36
Rong Yang,,Xi’an University,academic,CN,The mechanism of electrolyte temperature in modulating electrical insulation and thermal conductivity of anodic oxide coatings on 6061 aluminum alloy,2026,https://doi.org/10.1016/j.surfcoat.2026.133452,Surface and Coatings Technology,last,advanced packaging thermal resistance high power,1,0,36
Rui Dong,,State Key Laboratory of Chemical Engineering,academic,CN,A flexible and electrically insulative thermal interface material with ultrahigh liquid metal loading via high internal phase strategy,2026,https://doi.org/10.1016/j.cej.2026.179904,Chemical Engineering Journal,first,advanced packaging thermal resistance high power,1,0,36
Ruoqi Bai,,"Agency for Science, Technology and Research",academic,SG,Silicon carbide: a versatile CMOS-compatible material for integrated nonlinear and quantum photonics,2026,https://doi.org/10.1007/s44519-026-00007-5,PhotoniX Synergy,first,diamond photonics thermal integration,1,0,36
Sameer S. Gajghate,,Raisoni Group of Institutions,academic,IN,Recent advances in single-phase liquid cooling techniques for performance enhancement of microchannel heat sinks: a review,2026,https://doi.org/10.47481/jten.0022,Journal of Thermal Engineering,last,advanced packaging thermal resistance high power,1,0,36
Sheng Liu,,Wuhan University of Technology,academic,CN,Near-junction thermal management for GaN/diamond HEMTs in extreme environments based on multiscale thermal simulation,2026,https://doi.org/10.1016/j.icheatmasstransfer.2026.111225,International Communications in Heat and Mass Transfer,last,GaN-on-diamond thermal management,1,0,36
Shengnan Ji,0009-0007-7967-0048,Harbin Institute of Technology,academic,CN,Interfacial Mechanical Properties and Optimization of GaN/Diamond Heterostructures via Machine Learning Potential,2026,https://doi.org/10.1021/acs.jpcc.6c00699,The Journal of Physical Chemistry C,first,GaN-on-diamond thermal management,1,0,36
Shijie Guo,0000-0002-1335-2852,Wuhan University of Technology,academic,CN,Shear-strain-dependent thermal conductivity of diamond explored via a machine learning potential,2026,https://doi.org/10.1063/5.0336299,Applied Physics Letters,first,diamond heat spreader electronics,1,0,36
Shiming Li,0000-0003-0977-040X,Wuhan University,academic,CN,Record- low thermal boundary resistance of GaN-on-diamond structure with ultra-high bonding rate via surface reconstruction bonding technique,2026,https://doi.org/10.1016/j.jallcom.2026.186906,Journal of Alloys and Compounds,first,GaN-on-diamond thermal management,1,0,36
Shou-I Chen,,National Formosa University,academic,TW,Numerical investigation of tesla valve-based liquid cooling system with diamond substrate and thermal interface materials for high-power GaN device thermal management,2026,https://doi.org/10.1016/j.rineng.2026.112261,Results in Engineering,first,GaN-on-diamond thermal management,1,0,36
Shuai Wang,,Nanjing University,academic,CN,Experimental study on transient temperature rise characteristics of RF GaN HEMTs,2026,https://doi.org/10.1016/j.microrel.2026.116185,Microelectronics Reliability,first,GaN HEMT self-heating junction temperature,1,0,36
Sicheng Tan,,Shenzhen Technology University,academic,CN,Enhanced thermal performances of high-power LED by diamond packaging,2026,https://doi.org/10.1016/j.diamond.2026.113352,Diamond and Related Materials,first,diamond heat spreader electronics,1,0,36
Subramani Narayanasarma,0000-0001-5232-382X,Easwari Engineering College,academic,,hBN-rich graphene oxide–based hybrid thermal interface materials for enhanced insulation and thermal stability in electronic packaging,2026,https://doi.org/10.1007/s10854-026-17292-y,Journal of Materials Science Materials in Electronics,last,advanced packaging thermal resistance high power,1,0,36
Taeyeon Kim,0000-0001-9891-3016,Sungkyunkwan University,academic,KR,Phonon thermal transport and cooling limits in submicron heteroepitaxial β-Ga2O3 films on SiC,2026,https://doi.org/10.1016/j.actamat.2026.122020,Acta Materialia,first,GaN-on-diamond thermal management,1,0,36
Tao Shi,,Nanjing University of Posts and Telecommunications,academic,CN,Thermal–Electrical Fusion for Real-Time Condition Monitoring of IGBT Modules in Transportation Systems,2026,https://doi.org/10.3390/mi17020154,Micromachines,last,IGBT module baseplate thermal fatigue,1,0,36
Tiwei Wei,0000-0003-3167-1440,"University of California, Los Angeles",academic,US,"Special Section on Silicon-Package-Rack-Data Center Thermal Management: Challenges, Opportunities, and Solutions",2026,https://doi.org/10.1115/1.4071357,Journal of Electronic Packaging,first,co-packaged optics thermal management,1,0,36
Tong Zhang,,Ministry of Education of the People's Republic of China,academic,CN,Non-Dewetting Cu@Ag Bimodal Nanoparticle Paste and Low-Temperature Pressureless Sintering for Electronic Packaging,2026,https://doi.org/10.1021/acsanm.5c05775,ACS Applied Nano Materials,last,advanced packaging thermal resistance high power,1,0,36
Wei Du,,University of Science and Technology Beijing,academic,CN,Rational thermal design of 2.5D heterogeneously integrated systems via topology optimization coupled with micro-rib texturing,2026,https://doi.org/10.1016/j.ijheatmasstransfer.2026.129202,International Journal of Heat and Mass Transfer,first,advanced packaging thermal resistance high power,1,0,36
Weihua Chen,,Guangdong University of Technology,academic,CN,"A comprehensive review on high-performance vapor chambers: Challenges, mechanisms, and future perspectives",2026,https://doi.org/10.1016/j.applthermaleng.2026.131716,Applied Thermal Engineering,first,advanced packaging thermal resistance high power,1,0,36
Wenzhu Luo,,Nanjing University of Information Science and Technology,academic,CN,Effect of interlayer material and thickness on interfacial thermal transport on GaN/diamond heterostructures,2026,https://doi.org/10.1016/j.ijthermalsci.2026.111209,International Journal of Thermal Sciences,first,thermal boundary resistance GaN diamond,1,0,36
Winges Fatima,,Shenzhen University,academic,CN,Next-generation electronic packaging materials: thermal-dielectric properties and design strategies in PI and PTFE-based composites,2026,https://doi.org/10.1007/s42114-026-01849-w,Advanced Composites and Hybrid Materials,first,advanced packaging thermal resistance high power,1,0,36
X. Zhang,,Rice University,academic,US,Diamond Epilayers with Subnanometer Surface Roughness for Enhanced Device Performance,2026,https://doi.org/10.1021/acsaelm.5c02384,ACS Applied Electronic Materials,first,CVD diamond substrate power electronics,1,0,36
Xiang Yuan,,Xi’an University,academic,CN,The mechanism of electrolyte temperature in modulating electrical insulation and thermal conductivity of anodic oxide coatings on 6061 aluminum alloy,2026,https://doi.org/10.1016/j.surfcoat.2026.133452,Surface and Coatings Technology,first,advanced packaging thermal resistance high power,1,0,36
Xiang Zhang,,Rice University,academic,US,Scalable selective-area diamond growth for thermal management applications,2026,https://doi.org/10.1063/5.0319930,Applied Physics Letters,first,GaN-on-diamond thermal management,1,0,36
Xiang Zheng,0000-0003-4288-1865,University of Bristol,academic,GB,Analysis of Heat Diffusion in GaN/3C-SiC/Diamond HEMTs for Design Optimization,2026,https://doi.org/10.1109/ted.2025.3649191,IEEE Transactions on Electron Devices,first,GaN-on-diamond thermal management,1,0,36
Xiaozhuang Lu,0000-0003-2922-0165,Beijing University of Technology,academic,CN,Micro-array-enhanced structure–function analysis of effective thermal boundary resistance in GaN/SiN <i>x</i> /diamond heterostructures,2026,https://doi.org/10.1063/5.0333406,Applied Physics Letters,first,thermal boundary resistance GaN diamond,1,0,36
Xing Chen,,Henan University of Technology,academic,CN,"Nanocopper-based low-temperature interconnection technology: advances in material systems, sintering mechanisms and packaging applications",2026,https://doi.org/10.1108/ssmt-01-2026-0006,Soldering and Surface Mount Technology,last,advanced packaging thermal resistance high power,1,0,36
Xing Gu,,Southeast University,academic,CN,RNSG-Assisted Growth of Diamond on GaN Using Ultrathin AlN Interlayers,2026,https://doi.org/10.1007/s11664-026-12825-x,Journal of Electronic Materials,last,GaN-on-diamond thermal management,1,0,36
Xingye Zhou,0000-0002-3806-8647,Hebei Semiconductor Research Institute,academic,CN,X-Band GaN HEMTs on Diamond Substrate With Record RF Output Power Density of 25 W/mm and Low Channel Temperature,2026,https://doi.org/10.1109/ted.2026.3691328,IEEE Transactions on Electron Devices,first,thermal boundary resistance GaN diamond,1,0,36
Xinyu Liu,,Institute of Microelectronics,academic,SG,Low thermal boundary resistance and reduced junction temperature in GaN HEMTs via AlN-mediated top-side diamond integration,2026,https://doi.org/10.1088/1361-6641/ae5ccc,Semiconductor Science and Technology,last,GaN-on-diamond thermal management,1,0,36
Xinyu Liu,,Chinese Academy of Sciences,academic,CN,Investigation of N-polar GaN-diamond heterogeneous integration enabled by in-situ sputtered aluminum nitride interlayer,2026,https://doi.org/10.1016/j.diamond.2026.113310,Diamond and Related Materials,last,thermal boundary resistance GaN diamond,1,0,36
Xue-Feng Wu,,Beijing Microelectronics Technology Institute,academic,CN,β-Ga2O3 diodes with ultra-high surge current enabled by Ag/AMB-AlN flip-chip packaging,2026,https://doi.org/10.1016/j.jnlest.2026.100347,Journal of Electronic Science and Technology,last,advanced packaging thermal resistance high power,1,0,36
Y J Zheng,,Nanjing University,academic,CN,Advances and challenges in single crystal diamond growth via microwave plasma chemical vapor deposition,2026,https://doi.org/10.1080/26941112.2026.2669069,Functional Diamond,last,CVD diamond substrate power electronics,1,0,36
Yang Lu,,Institut de Recherche et d’Innovation,academic,FR,Diamond Sensor Technologies: From Multi Stimulus to Quantum,2026,https://doi.org/10.3390/mi17010118,Micromachines,last,diamond photonics thermal integration,1,0,36
Ye Tian,,Chinese Academy of Sciences,academic,CN,Investigation of N-polar GaN-diamond heterogeneous integration enabled by in-situ sputtered aluminum nitride interlayer,2026,https://doi.org/10.1016/j.diamond.2026.113310,Diamond and Related Materials,first,thermal boundary resistance GaN diamond,1,0,36
Ye Tian,,Henan University of Technology,academic,CN,"Nanocopper-based low-temperature interconnection technology: advances in material systems, sintering mechanisms and packaging applications",2026,https://doi.org/10.1108/ssmt-01-2026-0006,Soldering and Surface Mount Technology,first,advanced packaging thermal resistance high power,1,0,36
Yeji Lee,0009-0009-9655-2961,Konkuk University,academic,KR,"Interfacial anchoring via thin –OH functional enables hydration-resistant, enhanced thermal conductivity MgO composites",2026,https://doi.org/10.1016/j.apsusc.2026.166922,Applied Surface Science,first,advanced packaging thermal resistance high power,1,0,36
Yi Zhong,,Xiamen University of Technology,academic,CN,Reliable thermal management of high-power semiconductor lasers based on nano-silver sintering diamonds,2026,https://doi.org/10.1016/j.mtcomm.2025.114613,Materials Today Communications,last,advanced packaging thermal resistance high power,1,0,36
Yilin Lei,,Michigan State University,academic,US,Advances and future perspectives of diamond microchannel heat sinks for high heat flux thermal management,2026,https://doi.org/10.1016/j.applthermaleng.2026.131241,Applied Thermal Engineering,first,GaN-on-diamond thermal management,1,0,36
Yingwu Luo,0000-0003-2487-5226,State Key Laboratory of Chemical Engineering,academic,CN,A flexible and electrically insulative thermal interface material with ultrahigh liquid metal loading via high internal phase strategy,2026,https://doi.org/10.1016/j.cej.2026.179904,Chemical Engineering Journal,last,advanced packaging thermal resistance high power,1,0,36
Yong Kang,0000-0003-0991-5314,Huazhong University of Science and Technology,academic,CN,Near-junction cooling technology for SiC power modules driven in-situ by thermoelectric effect,2026,https://doi.org/10.1016/j.applthermaleng.2026.132201,Applied Thermal Engineering,last,near-junction thermal management high power density,1,0,36
Yong Kang,,Huazhong University of Science and Technology,academic,CN,Trimodal mediated superior sintering and fracture resistance mechanism in nano-metal interconnection,2026,https://doi.org/10.1016/j.matdes.2026.116221,Materials & Design,last,advanced packaging thermal resistance high power,1,0,36
Yong Shuai,,Harbin Institute of Technology,academic,CN,Interfacial Mechanical Properties and Optimization of GaN/Diamond Heterostructures via Machine Learning Potential,2026,https://doi.org/10.1021/acs.jpcc.6c00699,The Journal of Physical Chemistry C,last,GaN-on-diamond thermal management,1,0,36
Yongjun Huo,0000-0001-6367-0501,Beijing Institute of Technology,academic,CN,Emerging Advanced Electronic Packaging Materials for Thermal Management in Power Electronics,2026,https://doi.org/10.1002/advs.202524348,Advanced Science,first,advanced packaging thermal resistance high power,1,0,36
Yong‐Ho Choa,0000-0002-1254-3593,Hanyang University,academic,KR,"Interfacial anchoring via thin –OH functional enables hydration-resistant, enhanced thermal conductivity MgO composites",2026,https://doi.org/10.1016/j.apsusc.2026.166922,Applied Surface Science,last,advanced packaging thermal resistance high power,1,0,36
Yuan Li,,Xidian University,academic,CN,Engineering thermal transport across GaN/diamond interfaces: multifactor regulation and phonon bridge mechanisms elucidated by molecular dynamics,2026,https://doi.org/10.1016/j.apsusc.2026.166260,Applied Surface Science,first,thermal boundary resistance GaN diamond,1,0,36
Yuan Li,,Wuhan University of Technology,academic,CN,Micro-array-enhanced structure–function analysis of effective thermal boundary resistance in GaN/SiN <i>x</i> /diamond heterostructures,2026,https://doi.org/10.1063/5.0333406,Applied Physics Letters,last,thermal boundary resistance GaN diamond,1,0,36
Yue Hao,0000-0001-7876-8878,Xidian University,academic,CN,MD-modified DMM analysis of thermal boundary resistance in diamond/GaN heterostructures,2026,https://doi.org/10.1063/5.0325406,Applied Physics Letters,last,GaN-on-diamond thermal management,1,0,36
Yue Hao,,Xidian University,academic,CN,Impact of Carbon Diffusion Induced Stress on the Properties of Diamond/GaN Heterojunctions,2026,https://doi.org/10.3390/nano16040241,Nanomaterials,last,GaN-on-diamond thermal management,1,0,36
Yue Hao,,Xidian University,academic,CN,Record- low thermal boundary resistance of GaN-on-diamond structure with ultra-high bonding rate via surface reconstruction bonding technique,2026,https://doi.org/10.1016/j.jallcom.2026.186906,Journal of Alloys and Compounds,last,GaN-on-diamond thermal management,1,0,36
Yue Hao,,Xidian University,academic,CN,Recent Advances in Diamond-Capped GaN HEMTs for RF Application,2026,https://doi.org/10.3390/nano16040224,Nanomaterials,last,thermal boundary resistance GaN diamond,1,0,36
Yue Hao,,Xidian University,academic,CN,Recent progress on GaN-on-GaN technology for RF applications,2026,https://doi.org/10.1088/1361-6463/ae74df,Journal of Physics D Applied Physics,last,advanced packaging thermal resistance high power,1,0,36
Yutao Fang,,Fudan University,academic,CN,High-thermal-conductivity polycrystalline diamond grown on GaN via a cyclic-methane-modulation-assisted strategy,2026,https://doi.org/10.1063/5.0340227,Applied Physics Letters,first,thermal boundary resistance GaN diamond,1,0,36
Yu‐Lin Song,0000-0002-9539-588X,Asia University,academic,TW,Numerical investigation of tesla valve-based liquid cooling system with diamond substrate and thermal interface materials for high-power GaN device thermal management,2026,https://doi.org/10.1016/j.rineng.2026.112261,Results in Engineering,last,GaN-on-diamond thermal management,1,0,36
Z. Chen,,Suzhou University of Science and Technology,academic,CN,Non-Dewetting Cu@Ag Bimodal Nanoparticle Paste and Low-Temperature Pressureless Sintering for Electronic Packaging,2026,https://doi.org/10.1021/acsanm.5c05775,ACS Applied Nano Materials,first,advanced packaging thermal resistance high power,1,0,36
Zhandi Yang,,Nanyang Technological University,academic,SG,Thermal Management Challenges and the Role of Thermal Interface Materials in Advanced Packaging,2026,https://doi.org/10.62051/ajmse.v1n3.08,Academic Journal of Management Science and Engineering,first,advanced packaging thermal resistance high power,1,0,36
Zhanpeng Sun,,Wuhan University of Technology,academic,CN,Multiscale investigation of thermal transport in β-Ga2O3-based heterointerfaces enabled by machine learning potential: cross-scale parameter,2026,https://doi.org/10.1038/s41524-026-02007-y,npj Computational Materials,first,diamond heat spreader electronics,1,0,36
Zheng Zeng,,,unknown,,Liquid Metal Based Soft-Connected Packaging of Press-Pack SiC Power Module for Pressureless Interconnection and Double-Sided Cooling,2026,https://doi.org/10.1109/tpel.2026.3660323,IEEE Transactions on Power Electronics,last,advanced packaging thermal resistance high power,1,0,36
Zhihao Zhou,0000-0003-3936-3717,Zhejiang University,academic,CN,Heat flux-dependent partial discharge behavior in a two-phase fluorinated liquid: Role of the microstructured heating surface,2026,https://doi.org/10.1063/5.0319532,Applied Physics Letters,first,near-junction thermal management high power density,1,0,36
Zhihong Feng,0000-0001-7275-8388,Hebei Semiconductor Research Institute,academic,CN,X-Band GaN HEMTs on Diamond Substrate With Record RF Output Power Density of 25 W/mm and Low Channel Temperature,2026,https://doi.org/10.1109/ted.2026.3691328,IEEE Transactions on Electron Devices,last,thermal boundary resistance GaN diamond,1,0,36
Zhikuang Cai,,Nanjing University of Posts and Telecommunications,academic,CN,Research on Intelligent Thermal Optimization for Chiplet-Based Heterogeneously Integrated AI Chip Embedded with Leaf-Vein-Inspired Fractal Microchannels,2026,https://doi.org/10.3390/ma19040679,Materials,last,chiplet package thermal hotspot mitigation,1,0,36
Zhiping Xu,0000-0002-2833-1966,Tsinghua University,academic,CN,Real-time 3D thermal prediction for advanced packaging via machine learning,2026,https://doi.org/10.1016/j.ijheatmasstransfer.2026.128936,International Journal of Heat and Mass Transfer,last,advanced packaging thermal resistance high power,1,0,36
Zi-Huang Yuan,,Anhui University,academic,CN,"High-performance multifunctional fGNs@PDA/PVA composites with superior thermal conductivity, electromagnetic interference shielding, and mechanical strength for advanced thermal management applications",2026,https://doi.org/10.1016/j.jallcom.2026.190182,Journal of Alloys and Compounds,first,advanced packaging thermal resistance high power,1,0,36
Zi-Lin Hao,,Beijing Microelectronics Technology Institute,academic,CN,β-Ga2O3 diodes with ultra-high surge current enabled by Ag/AMB-AlN flip-chip packaging,2026,https://doi.org/10.1016/j.jnlest.2026.100347,Journal of Electronic Science and Technology,first,advanced packaging thermal resistance high power,1,0,36
Zihan Zhang,,Delft University of Technology,academic,NL,Topology-optimised near-chip microfluidic cooling for high power electronics,2026,https://doi.org/10.1016/j.csite.2026.108358,Case Studies in Thermal Engineering,first,advanced packaging thermal resistance high power,1,0,36
Zongchen Liu,0000-0001-9655-6908,Nanyang Institute of Technology,academic,CN,Enhanced thermal conductivity of SiC-coated diamond/Al composites for heat dissipation interfaces in power modules,2026,https://doi.org/10.1590/1517-7076-rmat-2026-0041,Matéria (Rio de Janeiro),first,GaN-on-diamond thermal management,1,0,36
A. Revathy,0000-0001-5938-9143,Indian Institute of Management Visakhapatnam,academic,IN,Recent advancement in β-Ga2O3 MOSFETs: From material growth to device architectures for high-power electronics,2025,https://doi.org/10.1016/j.mee.2025.112359,Microelectronic Engineering,last,diamond heat spreader electronics,1,0,36
A.K. Mallik,0000-0003-0499-7269,Nanyang Technological University,academic,SG,LACVD growth of diamond on gallium nitride substrates with PH3 in recipe,2025,https://doi.org/10.3389/fenrg.2024.1413495,Frontiers in Energy Research,first,GaN-on-diamond thermal management,1,0,36
Ajit K. Roy,0000-0002-3344-7437,United States Air Force Research Laboratory,academic,US,Design of Cu/Zr Alloy Interface for Enhanced Thermal Fatigue Performance in Electronic Packaging,2025,https://doi.org/10.1021/acsomega.5c06959,ACS Omega,last,advanced packaging thermal resistance high power,1,0,36
Ajit K. Roy (1465405),,,unknown,,Design of Cu/ZrAlloy Interface for Enhanced ThermalFatigue Performance in Electronic Packaging,2025,https://doi.org/10.1021/acsomega.5c06959.s001,Figshare,last,advanced packaging thermal resistance high power,1,0,36
Alexander A. Guda,0000-0002-6941-4987,Southern Federal University,academic,RU,Diamond-based composites with embedded core-shell β-NaGdF4:Eu nanoparticles: synthesis and luminescent characteristics,2025,https://doi.org/10.1016/j.diamond.2025.113062,Diamond and Related Materials,last,diamond photonics thermal integration,1,0,36
Baohao Yang,,University of Science and Technology of China,academic,CN,Synergistic Liquid Metal-Diamond-Reinforced Poly(ionic liquid) Composites for High Thermal Conductivity and Excellent Reliability,2025,https://doi.org/10.1021/acsami.5c07014,ACS Applied Materials & Interfaces,first,advanced packaging thermal resistance high power,1,0,36
Baohao Yang (19450664),,,unknown,,Synergistic LiquidMetal-Diamond-Reinforced Poly(ionicliquid) Composites for High Thermal Conductivity and Excellent Reliability,2025,https://doi.org/10.1021/acsami.5c07014.s001,Figshare,first,advanced packaging thermal resistance high power,1,0,36
Bowen Yu,0009-0001-2612-7486,University of Wisconsin–Milwaukee,academic,US,"3D Optoelectronics and Co-Packaged Optics: Innovations, Challenges, and Future Trends",2025,https://doi.org/10.1109/jstqe.2025.3641790,IEEE Journal of Selected Topics in Quantum Electronics,last,co-packaged optics thermal management,1,0,36
C.P. Wong,0000-0003-3556-8053,Georgia Institute of Technology,academic,US,In Situ Generated Silver Nanoparticles on Boron Nitride Nanosheets Followed by Silane Modification in High‐Performance Epoxy Nanocomposites for Advanced Packaging Applications,2025,https://doi.org/10.1002/aelm.202500245,Advanced Electronic Materials,last,advanced packaging thermal resistance high power,1,0,36
Chiharu Moriyama,,Osaka Prefecture University,academic,JP,Direct Integration of Polycrystalline Diamond With 3C‐SiC for Enhanced Thermal Management in GaN HEMTs: Impact of Grain Structure and Interface Engineering,2025,https://doi.org/10.1002/admt.202500437,Advanced Materials Technologies,first,GaN-on-diamond thermal management,1,0,36
Chuanyu Song,0009-0007-7051-5738,Shandong University of Technology,academic,CN,Mechanism analysis of strengthening interfacial thermal conductance of w-AlN/Graphene/3C-SiC typical heterostructure by graphene interlayer bonding,2025,https://doi.org/10.1016/j.ceramint.2025.02.116,Ceramics International,first,GaN-on-diamond thermal management,1,0,36
El Mehdi Abbara,,Binghamton University,academic,US,Robust Printed Interconnects for Harsh Environments,2025,https://doi.org/10.37665/smgkpyr29728,SMTA International,last,advanced packaging thermal resistance high power,1,0,36
Errol Porter,,University of Arkansas at Fayetteville,academic,US,"Custom, High Density Power Modules Enabled by Thermal Integration Technologies",2025,https://doi.org/10.4071/001c.129114,IMAPSource Proceedings,first,advanced packaging thermal resistance high power,1,0,36
Euichul Chung,0000-0001-7602-5069,Georgia Institute of Technology,academic,US,Integrated Microfluidic Cooling of Heterogeneous HBM–GPU Package With Die Height Difference,2025,https://doi.org/10.1109/tcpmt.2025.3605312,IEEE Transactions on Components Packaging and Manufacturing Technology,first,advanced packaging thermal resistance high power,1,0,36
Feng Wang,,Shanghai University,academic,CN,Atomic-scale substitutional defect engineering for significant enhancement of thermal transport at GaN/diamond interfaces,2025,https://doi.org/10.1016/j.carbon.2025.121221,Carbon,first,GaN-on-diamond thermal management,1,0,36
G.H. Tang,0000-0002-7881-2573,Xi'an Jiaotong University,academic,CN,Electron-phonon coupled nonequilibrium thermal transport in Cu/GaN heterojunctions with fractal rough interfaces,2025,https://doi.org/10.1103/bbhd-4jwg,Physical review. B./Physical review. B,last,thermal boundary resistance GaN diamond,1,0,36
Gamze Egin Martin,0000-0002-8168-2896,,unknown,,Advanced cooling system designs and thermal management for wide-bandgap-based power electronics in electric vehicles,2025,,VUBIR (Vrije Universiteit Brussel),first,advanced packaging thermal resistance high power,1,0,36
Gang Niu,0000-0002-8813-8885,Xi'an Jiaotong University,academic,CN,Accurate operando measurement of AlGaN/GaN HEMTs channel temperature and optimization of thermal design,2025,https://doi.org/10.1088/1361-6528/adafaf,Nanotechnology,last,GaN-on-diamond thermal management,1,0,36
Guangxian Li,0000-0002-3443-2093,Ingenierie des Materiaux polymeres,academic,FR,Failure from Within: Volatiles from polymer aging trigger electronic corrosion,2025,https://doi.org/10.1016/j.polymdegradstab.2025.111779,Polymer Degradation and Stability,last,advanced packaging thermal resistance high power,1,0,36
Guangzheng Zhang,0009-0009-7811-065X,Shandong University,academic,CN,Transistor-level thermal management in wide and ultra-wide bandgap power semiconductor transistors: A review,2025,https://doi.org/10.1016/j.ijthermalsci.2025.110200,International Journal of Thermal Sciences,first,near-junction thermal management high power density,1,0,36
Gyuyeon Han,0009-0009-1634-2455,Soongsil University,academic,KR,Thermal Management of Wide-Bandgap Power Semiconductors: Strategies and Challenges in SiC and GaN Power Devices,2025,https://doi.org/10.3390/electronics14214193,Electronics,first,near-junction thermal management high power density,1,0,36
H.Y. Yu,0000-0002-1527-8756,Shenzhen Polytechnic University,academic,CN,Numerical Investigation on Electrothermal Performance of AlGaN/GaN HEMTs with Nanocrystalline Diamond/SiNx Trench Dual-Passivation Layers,2025,https://doi.org/10.3390/nano15080574,Nanomaterials,last,GaN HEMT self-heating junction temperature,1,0,36
Haiyun Xue,0000-0001-5007-3089,Institute of Microelectronics,academic,SG,Simulation and experimental investigation of liquid-cooling thermal management for high-bandwidth co-packaged optics,2025,https://doi.org/10.1007/s12200-025-00156-4,Frontiers of Optoelectronics,last,co-packaged optics thermal management,1,0,36
Hao Chen,0000-0001-9069-3290,Huazhong University of Science and Technology,academic,CN,Fabrication of Multilayer Ceramic Substrates via Low-Temperature Cu–Cu Bonding Using Gold Passivation Layer,2025,https://doi.org/10.1109/led.2025.3613288,IEEE Electron Device Letters,first,advanced packaging thermal resistance high power,1,0,36
He Wang,0000-0001-7229-6152,PLA Electronic Engineering Institute,academic,CN,Transient liquid phase sintering with nanophase reinforcement enables silver joints with low thermal resistance and high shear strength,2025,https://doi.org/10.1016/j.intermet.2025.109059,Intermetallics,last,advanced packaging thermal resistance high power,1,0,36
Huanran Wang,0000-0002-7579-7216,Donghua University,academic,CN,Interface-Driven Electrothermal Degradation in GaN-on-Diamond High Electron Mobility Transistors,2025,https://doi.org/10.3390/nano15141114,Nanomaterials,first,GaN-on-diamond thermal management,1,0,36
Huijuan Liu,0000-0003-0855-0202,Shenzhen Institutes of Advanced Technology,academic,CN,Laser-induced broad-spectrum strong absorption multiscale carbon-based nanofilms for photonic debonding based on the spatial confinement effect,2025,https://doi.org/10.1088/2631-7990/ae1db8,International Journal of Extreme Manufacturing,first,advanced packaging thermal resistance high power,1,0,36
Ilan Pinkus,0009-0002-0678-4363,University of Illinois Urbana-Champaign,academic,US,Ultra-low thermal resistance and pressure drop copper and copper-tungsten diamond-shaped pin fin cold plates for liquid cooling of electronics,2025,https://doi.org/10.1016/j.ijheatmasstransfer.2025.128080,International Journal of Heat and Mass Transfer,first,diamond heat spreader electronics,1,0,36
Ioannis Varveris,,QuTech,academic,NL,Strain Effects in a Directly Bonded Diamond‐on‐Insulator Substrate,2025,https://doi.org/10.1002/pssa.202500277,physica status solidi (a),first,diamond photonics thermal integration,1,0,36
J. B. Ferguson,0000-0002-9705-4368,United States Air Force Research Laboratory,academic,US,Design of Cu/Zr Alloy Interface for Enhanced Thermal Fatigue Performance in Electronic Packaging,2025,https://doi.org/10.1021/acsomega.5c06959,ACS Omega,first,advanced packaging thermal resistance high power,1,0,36
Jae‐Woong Jeong,0000-0001-7607-5453,Korea Advanced Institute of Science and Technology,academic,KR,Recent Advances in Skin‐Mounted Electronics,2025,https://doi.org/10.1002/aelm.202500316,Advanced Electronic Materials,last,advanced packaging thermal resistance high power,1,0,36
Janak Sharda,0000-0002-1438-2439,Georgia Institute of Technology,academic,US,3-D Stacked HBM and Compute Accelerators for LLM: Optimizing Thermal Management and Power Delivery Efficiency,2025,https://doi.org/10.1109/jxcdc.2025.3617298,IEEE Journal on Exploratory Solid-State Computational Devices and Circuits,first,advanced packaging thermal resistance high power,1,0,36
Jiahao Gao,0009-0005-2602-6596,Beijing University of Chemical Technology,academic,CN,<scp>3D</scp> Printed Boron Nitride‐Filled Continuous Carbon Fiber/Epoxy Resin Composites With Ultra‐High Thermal Conductivity and Favorable Mechanical Property,2025,https://doi.org/10.1002/pc.70182,Polymer Composites,first,advanced packaging thermal resistance high power,1,0,36
Jiajun Zhou,0000-0002-0629-2329,Xidian University,academic,CN,Recent Advances in Device-Level Thermal Management Technologies for Wide Bandgap Semiconductor: A Review,2025,https://doi.org/10.1109/ted.2025.3562506,IEEE Transactions on Electron Devices,first,advanced packaging thermal resistance high power,1,0,36
Jincheng ZHANG,,,unknown,,GaN-based lateral diode with nanocrystalline diamond passivation layer,2025,https://doi.org/10.7498/aps.74.20250523,Acta Physica Sinica,last,GaN-on-diamond thermal management,1,0,36
Jincheng Zhang,0000-0001-7332-6704,Xidian University,academic,CN,Recent Advances in Device-Level Thermal Management Technologies for Wide Bandgap Semiconductor: A Review,2025,https://doi.org/10.1109/ted.2025.3562506,IEEE Transactions on Electron Devices,last,advanced packaging thermal resistance high power,1,0,36
John B. Ferguson (1885909),,,unknown,,Design of Cu/ZrAlloy Interface for Enhanced ThermalFatigue Performance in Electronic Packaging,2025,https://doi.org/10.1021/acsomega.5c06959.s001,Figshare,first,advanced packaging thermal resistance high power,1,0,36
Joshua Bader,,Centre for Quantum Computation and Communication Technology,academic,AU,Photoluminescence Properties of Ion-Implanted Er<sup>3+</sup> Defects in 4H-SiCOI for Integrated Quantum Photonics,2025,https://doi.org/10.1021/acsanm.5c00085,ACS Applied Nano Materials,first,diamond photonics thermal integration,1,0,36
Joshua Bader (6791972),,,unknown,,PhotoluminescenceProperties of Ion-Implanted Er<sup>3+</sup> Defects in 4H-SiCOI forIntegrated Quantum Photonics,2025,https://doi.org/10.1021/acsanm.5c00085.s001,Figshare,first,diamond photonics thermal integration,1,0,36
Kaijun Shen,,Ingenierie des Materiaux polymeres,academic,FR,Failure from Within: Volatiles from polymer aging trigger electronic corrosion,2025,https://doi.org/10.1016/j.polymdegradstab.2025.111779,Polymer Degradation and Stability,first,advanced packaging thermal resistance high power,1,0,36
Kangkai Fan,,Shenzhen University,academic,CN,GaN-on-diamond technology for next-generation power devices,2025,https://doi.org/10.1007/s44275-024-00022-z,Moore and More,first,GaN-on-diamond thermal management,1,0,36
Ke Li,0000-0002-2954-1383,Harbin Institute of Technology,academic,CN,Thermal structure analysis of the TP-HDPS in High-Power Chip: Their application to GaN HEMTs,2025,https://doi.org/10.1016/j.ijheatmasstransfer.2025.126756,International Journal of Heat and Mass Transfer,first,GaN-on-diamond thermal management,1,0,36
Ken Haenen,0000-0001-6711-7367,IMEC,academic,BE,LACVD growth of diamond on gallium nitride substrates with PH3 in recipe,2025,https://doi.org/10.3389/fenrg.2024.1413495,Frontiers in Energy Research,last,GaN-on-diamond thermal management,1,0,36
Kesheng Guo,,Ji Hua Laboratory,academic,CN,Novel diamond and Ta C composite coatings for efficient heat dissipation in GaN semiconductor devices,2025,https://doi.org/10.1016/j.surfcoat.2025.131784,Surface and Coatings Technology,first,GaN-on-diamond thermal management,1,0,36
Li Ran,0000-0002-9626-6799,Chongqing University,academic,CN,Transient Thermal Characterization and Assessment of Power Module With Encapsulated Phase Change Material Toward Overload Capability,2025,https://doi.org/10.1109/tpel.2025.3594604,IEEE Transactions on Power Electronics,last,advanced packaging thermal resistance high power,1,0,36
Long Wang,0009-0003-9330-6163,University of Electronic Science and Technology of China,academic,CN,"Nonmonotonic Instability of <i>V</i> <sub>TH</sub> and <i>R</i> <sub>ds,on</sub> in 650 V Schottky-Type p-GaN Gate HEMTs Under Short-Circuit: The Effect of Electric Field and Thermal Dynamics",2025,https://doi.org/10.1109/ted.2025.3632816,IEEE Transactions on Electron Devices,first,GaN HEMT self-heating junction temperature,1,0,36
Longbing Yi,,Xidian University,academic,CN,Enhanced cooling model for GaN HEMT based on thermoelectric cooler,2025,https://doi.org/10.1016/j.applthermaleng.2025.125576,Applied Thermal Engineering,first,GaN HEMT self-heating junction temperature,1,0,36
M. D. Atrey,,Indian Institute of Technology Bombay,academic,IN,Experimental and numerical investigation of LTCC-based liquid cold plate for high-performance computing processors,2025,https://doi.org/10.1016/j.applthermaleng.2025.128052,Applied Thermal Engineering,last,advanced packaging thermal resistance high power,1,0,36
Man Li,0000-0002-2799-3431,"University of California, Los Angeles",academic,US,Advancing Thermal Management Technology for Power Semiconductors through Materials and Interface Engineering,2025,https://doi.org/10.1021/accountsmr.4c00349,Accounts of Materials Research,first,GaN-on-diamond thermal management,1,0,36
Mark Poliks,,Binghamton University,academic,US,Robust Printed Interconnects for Harsh Environments,2025,https://doi.org/10.37665/smgkpyr29728,SMTA International,first,advanced packaging thermal resistance high power,1,0,36
Mingfei Mu,0000-0002-8011-327X,Shandong University of Science and Technology,academic,CN,Hotspots thermal management for gallium nitride monolithic microwave integrated circuit power amplifier using integrated micro-jet and multi-shape micro Pin-fin heat sinks,2025,https://doi.org/10.1016/j.ijheatmasstransfer.2025.128152,International Journal of Heat and Mass Transfer,last,GaN-on-diamond thermal management,1,0,36
Mingshuo Zhu,0009-0007-8381-3873,City University of Hong Kong,academic,HK,Electrothermal Circuit Modeling and Practical Evaluation of GaN Power Switches for Mega-Hertz Soft-Switching Operation,2025,https://doi.org/10.1109/tpel.2025.3642289,IEEE Transactions on Power Electronics,first,GaN HEMT self-heating junction temperature,1,0,36
Mingxiang Chen,0000-0003-0807-9887,Huazhong University of Science and Technology,academic,CN,Fabrication of Multilayer Ceramic Substrates via Low-Temperature Cu–Cu Bonding Using Gold Passivation Layer,2025,https://doi.org/10.1109/led.2025.3613288,IEEE Electron Device Letters,last,advanced packaging thermal resistance high power,1,0,36
Mohammad Kokash,,University of Arkansas at Fayetteville,academic,US,Electro-Thermal Characterization of Dielectric Fluids for Reliable Two-Phase Immersion Cooling of Medium-to-High Voltage Power Electronics,2025,,Journal of the Arkansas Academy of Science,first,near-junction thermal management high power density,1,0,36
Ning Zhao,0000-0001-5509-4989,Dalian University of Technology,academic,CN,Accelerated TLPD bonding of reliable IMCs micro joints using Cu–8Ni substrate under thermal gradient: Experiments and theoretical calculations,2025,https://doi.org/10.1016/j.jmrt.2025.01.057,Journal of Materials Research and Technology,last,advanced packaging thermal resistance high power,1,0,36
P. Murugapandiyan,,Indian Institute of Management Visakhapatnam,academic,IN,Recent advancement in β-Ga2O3 MOSFETs: From material growth to device architectures for high-power electronics,2025,https://doi.org/10.1016/j.mee.2025.112359,Microelectronic Engineering,first,diamond heat spreader electronics,1,0,36
Parikshit Badhe,,Indian Institute of Technology Bombay,academic,IN,Experimental and numerical investigation of LTCC-based liquid cold plate for high-performance computing processors,2025,https://doi.org/10.1016/j.applthermaleng.2025.128052,Applied Thermal Engineering,first,advanced packaging thermal resistance high power,1,0,36
Peiran Wang,0000-0002-1892-248X,Southern University of Science and Technology,academic,CN,Numerical Investigation on Electrothermal Performance of AlGaN/GaN HEMTs with Nanocrystalline Diamond/SiNx Trench Dual-Passivation Layers,2025,https://doi.org/10.3390/nano15080574,Nanomaterials,first,GaN HEMT self-heating junction temperature,1,0,36
Qi Zhou,0000-0002-9265-126X,University of Electronic Science and Technology of China,academic,CN,"Nonmonotonic Instability of <i>V</i> <sub>TH</sub> and <i>R</i> <sub>ds,on</sub> in 650 V Schottky-Type p-GaN Gate HEMTs Under Short-Circuit: The Effect of Electric Field and Thermal Dynamics",2025,https://doi.org/10.1109/ted.2025.3632816,IEEE Transactions on Electron Devices,last,GaN HEMT self-heating junction temperature,1,0,36
Qinglei Sun,0000-0002-3860-9749,City University of Hong Kong,academic,HK,Influence of temperature on the bonding behavior of GaN on diamond with Ta-Au interlayer: Insights from molecular dynamics simulations,2025,https://doi.org/10.1016/j.diamond.2025.113013,Diamond and Related Materials,last,GaN-on-diamond thermal management,1,0,36
Rui Zhou,0009-0003-0955-259X,University of Science and Technology of China,academic,CN,Ultra-thin spray cooling for high-power-density silicon chips,2025,https://doi.org/10.70401/tx.2026.0014,Thermo-X,first,near-junction thermal management high power density,1,0,36
Ruihua An,0009-0003-2801-7381,Xi'an Jiaotong University,academic,CN,Accurate operando measurement of AlGaN/GaN HEMTs channel temperature and optimization of thermal design,2025,https://doi.org/10.1088/1361-6528/adafaf,Nanotechnology,first,GaN-on-diamond thermal management,1,0,36
Ryoichi Ishihara,0000-0002-2114-4236,QuTech,academic,NL,Strain Effects in a Directly Bonded Diamond‐on‐Insulator Substrate,2025,https://doi.org/10.1002/pssa.202500277,physica status solidi (a),last,diamond photonics thermal integration,1,0,36
Samuel Osei-Amponsah,,University of Ghana,academic,GH,"Wide-Bandgap Semiconductors: A Critical Analysis of GaN, SiC, AlGaN, Diamond, and Ga2O3 Synthesis Methods, Challenges, and Prospective Technological Innovations",2025,https://doi.org/10.70322/ism.2025.10011,Intelligent and sustainable manufacturing,last,GaN-on-diamond thermal management,1,0,36
Senhan Wu,,Chinese Academy of Sciences,academic,CN,Simulation and experimental investigation of liquid-cooling thermal management for high-bandwidth co-packaged optics,2025,https://doi.org/10.1007/s12200-025-00156-4,Frontiers of Optoelectronics,first,co-packaged optics thermal management,1,0,36
Seth Liyanage,,Boston University,academic,US,Alternative to Solder TIM 1 Using Liquid Metal Reinforced with Z-axis Oriented Carbon Fiber,2025,https://doi.org/10.4071/001c.151773,IMAPSource Proceedings,last,advanced packaging thermal resistance high power,1,0,36
Shaoxi Wang,0000-0002-0230-2059,Northwestern Polytechnical University,academic,CN,Liquid metal microfluidic cooling system for high-efficiency thermal management via learning-based genetic algorithm,2025,https://doi.org/10.1016/j.engappai.2025.112324,Engineering Applications of Artificial Intelligence,last,near-junction thermal management high power density,1,0,36
Sheng Liu,0000-0001-6033-078X,Wuhan University,academic,CN,Heat transport exploration through the GaN/diamond interfaces using machine learning potential,2025,https://doi.org/10.1016/j.ijheatmasstransfer.2025.126724,International Journal of Heat and Mass Transfer,last,GaN-on-diamond thermal management,1,0,36
Shih-kang Lin (4899238),,,unknown,,Sonochemical Synthesisof Submicrometer Ga-Based Particles for Cu-to-Cu Interconnection,2025,https://doi.org/10.1021/acsaelm.5c01346.s001,Figshare,last,advanced packaging thermal resistance high power,1,0,36
Shilin Li,,China University of Geosciences (Beijing),academic,CN,Influence of temperature on the bonding behavior of GaN on diamond with Ta-Au interlayer: Insights from molecular dynamics simulations,2025,https://doi.org/10.1016/j.diamond.2025.113013,Diamond and Related Materials,first,GaN-on-diamond thermal management,1,0,36
Shimeng Yu,0000-0002-0068-3652,Georgia Institute of Technology,academic,US,3-D Stacked HBM and Compute Accelerators for LLM: Optimizing Thermal Management and Power Delivery Efficiency,2025,https://doi.org/10.1109/jxcdc.2025.3617298,IEEE Journal on Exploratory Solid-State Computational Devices and Circuits,last,advanced packaging thermal resistance high power,1,0,36
Shu Yuen Ron Hui,0000-0002-5992-6559,City University of Hong Kong,academic,HK,Electrothermal Circuit Modeling and Practical Evaluation of GaN Power Switches for Mega-Hertz Soft-Switching Operation,2025,https://doi.org/10.1109/tpel.2025.3642289,IEEE Transactions on Power Electronics,last,GaN HEMT self-heating junction temperature,1,0,36
Shuhei Fukunaga,0000-0001-6058-2047,The University of Osaka,academic,JP,A Novel Transient Thermal Characterization System for Power Modules,2025,https://doi.org/10.1109/jestpe.2025.3561893,IEEE Journal of Emerging and Selected Topics in Power Electronics,first,advanced packaging thermal resistance high power,1,0,36
Songhe Meng,0000-0003-4203-0665,Harbin Institute of Technology,academic,CN,Thermal structure analysis of the TP-HDPS in High-Power Chip: Their application to GaN HEMTs,2025,https://doi.org/10.1016/j.ijheatmasstransfer.2025.126756,International Journal of Heat and Mass Transfer,last,GaN-on-diamond thermal management,1,0,36
Stefania Castelletto,0000-0002-8675-2291,RMIT University,academic,AU,Photoluminescence Properties of Ion-Implanted Er<sup>3+</sup> Defects in 4H-SiCOI for Integrated Quantum Photonics,2025,https://doi.org/10.1021/acsanm.5c00085,ACS Applied Nano Materials,last,diamond photonics thermal integration,1,0,36
Stefania Castelletto (1759888),,,unknown,,PhotoluminescenceProperties of Ion-Implanted Er<sup>3+</sup> Defects in 4H-SiCOI forIntegrated Quantum Photonics,2025,https://doi.org/10.1021/acsanm.5c00085.s001,Figshare,last,diamond photonics thermal integration,1,0,36
Steve Stagon,,Boston University,academic,US,Alternative to Solder TIM 1 Using Liquid Metal Reinforced with Z-axis Oriented Carbon Fiber,2025,https://doi.org/10.4071/001c.151773,IMAPSource Proceedings,first,advanced packaging thermal resistance high power,1,0,36
Tsuyoshi Funaki,0000-0001-8776-5118,The University of Osaka,academic,JP,A Novel Transient Thermal Characterization System for Power Modules,2025,https://doi.org/10.1109/jestpe.2025.3561893,IEEE Journal of Emerging and Selected Topics in Power Electronics,last,advanced packaging thermal resistance high power,1,0,36
Tzu-hsuan Huang (22318327),,,unknown,,Sonochemical Synthesisof Submicrometer Ga-Based Particles for Cu-to-Cu Interconnection,2025,https://doi.org/10.1021/acsaelm.5c01346.s001,Figshare,first,advanced packaging thermal resistance high power,1,0,36
Wen-Long Cheng,,University of Science and Technology of China,academic,CN,Ultra-thin spray cooling for high-power-density silicon chips,2025,https://doi.org/10.70401/tx.2026.0014,Thermo-X,last,near-junction thermal management high power density,1,0,36
William P. King,0000-0001-8606-1290,University of Illinois Urbana-Champaign,academic,US,Ultra-low thermal resistance and pressure drop copper and copper-tungsten diamond-shaped pin fin cold plates for liquid cooling of electronics,2025,https://doi.org/10.1016/j.ijheatmasstransfer.2025.128080,International Journal of Heat and Mass Transfer,last,diamond heat spreader electronics,1,0,36
Won‐Gyu Bae,0000-0002-2891-5056,Soongsil University,academic,KR,Thermal Management of Wide-Bandgap Power Semiconductors: Strategies and Challenges in SiC and GaN Power Devices,2025,https://doi.org/10.3390/electronics14214193,Electronics,last,near-junction thermal management high power density,1,0,36
Xiangbo Huang,0009-0006-1032-8159,Zhejiang University,academic,CN,Safe-Operation-Area Extended IGBT Module With Enhanced Near-Junction Thermal Capacitance and Advanced Cooling for Transient High-Current Operation,2025,https://doi.org/10.1109/tpel.2025.3615245,IEEE Transactions on Power Electronics,first,advanced packaging thermal resistance high power,1,0,36
Xiangjun Liu,0000-0001-6023-785X,Donghua University,academic,CN,Interface-Driven Electrothermal Degradation in GaN-on-Diamond High Electron Mobility Transistors,2025,https://doi.org/10.3390/nano15141114,Nanomaterials,last,GaN-on-diamond thermal management,1,0,36
Xiaobo Hu,0000-0003-4278-4600,Shandong University,academic,CN,"Toward Integration of Dense, Contiguous, and Low‐Stress Capping Diamond on GaN/AlGaN Layer Using Two‐Step Growth Process",2025,https://doi.org/10.1002/sia.7394,Surface and Interface Analysis,last,GaN-on-diamond thermal management,1,0,36
Xiaohu Wu,0000-0003-4283-9958,Shandong Academy of Sciences,academic,CN,Mechanism analysis of strengthening interfacial thermal conductance of w-AlN/Graphene/3C-SiC typical heterostructure by graphene interlayer bonding,2025,https://doi.org/10.1016/j.ceramint.2025.02.116,Ceramics International,last,GaN-on-diamond thermal management,1,0,36
Xiaoyang Ji,0000-0002-7263-7014,University of Bristol,academic,GB,Thermal Boundary Resistance Reduction by Interfacial Nanopatterning for GaN-on-Diamond Electronics Applications,2025,https://doi.org/10.1021/acsaelm.5c00119,ACS Applied Electronic Materials,first,GaN-on-diamond thermal management,1,0,36
Xin Li,0000-0001-9542-6335,Ji Hua Laboratory,academic,CN,Novel diamond and Ta C composite coatings for efficient heat dissipation in GaN semiconductor devices,2025,https://doi.org/10.1016/j.surfcoat.2025.131784,Surface and Coatings Technology,last,GaN-on-diamond thermal management,1,0,36
Xinke Liu,0000-0002-5367-6923,Shenzhen University,academic,CN,GaN-on-diamond technology for next-generation power devices,2025,https://doi.org/10.1007/s44275-024-00022-z,Moore and More,last,GaN-on-diamond thermal management,1,0,36
Xinyu Liu,,Institute of Microelectronics,academic,SG,GaN HEMTs on 4H-SiC/Diamond Engineered Substrate With Enhanced Heat Dissipation,2025,https://doi.org/10.1109/led.2025.3635043,IEEE Electron Device Letters,last,thermal boundary resistance GaN diamond,1,0,36
Xuejun Zhang,0000-0003-1413-5953,Beijing University of Chemical Technology,academic,CN,<scp>3D</scp> Printed Boron Nitride‐Filled Continuous Carbon Fiber/Epoxy Resin Composites With Ultra‐High Thermal Conductivity and Favorable Mechanical Property,2025,https://doi.org/10.1002/pc.70182,Polymer Composites,last,advanced packaging thermal resistance high power,1,0,36
Yanhong Tian,0000-0002-6915-453X,Harbin Institute of Technology,academic,CN,Anchoring sulfur migration to mitigate Kirkendall voids in nano-twinned copper interconnections for robust and reliable packaging,2025,https://doi.org/10.1016/j.jmst.2024.12.057,Journal of Material Science and Technology,last,advanced packaging thermal resistance high power,1,0,36
Yanqing Lai,0000-0001-9510-5953,Huanghuai University,academic,CN,Accelerated TLPD bonding of reliable IMCs micro joints using Cu–8Ni substrate under thermal gradient: Experiments and theoretical calculations,2025,https://doi.org/10.1016/j.jmrt.2025.01.057,Journal of Materials Research and Technology,first,advanced packaging thermal resistance high power,1,0,36
Yasha Yi,,University of Wisconsin–Milwaukee,academic,US,"3D Optoelectronics and Co-Packaged Optics: Innovations, Challenges, and Future Trends",2025,https://doi.org/10.1109/jstqe.2025.3641790,IEEE Journal of Selected Topics in Quantum Electronics,first,co-packaged optics thermal management,1,0,36
Yimin Yao,0000-0002-6567-1396,Chinese Academy of Sciences,academic,CN,Synergistic Liquid Metal-Diamond-Reinforced Poly(ionic liquid) Composites for High Thermal Conductivity and Excellent Reliability,2025,https://doi.org/10.1021/acsami.5c07014,ACS Applied Materials & Interfaces,last,advanced packaging thermal resistance high power,1,0,36
Yimin Yao (1425382),,,unknown,,Synergistic LiquidMetal-Diamond-Reinforced Poly(ionicliquid) Composites for High Thermal Conductivity and Excellent Reliability,2025,https://doi.org/10.1021/acsami.5c07014.s001,Figshare,last,advanced packaging thermal resistance high power,1,0,36
Yiming Xu,,Central South University,academic,CN,Transient liquid phase sintering with nanophase reinforcement enables silver joints with low thermal resistance and high shear strength,2025,https://doi.org/10.1016/j.intermet.2025.109059,Intermetallics,first,advanced packaging thermal resistance high power,1,0,36
Yingnan Wang,0009-0000-7206-524X,Shandong University,academic,CN,"Toward Integration of Dense, Contiguous, and Low‐Stress Capping Diamond on GaN/AlGaN Layer Using Two‐Step Growth Process",2025,https://doi.org/10.1002/sia.7394,Surface and Interface Analysis,first,GaN-on-diamond thermal management,1,0,36
Yintang Yang,0000-0001-9745-5404,Xidian University,academic,CN,Design and Fabrication of Embedded Microchannel Cooling Solutions for High-Power-Density Semiconductor Devices,2025,https://doi.org/10.3390/mi16080908,Micromachines,last,near-junction thermal management high power density,1,0,36
Yipei Lei,0009-0000-9746-3690,Institute of Microelectronics,academic,SG,GaN HEMTs on 4H-SiC/Diamond Engineered Substrate With Enhanced Heat Dissipation,2025,https://doi.org/10.1109/led.2025.3635043,IEEE Electron Device Letters,first,thermal boundary resistance GaN diamond,1,0,36
Yiping Yang,0000-0001-8262-4850,Chinese Academy of Sciences,academic,CN,Thermal Performance of Two-phase Loop Thermosiyphon under Different Filling Ratios and Heat Transfer Distances,2025,https://doi.org/10.47176/jafm.18.12.3642,Journal of Applied Fluid Mechanics,first,advanced packaging thermal resistance high power,1,0,36
Yongfeng Qu,0000-0001-6397-9453,Xi'an Shiyou University,academic,CN,Enhancing interfacial thermal transport in GaN-diamond heterointerfaces through thermally induced mixing layers,2025,https://doi.org/10.1088/1402-4896/ae0832,Physica Scripta,first,GaN-on-diamond thermal management,1,0,36
Yu Fu,0009-0007-0420-4587,Xidian University,academic,CN,Design and Fabrication of Embedded Microchannel Cooling Solutions for High-Power-Density Semiconductor Devices,2025,https://doi.org/10.3390/mi16080908,Micromachines,first,near-junction thermal management high power density,1,0,36
Yucheng Wang,0000-0001-5746-0081,Northwestern Polytechnical University,academic,CN,Liquid metal microfluidic cooling system for high-efficiency thermal management via learning-based genetic algorithm,2025,https://doi.org/10.1016/j.engappai.2025.112324,Engineering Applications of Artificial Intelligence,first,near-junction thermal management high power density,1,0,36
Yue Hao,0000-0001-7876-8878,Xidian University,academic,CN,Enhanced cooling model for GaN HEMT based on thermoelectric cooler,2025,https://doi.org/10.1016/j.applthermaleng.2025.125576,Applied Thermal Engineering,last,GaN HEMT self-heating junction temperature,1,0,36
Yunhao Li,,Shandong University of Science and Technology,academic,CN,Hotspots thermal management for gallium nitride monolithic microwave integrated circuit power amplifier using integrated micro-jet and multi-shape micro Pin-fin heat sinks,2025,https://doi.org/10.1016/j.ijheatmasstransfer.2025.128152,International Journal of Heat and Mass Transfer,first,GaN-on-diamond thermal management,1,0,36
Yuxi Liang,0009-0007-9322-1839,Chongqing University,academic,CN,Transient Thermal Characterization and Assessment of Power Module With Encapsulated Phase Change Material Toward Overload Capability,2025,https://doi.org/10.1109/tpel.2025.3594604,IEEE Transactions on Power Electronics,first,advanced packaging thermal resistance high power,1,0,36
Zeyang Ren,0000-0002-5503-7228,,unknown,,GaN-based lateral diode with nanocrystalline diamond passivation layer,2025,https://doi.org/10.7498/aps.74.20250523,Acta Physica Sinica,first,GaN-on-diamond thermal management,1,0,36
Zhe Wu,0009-0009-5726-1790,Xi'an Jiaotong University,academic,CN,Electron-phonon coupled nonequilibrium thermal transport in Cu/GaN heterojunctions with fractal rough interfaces,2025,https://doi.org/10.1103/bbhd-4jwg,Physical review. B./Physical review. B,first,thermal boundary resistance GaN diamond,1,0,36
Zheng-Lai Tang,,Tsinghua University,academic,CN,Modulating Self-Heating Effects in GaN HEMTs Using Slant Field Plate,2025,https://doi.org/10.1109/ted.2025.3546594,IEEE Transactions on Electron Devices,first,near-junction thermal management high power density,1,0,36
Zhipeng Jiang,0000-0003-3953-1231,Chinese Academy of Sciences,academic,CN,Thermal Performance of Two-phase Loop Thermosiyphon under Different Filling Ratios and Heat Transfer Distances,2025,https://doi.org/10.47176/jafm.18.12.3642,Journal of Applied Fluid Mechanics,last,advanced packaging thermal resistance high power,1,0,36
Zhongming Ren,,Shanghai University,academic,CN,Atomic-scale substitutional defect engineering for significant enhancement of thermal transport at GaN/diamond interfaces,2025,https://doi.org/10.1016/j.carbon.2025.121221,Carbon,last,GaN-on-diamond thermal management,1,0,36
Zhuo Li,0000-0003-1067-4191,Fudan University,academic,CN,Recent Advances in Skin‐Mounted Electronics,2025,https://doi.org/10.1002/aelm.202500316,Advanced Electronic Materials,first,advanced packaging thermal resistance high power,1,0,36
Zicheng Sa,,Harbin Institute of Technology,academic,CN,Anchoring sulfur migration to mitigate Kirkendall voids in nano-twinned copper interconnections for robust and reliable packaging,2025,https://doi.org/10.1016/j.jmst.2024.12.057,Journal of Material Science and Technology,first,advanced packaging thermal resistance high power,1,0,36
Zihao Lin,,Georgia Institute of Technology,academic,US,In Situ Generated Silver Nanoparticles on Boron Nitride Nanosheets Followed by Silane Modification in High‐Performance Epoxy Nanocomposites for Advanced Packaging Applications,2025,https://doi.org/10.1002/aelm.202500245,Advanced Electronic Materials,first,advanced packaging thermal resistance high power,1,0,36
С. В. Кузнецов,0000-0002-7669-1106,Prokhorov General Physics Institute,academic,RU,Diamond-based composites with embedded core-shell β-NaGdF4:Eu nanoparticles: synthesis and luminescent characteristics,2025,https://doi.org/10.1016/j.diamond.2025.113062,Diamond and Related Materials,first,diamond photonics thermal integration,1,0,36
Junrui Lyu,0000-0002-9561-4499,Stanford University,academic,US,Diamond thermal matrix demonstration for two-tier 3D integrated circuits,2025,https://doi.org/10.1063/5.0260085,APL Materials,middle,GaN-on-diamond thermal management,3,0,32
Kelly Woo,0000-0002-8820-7975,Stanford University,academic,US,Diamond thermal matrix demonstration for two-tier 3D integrated circuits,2025,https://doi.org/10.1063/5.0260085,APL Materials,middle,GaN-on-diamond thermal management,3,0,32
Wenbo Hu,0000-0001-6776-9891,Xi'an Jiaotong University,academic,CN,Enhancing interfacial thermal transport in GaN-diamond heterointerfaces through thermally induced mixing layers,2025,https://doi.org/10.1088/1402-4896/ae0832,Physica Scripta,middle,GaN-on-diamond thermal management,3,0,32
Abdul Wahid Shah,0000-0001-6625-2655,Dongguan University of Technology,academic,CN,A comprehensive review of diamond-reinforced metal matrix composites for thermal management in high-performance electronics,2024,https://doi.org/10.1016/j.jmrt.2024.11.171,Journal of Materials Research and Technology,first,GaN-on-diamond thermal management,1,0,28
Alexander A. High,0000-0003-0428-5448,Argonne National Laboratory,academic,US,Direct-bonded diamond membranes for heterogeneous quantum and electronic technologies,2024,https://doi.org/10.1038/s41467-024-53150-3,Nature Communications,last,diamond photonics thermal integration,1,0,28
Bin Xu,0000-0001-5177-8929,The University of Tokyo,academic,JP,Record-Low thermal boundary resistance at bonded GaN/diamond interface by controlling ultrathin heterogeneous amorphous layer,2024,https://doi.org/10.1016/j.actamat.2024.120458,Acta Materialia,first,thermal boundary resistance GaN diamond,1,0,28
Bo Shen,0000-0003-2786-8400,Peking University,academic,CN,AlN as interlayer for effective thermal dissipation from gallium nitride to CVD diamond using nanocrystalline diamond seeding,2024,https://doi.org/10.1002/ifm2.26,Information & Functional Materials,last,thermal boundary resistance GaN diamond,1,0,28
Cailin Wang,0000-0001-7708-5362,Xi'an University of Technology,academic,CN,Thermal characteristics analysis of Ga2O3 and GaN devices on different substrates,2024,https://doi.org/10.1016/j.mejo.2024.106266,Microelectronics Journal,last,GaN-on-diamond thermal management,1,0,28
Cao Zhan,0000-0001-5274-4982,Virginia Tech,academic,US,Intelligent Condition Monitoring of Multiple Thermal Degradation of IGBT Modules Based on Case Temperature Matrix,2024,https://doi.org/10.1109/tpel.2024.3415439,IEEE Transactions on Power Electronics,first,IGBT module baseplate thermal fatigue,1,0,28
Chirag Gupta,0000-0003-4143-9231,University of Wisconsin–Madison,academic,US,Understanding of multiway heat extraction using peripheral diamond in an AlGaN/GaN high electron mobility transistor by electrothermal simulations,2024,https://doi.org/10.1088/1361-6641/ad4a66,Semiconductor Science and Technology,last,thermal boundary resistance GaN diamond,1,0,28
Chunyan Liu,0000-0001-7942-4073,Xi'an University of Technology,academic,CN,Thermal characteristics analysis of Ga2O3 and GaN devices on different substrates,2024,https://doi.org/10.1016/j.mejo.2024.106266,Microelectronics Journal,first,GaN-on-diamond thermal management,1,0,28
D. Gregušová,0000-0001-8564-1904,Slovak Academy of Sciences,academic,SK,Improved Thermal Performance of InGaAs/GaAs Nanomembrane HEMTs Transferred onto Various Substrates by Epitaxial Lift-Off,2024,https://doi.org/10.1021/acsaelm.4c00659,ACS Applied Electronic Materials,last,thermal boundary resistance GaN diamond,1,0,28
Filip Gucmann,0000-0003-2518-905X,Slovak Academy of Sciences,academic,SK,Improved Thermal Performance of InGaAs/GaAs Nanomembrane HEMTs Transferred onto Various Substrates by Epitaxial Lift-Off,2024,https://doi.org/10.1021/acsaelm.4c00659,ACS Applied Electronic Materials,first,thermal boundary resistance GaN diamond,1,0,28
Francesco Iannuzzo,0000-0003-3949-2172,Aalborg University,academic,DK,Intelligent Condition Monitoring of Multiple Thermal Degradation of IGBT Modules Based on Case Temperature Matrix,2024,https://doi.org/10.1109/tpel.2024.3415439,IEEE Transactions on Power Electronics,last,IGBT module baseplate thermal fatigue,1,0,28
Hassan Irshad Bhatti,0009-0005-2174-4222,King Abdullah University of Science and Technology,academic,SA,Monolithic Integrated Micro-Thin-Film Thermocouples for On-Chip Temperature Measurement of GaN HEMTs,2024,https://doi.org/10.1109/ted.2024.3487815,IEEE Transactions on Electron Devices,first,GaN HEMT self-heating junction temperature,1,0,28
Hong Wang,0000-0002-8875-0521,South China University of Technology,academic,CN,Optimal Thermal Resistance Model of GaN HEMTs Considering Thickness-Dependent Thermal Conductivity,2024,https://doi.org/10.1109/ted.2024.3474610,IEEE Transactions on Electron Devices,last,thermal boundary resistance GaN diamond,1,0,28
J. Justin Gooding,0000-0002-5398-0597,UNSW Sydney,academic,AU,Materials Research at the University of New South Wales Over the Last 75 Years,2024,https://doi.org/10.1002/adma.202415007,Advanced Materials,last,advanced packaging thermal resistance high power,1,0,28
Jessica L. Faust,,Northeastern University,academic,US,Transferable Percolated Particle Monolayers Derived from Marangoni Flows for Thermally Conductive Dielectric Coatings,2024,https://doi.org/10.1021/acsami.4c14039,ACS Applied Materials & Interfaces,first,diamond heat spreader electronics,1,0,28
Junichiro Shiomi,0000-0002-3552-4555,The University of Tokyo,academic,JP,Record-Low thermal boundary resistance at bonded GaN/diamond interface by controlling ultrathin heterogeneous amorphous layer,2024,https://doi.org/10.1016/j.actamat.2024.120458,Acta Materialia,last,thermal boundary resistance GaN diamond,1,0,28
Jürgen Wilde,0000-0002-7762-2583,University of Freiburg,academic,DE,Numerical characterizations of the thermomechanical response of power modules with ceramic substrates and lead-free bonds,2024,https://doi.org/10.1108/mmms-05-2024-0136,Multidiscipline Modeling in Materials and Structures,last,AlN ceramic substrate thermal conductivity power module,1,0,28
Kang Wang,0000-0002-9473-4878,Shaanxi Polytechnic Institute,academic,CN,Simulation investigation of effects of substrate and thermal boundary resistance on performances of AlGaN/GaN HEMTs,2024,https://doi.org/10.1088/1402-4896/ad4b69,Physica Scripta,first,thermal boundary resistance GaN diamond,1,0,28
Khush Gohel,0000-0002-3947-5340,University of Wisconsin–Madison,academic,US,Understanding of multiway heat extraction using peripheral diamond in an AlGaN/GaN high electron mobility transistor by electrothermal simulations,2024,https://doi.org/10.1088/1361-6641/ad4a66,Semiconductor Science and Technology,first,thermal boundary resistance GaN diamond,1,0,28
Liming Dai,0000-0001-7536-160X,Australian Research Council,academic,AU,Materials Research at the University of New South Wales Over the Last 75 Years,2024,https://doi.org/10.1002/adma.202415007,Advanced Materials,first,advanced packaging thermal resistance high power,1,0,28
Luke Yates,0000-0001-5052-8944,Sandia National Laboratories,academic,US,Thermal Transport and Mechanical Stress Mapping of a Compression Bonded GaN/Diamond Interface for Vertical Power Devices,2024,https://doi.org/10.1021/acsami.3c17778,ACS Applied Materials & Interfaces,last,GaN-on-diamond thermal management,1,0,28
Man Li,0000-0003-4047-7543,"University of California, Los Angeles",academic,US,Wafer-scale bonded GaN–AlN with high interface thermal conductance,2024,https://doi.org/10.1063/5.0206263,Applied Physics Letters,first,near-junction thermal management high power density,1,0,28
Meiyu Wang,0000-0002-8466-3105,Nankai University,academic,CN,Advanced Packaging Technology of GaN HEMT Module for High-Power and High-Frequency Applications: A Review,2024,https://doi.org/10.1109/tcpmt.2024.3447079,IEEE Transactions on Components Packaging and Manufacturing Technology,first,advanced packaging thermal resistance high power,1,0,28
Mohammad A. Gharaibeh,0000-0002-9357-1843,Hashemite University,academic,JO,Numerical characterizations of the thermomechanical response of power modules with ceramic substrates and lead-free bonds,2024,https://doi.org/10.1108/mmms-05-2024-0136,Multidiscipline Modeling in Materials and Structures,first,AlN ceramic substrate thermal conductivity power module,1,0,28
Mohammad A. Yaseen,0000-0002-4154-152X,,unknown,,Influence of High Temperature on the Electrical Properties of GaN HEMT Devices: A Review,2024,https://doi.org/10.63463/kjes1148,Kerbala Journal for Engineering Sciences,first,GaN HEMT self-heating junction temperature,1,0,28
Quang‐Khoi Nguyen,0000-0002-6456-365X,Ho Chi Minh City University of Science,academic,VN,Optimized method of thermoelectric cooler-based thermal management for improving the luminous efficacy of light-emitting diodes,2024,https://doi.org/10.4302/plp.v16i1.1265,Photonics Letters of Poland,first,advanced packaging thermal resistance high power,1,0,28
Rand Sabah Ismail,,,unknown,,Influence of High Temperature on the Electrical Properties of GaN HEMT Devices: A Review,2024,https://doi.org/10.63463/kjes1148,Kerbala Journal for Engineering Sciences,last,GaN HEMT self-heating junction temperature,1,0,28
Randall M. Erb,0000-0002-6351-395X,Northeastern University,academic,US,Transferable Percolated Particle Monolayers Derived from Marangoni Flows for Thermally Conductive Dielectric Coatings,2024,https://doi.org/10.1021/acsami.4c14039,ACS Applied Materials & Interfaces,last,diamond heat spreader electronics,1,0,28
Ryo Kagawa,,Osaka City University,academic,JP,Fabrication of low thermal resistance 3C-SiC/diamond structure for GaN epitaxial layer growth,2024,https://doi.org/10.1080/26941112.2024.2337352,Functional Diamond,first,GaN-on-diamond thermal management,1,0,28
Wanli Li,0000-0003-0271-5782,Jiangnan University,academic,CN,Low-temperature copper sinter-joining technology for power electronics packaging: A review,2024,https://doi.org/10.1016/j.jmatprotec.2024.118526,Journal of Materials Processing Technology,last,advanced packaging thermal resistance high power,1,0,28
Wenfang Li,0000-0003-2086-3914,Dongguan University of Technology,academic,CN,A comprehensive review of diamond-reinforced metal matrix composites for thermal management in high-performance electronics,2024,https://doi.org/10.1016/j.jmrt.2024.11.171,Journal of Materials Research and Technology,last,GaN-on-diamond thermal management,1,0,28
William Delmas,0009-0001-3736-6060,Sandia National Laboratories,academic,US,Thermal Transport and Mechanical Stress Mapping of a Compression Bonded GaN/Diamond Interface for Vertical Power Devices,2024,https://doi.org/10.1021/acsami.3c17778,ACS Applied Materials & Interfaces,first,GaN-on-diamond thermal management,1,0,28
Xiao Ma,0000-0002-1935-6328,South China University of Technology,academic,CN,Optimal Thermal Resistance Model of GaN HEMTs Considering Thickness-Dependent Thermal Conductivity,2024,https://doi.org/10.1109/ted.2024.3474610,IEEE Transactions on Electron Devices,first,thermal boundary resistance GaN diamond,1,0,28
Xiaotong Yu,0009-0007-3687-821X,Huazhong University of Science and Technology,academic,CN,Mechanical regulation to interfacial thermal transport in GaN/diamond heterostructures for thermal switch,2024,https://doi.org/10.1039/d4nh00245h,Nanoscale Horizons,first,GaN-on-diamond thermal management,1,0,28
Xing Gu,0000-0001-8191-1647,Southeast University,academic,CN,Polycrystalline Diamond Film Growth on Gallium Nitride with Low Boundary Thermal Resistance,2024,https://doi.org/10.3390/coatings14111457,Coatings,last,GaN-on-diamond thermal management,1,0,28
Xinghan Guo,0000-0003-3896-8765,University of Chicago,academic,US,Direct-bonded diamond membranes for heterogeneous quantum and electronic technologies,2024,https://doi.org/10.1038/s41467-024-53150-3,Nature Communications,first,diamond photonics thermal integration,1,0,28
Xinglong Dong,0000-0002-7090-1766,Dalian University of Technology,academic,CN,Effect of Sn element on the interfacial reinforced AlN/Cu joint brazed by Ag–Cu–Ti–(Snx) filler,2024,https://doi.org/10.1007/s10854-024-12646-w,Journal of Materials Science Materials in Electronics,last,AlN ceramic substrate thermal conductivity power module,1,0,28
Xinhuang Chen,0000-0001-7775-4044,South China University of Technology,academic,CN,Electro-Thermal Co-Optimization Design of GaN MMIC PA,2024,https://doi.org/10.3390/electronics13234796,Electronics,first,GaN HEMT self-heating junction temperature,1,0,28
Xinqiang Wang,0000-0002-2589-6232,Peking University,academic,CN,Recent Advances in Semiconductor Materials and Devices,2024,https://doi.org/10.1002/pssr.202400198,physica status solidi (RRL) - Rapid Research Letters,first,diamond photonics thermal integration,1,0,28
Xiongxin Jiang,0000-0002-6675-6586,Nanchang University,academic,CN,A Novel Room-Temperature Flexible Phase Change Material for Solar Energy Photothermal Conversion and Battery Thermal Management,2024,https://doi.org/10.1021/acssuschemeng.3c08489,ACS Sustainable Chemistry & Engineering,last,advanced packaging thermal resistance high power,1,0,28
Yang Liu,0000-0002-4311-2198,Yangzhou University,academic,CN,Device packaging and integration optimization based on neural network method: Effect of microchannel structure on heat sink performance,2024,https://doi.org/10.1016/j.mssp.2024.108977,Materials Science in Semiconductor Processing,first,advanced packaging thermal resistance high power,1,0,28
Yifan Huang,0009-0006-3108-7470,Nanchang University,academic,CN,A Novel Room-Temperature Flexible Phase Change Material for Solar Energy Photothermal Conversion and Battery Thermal Management,2024,https://doi.org/10.1021/acssuschemeng.3c08489,ACS Sustainable Chemistry & Engineering,first,advanced packaging thermal resistance high power,1,0,28
Ying Wang,0000-0002-6652-7636,Southeast University,academic,CN,Polycrystalline Diamond Film Growth on Gallium Nitride with Low Boundary Thermal Resistance,2024,https://doi.org/10.3390/coatings14111457,Coatings,first,GaN-on-diamond thermal management,1,0,28
Yongqiang Ji,0000-0002-0848-9643,Peking University,academic,CN,Simulation investigation of effects of substrate and thermal boundary resistance on performances of AlGaN/GaN HEMTs,2024,https://doi.org/10.1088/1402-4896/ad4b69,Physica Scripta,last,thermal boundary resistance GaN diamond,1,0,28
Yuan Gao,0000-0001-6030-9497,Huazhong University of Science and Technology,academic,CN,Mechanical regulation to interfacial thermal transport in GaN/diamond heterostructures for thermal switch,2024,https://doi.org/10.1039/d4nh00245h,Nanoscale Horizons,last,GaN-on-diamond thermal management,1,0,28
Yufei Liu,0000-0002-7570-6978,"China University of Petroleum, East China",academic,CN,Study on Preparation Process and Electrical Properties of Diamond PN Junction,2024,https://doi.org/10.62051/x93znb88,Transactions on Computer Science and Intelligent Systems Research,first,CVD diamond substrate power electronics,1,0,28
Yujian Wang,0009-0005-3218-1795,Jiangnan University,academic,CN,Low-temperature copper sinter-joining technology for power electronics packaging: A review,2024,https://doi.org/10.1016/j.jmatprotec.2024.118526,Journal of Materials Processing Technology,first,advanced packaging thermal resistance high power,1,0,28
Yunhui Mei,0000-0002-6508-4343,Tiangong University,academic,CN,Advanced Packaging Technology of GaN HEMT Module for High-Power and High-Frequency Applications: A Review,2024,https://doi.org/10.1109/tcpmt.2024.3447079,IEEE Transactions on Components Packaging and Manufacturing Technology,last,advanced packaging thermal resistance high power,1,0,28
Yuqi Tian,,Dalian University of Technology,academic,CN,Effect of Sn element on the interfacial reinforced AlN/Cu joint brazed by Ag–Cu–Ti–(Snx) filler,2024,https://doi.org/10.1007/s10854-024-12646-w,Journal of Materials Science Materials in Electronics,first,AlN ceramic substrate thermal conductivity power module,1,0,28
Yuxiong Xue,0000-0001-7407-7076,Beijing Radiation Center,academic,CN,Device packaging and integration optimization based on neural network method: Effect of microchannel structure on heat sink performance,2024,https://doi.org/10.1016/j.mssp.2024.108977,Materials Science in Semiconductor Processing,last,advanced packaging thermal resistance high power,1,0,28
Zhaohui Wu,0000-0001-9026-1930,South China University of Technology,academic,CN,Electro-Thermal Co-Optimization Design of GaN MMIC PA,2024,https://doi.org/10.3390/electronics13234796,Electronics,last,GaN HEMT self-heating junction temperature,1,0,28
Zhiheng Hao,,University of Science and Technology Beijing,academic,CN,Synthesis of nano-diamond film on GaN surface with low thermal boundary resistance and high thermal conductivity,2024,https://doi.org/10.1016/j.carbon.2024.119491,Carbon,first,thermal boundary resistance GaN diamond,1,0,28
Ziv Hameiri,0000-0002-2934-4478,UNSW Sydney,academic,AU,Photovoltaics Literature Survey (No. 192),2024,https://doi.org/10.1002/pip.3830,Progress in Photovoltaics Research and Applications,first,near-junction thermal management high power density,1,0,28
С. Вітрюк,,Yuriy Fedkovych Chernivtsi National University,academic,UA,Development of high performance thermoelectric modules with substrates made by vapor chamber technology,2024,https://doi.org/10.63527/1607-8829-2024-3-64-73,Journal of Thermoelectricity,last,AlN ceramic substrate thermal conductivity power module,1,0,28
Chao Yuan,0000-0002-1681-7694,Wuhan University of Technology,academic,CN,Impact of Carbon Diffusion Induced Stress on the Properties of Diamond/GaN Heterojunctions,2026,https://doi.org/10.3390/nano16040241,Nanomaterials,middle,GaN-on-diamond thermal management,2,0,24
Ershuai Yin,0000-0001-6249-1675,Nanjing University of Information Science and Technology,academic,CN,Effect of interlayer material and thickness on interfacial thermal transport on GaN/diamond heterostructures,2026,https://doi.org/10.1016/j.ijthermalsci.2026.111209,International Journal of Thermal Sciences,middle,thermal boundary resistance GaN diamond,2,0,24
Jiahao Yao,0000-0002-5516-5297,Xi’an Jiaotong-Liverpool University,academic,CN,RNSG-Assisted Growth of Diamond on GaN Using Ultrathin AlN Interlayers,2026,https://doi.org/10.1007/s11664-026-12825-x,Journal of Electronic Materials,middle,GaN-on-diamond thermal management,2,0,24
Jianwei Lv,0000-0003-1705-0752,Huazhong University of Science and Technology,academic,CN,Near-junction cooling technology for SiC power modules driven in-situ by thermoelectric effect,2026,https://doi.org/10.1016/j.applthermaleng.2026.132201,Applied Thermal Engineering,middle,near-junction thermal management high power density,2,0,24
Suhang Wei,,Huazhong University of Science and Technology,academic,CN,Near-junction cooling technology for SiC power modules driven in-situ by thermoelectric effect,2026,https://doi.org/10.1016/j.applthermaleng.2026.132201,Applied Thermal Engineering,middle,near-junction thermal management high power density,2,0,24
Tiantian Luan,,Fudan University,academic,CN,Polycrystalline diamond heteroepitaxy on the third-generation semiconductors for thermal dissipation,2026,https://doi.org/10.1016/j.mtelec.2026.100207,Materials Today Electronics,middle,GaN-on-diamond thermal management,2,0,24
Wei Shen,0000-0003-4389-3112,Shenzhen University,academic,CN,Shear-strain-dependent thermal conductivity of diamond explored via a machine learning potential,2026,https://doi.org/10.1063/5.0336299,Applied Physics Letters,middle,diamond heat spreader electronics,2,0,24
Ziling Cai,0009-0007-7945-998X,Fudan University,academic,CN,Polycrystalline diamond heteroepitaxy on the third-generation semiconductors for thermal dissipation,2026,https://doi.org/10.1016/j.mtelec.2026.100207,Materials Today Electronics,middle,GaN-on-diamond thermal management,2,0,24
Ayinawu Abdul Malik,,Kwame Nkrumah University of Science and Technology,academic,GH,"Wide-Bandgap Semiconductors: A Critical Analysis of GaN, SiC, AlGaN, Diamond, and Ga2O3 Synthesis Methods, Challenges, and Prospective Technological Innovations",2025,https://doi.org/10.70322/ism.2025.10011,Intelligent and sustainable manufacturing,middle,GaN-on-diamond thermal management,2,0,24
Dinghua Hu,,Nanjing University of Science and Technology,academic,CN,Integrated embedded cooling method for thermal management in multilayer ceramic circuit substrate microsystems for multi-chip components,2025,https://doi.org/10.1016/j.icheatmasstransfer.2025.109005,International Communications in Heat and Mass Transfer,middle,near-junction thermal management high power density,2,0,24
Jiaqi Li,0000-0002-3218-5930,Nanjing University of Science and Technology,academic,CN,Integrated embedded cooling method for thermal management in multilayer ceramic circuit substrate microsystems for multi-chip components,2025,https://doi.org/10.1016/j.icheatmasstransfer.2025.109005,International Communications in Heat and Mass Transfer,middle,near-junction thermal management high power density,2,0,24
Jinlong Liu,0000-0002-8894-9928,,unknown,,"Stress in CVD Diamond Films: Generation, Suppression, Application, and Measurement",2025,https://doi.org/10.15541/jim20250094,Journal of Inorganic Materials,middle,GaN-on-diamond thermal management,2,0,24
Joseph Morgan,,University of Ghana,academic,GH,"Wide-Bandgap Semiconductors: A Critical Analysis of GaN, SiC, AlGaN, Diamond, and Ga2O3 Synthesis Methods, Challenges, and Prospective Technological Innovations",2025,https://doi.org/10.70322/ism.2025.10011,Intelligent and sustainable manufacturing,middle,GaN-on-diamond thermal management,2,0,24
Liangxian Chen,,,unknown,,"Stress in CVD Diamond Films: Generation, Suppression, Application, and Measurement",2025,https://doi.org/10.15541/jim20250094,Journal of Inorganic Materials,middle,GaN-on-diamond thermal management,2,0,24
Naoteru Shigekawa,0000-0001-7454-8640,Osaka Prefecture University,academic,JP,Direct Integration of Polycrystalline Diamond With 3C‐SiC for Enhanced Thermal Management in GaN HEMTs: Impact of Grain Structure and Interface Engineering,2025,https://doi.org/10.1002/admt.202500437,Advanced Materials Technologies,middle,GaN-on-diamond thermal management,2,0,24
Oliver A. Williams,0000-0002-7210-3004,Cardiff University,academic,GB,Thermal Boundary Resistance Reduction by Interfacial Nanopatterning for GaN-on-Diamond Electronics Applications,2025,https://doi.org/10.1021/acsaelm.5c00119,ACS Applied Electronic Materials,middle,GaN-on-diamond thermal management,2,0,24
Peter Agyemang Oppong,,Kwame Nkrumah University of Science and Technology,academic,GH,"Wide-Bandgap Semiconductors: A Critical Analysis of GaN, SiC, AlGaN, Diamond, and Ga2O3 Synthesis Methods, Challenges, and Prospective Technological Innovations",2025,https://doi.org/10.70322/ism.2025.10011,Intelligent and sustainable manufacturing,middle,GaN-on-diamond thermal management,2,0,24
Prince Acheampong,0009-0009-7364-6922,University of Ghana,academic,GH,"Wide-Bandgap Semiconductors: A Critical Analysis of GaN, SiC, AlGaN, Diamond, and Ga2O3 Synthesis Methods, Challenges, and Prospective Technological Innovations",2025,https://doi.org/10.70322/ism.2025.10011,Intelligent and sustainable manufacturing,middle,GaN-on-diamond thermal management,2,0,24
Rohith Soman,0000-0003-4714-5875,Stanford University,academic,US,Diamond thermal matrix demonstration for two-tier 3D integrated circuits,2025,https://doi.org/10.1063/5.0260085,APL Materials,middle,GaN-on-diamond thermal management,2,0,24
Rose Addo,0009-0004-3180-8587,,unknown,,"Wide-Bandgap Semiconductors: A Critical Analysis of GaN, SiC, AlGaN, Diamond, and Ga2O3 Synthesis Methods, Challenges, and Prospective Technological Innovations",2025,https://doi.org/10.70322/ism.2025.10011,Intelligent and sustainable manufacturing,middle,GaN-on-diamond thermal management,2,0,24
Shengli Wu,0000-0003-1167-007X,Xi'an Jiaotong University,academic,CN,Enhancing interfacial thermal transport in GaN-diamond heterointerfaces through thermally induced mixing layers,2025,https://doi.org/10.1088/1402-4896/ae0832,Physica Scripta,middle,GaN-on-diamond thermal management,2,0,24
Wensheng Liu,0000-0002-3616-7609,Central South University,academic,CN,Transient liquid phase sintering with nanophase reinforcement enables silver joints with low thermal resistance and high shear strength,2025,https://doi.org/10.1016/j.intermet.2025.109059,Intermetallics,middle,advanced packaging thermal resistance high power,2,0,24
Yang Zhao,0009-0000-2124-2568,Nanjing University of Science and Technology,academic,CN,Integrated embedded cooling method for thermal management in multilayer ceramic circuit substrate microsystems for multi-chip components,2025,https://doi.org/10.1016/j.icheatmasstransfer.2025.109005,International Communications in Heat and Mass Transfer,middle,near-junction thermal management high power density,2,0,24
Yasuyoshi Nagai,0000-0001-7587-6128,Tohoku Agricultural Research Center,academic,JP,Direct Integration of Polycrystalline Diamond With 3C‐SiC for Enhanced Thermal Management in GaN HEMTs: Impact of Grain Structure and Interface Engineering,2025,https://doi.org/10.1002/admt.202500437,Advanced Materials Technologies,middle,GaN-on-diamond thermal management,2,0,24
Yutaka Ohno,0000-0003-3998-4409,Tohoku Agricultural Research Center,academic,JP,Direct Integration of Polycrystalline Diamond With 3C‐SiC for Enhanced Thermal Management in GaN HEMTs: Impact of Grain Structure and Interface Engineering,2025,https://doi.org/10.1002/admt.202500437,Advanced Materials Technologies,middle,GaN-on-diamond thermal management,2,0,24
Haidong Yan,0000-0002-4411-0485,Zhejiang University,academic,CN,Low-temperature copper sinter-joining technology for power electronics packaging: A review,2024,https://doi.org/10.1016/j.jmatprotec.2024.118526,Journal of Materials Processing Technology,middle,advanced packaging thermal resistance high power,2,0,16
Mohd Faizol Abdullah,0000-0001-6911-0716,MIMOS (Malaysia),academic,MY,Understanding the Role of Near-Junction Diamond Heat Spreaders in Packaged 20-Gate GaN HEMT Chips via Thermal Simulation,2024,https://doi.org/10.1007/s11664-024-11281-9,Journal of Electronic Materials,middle,GaN-on-diamond thermal management,2,0,16
Norazreen Abd Aziz,0000-0001-8271-5066,National University of Malaysia,academic,MY,Understanding the Role of Near-Junction Diamond Heat Spreaders in Packaged 20-Gate GaN HEMT Chips via Thermal Simulation,2024,https://doi.org/10.1007/s11664-024-11281-9,Journal of Electronic Materials,middle,GaN-on-diamond thermal management,2,0,16
Abhijit Biswas,0000-0002-3729-4802,Rice University,academic,US,Diamond Epilayers with Subnanometer Surface Roughness for Enhanced Device Performance,2026,https://doi.org/10.1021/acsaelm.5c02384,ACS Applied Electronic Materials,middle,CVD diamond substrate power electronics,1,0,16
Anand B. Puthirath,0000-0003-4064-6271,Rice University,academic,US,Diamond Epilayers with Subnanometer Surface Roughness for Enhanced Device Performance,2026,https://doi.org/10.1021/acsaelm.5c02384,ACS Applied Electronic Materials,middle,CVD diamond substrate power electronics,1,0,16
Asif Khan,,University of South Carolina,academic,US,Enhanced Thermal Management in GaN Superlattice Castellated Field Effect Transistors,2026,https://doi.org/10.1109/led.2026.3696134,IEEE Electron Device Letters,middle,GaN-on-diamond thermal management,1,0,16
B Chen,,Wuhan University of Technology,academic,CN,Shear-strain-dependent thermal conductivity of diamond explored via a machine learning potential,2026,https://doi.org/10.1063/5.0336299,Applied Physics Letters,middle,diamond heat spreader electronics,1,0,16
Bailing JIANG,,Xi’an University,academic,CN,The mechanism of electrolyte temperature in modulating electrical insulation and thermal conductivity of anodic oxide coatings on 6061 aluminum alloy,2026,https://doi.org/10.1016/j.surfcoat.2026.133452,Surface and Coatings Technology,middle,advanced packaging thermal resistance high power,1,0,16
Bin He,0000-0002-7553-4686,Shenzhen Technology University,academic,CN,Enhanced thermal performances of high-power LED by diamond packaging,2026,https://doi.org/10.1016/j.diamond.2026.113352,Diamond and Related Materials,middle,diamond heat spreader electronics,1,0,16
Bin Hou,0000-0002-5368-3699,Xidian University,academic,CN,MD-modified DMM analysis of thermal boundary resistance in diamond/GaN heterostructures,2026,https://doi.org/10.1063/5.0325406,Applied Physics Letters,middle,GaN-on-diamond thermal management,1,0,16
Bin Hou,,Xidian University,academic,CN,Impact of Carbon Diffusion Induced Stress on the Properties of Diamond/GaN Heterojunctions,2026,https://doi.org/10.3390/nano16040241,Nanomaterials,middle,GaN-on-diamond thermal management,1,0,16
Bin Hou,,Xidian University,academic,CN,Record- low thermal boundary resistance of GaN-on-diamond structure with ultra-high bonding rate via surface reconstruction bonding technique,2026,https://doi.org/10.1016/j.jallcom.2026.186906,Journal of Alloys and Compounds,middle,GaN-on-diamond thermal management,1,0,16
Bin Hou,,Xidian University,academic,CN,Recent Advances in Diamond-Capped GaN HEMTs for RF Application,2026,https://doi.org/10.3390/nano16040224,Nanomaterials,middle,thermal boundary resistance GaN diamond,1,0,16
Bin Hou,,Xidian University,academic,CN,Recent progress on GaN-on-GaN technology for RF applications,2026,https://doi.org/10.1088/1361-6463/ae74df,Journal of Physics D Applied Physics,middle,advanced packaging thermal resistance high power,1,0,16
Bing Dai,,Harbin Institute of Technology,academic,CN,High-temperature stable growth of thick polycrystalline diamond film on GaN enabled by a SiNx/Si double interlayer,2026,https://doi.org/10.1016/j.diamond.2026.113769,Diamond and Related Materials,middle,GaN-on-diamond thermal management,1,0,16
Bing Liu,,Yanshan University,academic,CN,Synergistic effects of grain boundary and crystallographic orientation on atomic level removal mechanism of polycrystalline diamond,2026,https://doi.org/10.1016/j.wear.2026.206558,Wear,middle,GaN-on-diamond thermal management,1,0,16
Binyan Yan,,Xidian University,academic,CN,Recent Advances in Diamond-Capped GaN HEMTs for RF Application,2026,https://doi.org/10.3390/nano16040224,Nanomaterials,middle,thermal boundary resistance GaN diamond,1,0,16
Bocong Zou,,Fudan University,academic,CN,High-thermal-conductivity polycrystalline diamond grown on GaN via a cyclic-methane-modulation-assisted strategy,2026,https://doi.org/10.1063/5.0340227,Applied Physics Letters,middle,thermal boundary resistance GaN diamond,1,0,16
Bradford B. Pate,0000-0002-3288-2947,United States Naval Research Laboratory,academic,US,Diamond Epilayers with Subnanometer Surface Roughness for Enhanced Device Performance,2026,https://doi.org/10.1021/acsaelm.5c02384,ACS Applied Electronic Materials,middle,CVD diamond substrate power electronics,1,0,16
Cai Chen,,Huazhong University of Science and Technology,academic,CN,Near-junction cooling technology for SiC power modules driven in-situ by thermoelectric effect,2026,https://doi.org/10.1016/j.applthermaleng.2026.132201,Applied Thermal Engineering,middle,near-junction thermal management high power density,1,0,16
Cai Chen,,Huazhong University of Science and Technology,academic,CN,Trimodal mediated superior sintering and fracture resistance mechanism in nano-metal interconnection,2026,https://doi.org/10.1016/j.matdes.2026.116221,Materials & Design,middle,advanced packaging thermal resistance high power,1,0,16
Cedric Leow,,"Agency for Science, Technology and Research",academic,SG,Silicon carbide: a versatile CMOS-compatible material for integrated nonlinear and quantum photonics,2026,https://doi.org/10.1007/s44519-026-00007-5,PhotoniX Synergy,middle,diamond photonics thermal integration,1,0,16
Chao Yang,,Xi’an University,academic,CN,The mechanism of electrolyte temperature in modulating electrical insulation and thermal conductivity of anodic oxide coatings on 6061 aluminum alloy,2026,https://doi.org/10.1016/j.surfcoat.2026.133452,Surface and Coatings Technology,middle,advanced packaging thermal resistance high power,1,0,16
Chao Yuan,0000-0003-3116-6049,Wuhan University of Technology,academic,CN,MD-modified DMM analysis of thermal boundary resistance in diamond/GaN heterostructures,2026,https://doi.org/10.1063/5.0325406,Applied Physics Letters,middle,GaN-on-diamond thermal management,1,0,16
Chao Yuan,,Wuhan University,academic,CN,Record- low thermal boundary resistance of GaN-on-diamond structure with ultra-high bonding rate via surface reconstruction bonding technique,2026,https://doi.org/10.1016/j.jallcom.2026.186906,Journal of Alloys and Compounds,middle,GaN-on-diamond thermal management,1,0,16
Chen-Yi Dai,,Beijing Microelectronics Technology Institute,academic,CN,β-Ga2O3 diodes with ultra-high surge current enabled by Ag/AMB-AlN flip-chip packaging,2026,https://doi.org/10.1016/j.jnlest.2026.100347,Journal of Electronic Science and Technology,middle,advanced packaging thermal resistance high power,1,0,16
Cheng Chang,0000-0002-0677-0677,Rice University,academic,US,Scalable selective-area diamond growth for thermal management applications,2026,https://doi.org/10.1063/5.0319930,Applied Physics Letters,middle,GaN-on-diamond thermal management,1,0,16
Chengsen Huang,,Guangdong University of Technology,academic,CN,"A comprehensive review on high-performance vapor chambers: Challenges, mechanisms, and future perspectives",2026,https://doi.org/10.1016/j.applthermaleng.2026.131716,Applied Thermal Engineering,middle,advanced packaging thermal resistance high power,1,0,16
Chenyu Ke,,Shanghai Maritime University,academic,CN,Advanced Chip-Level Thermal Management Technologies for High-Power Integrated Processors: A Review,2026,https://doi.org/10.3390/en19143304,Energies,middle,near-junction thermal management high power density,1,0,16
Chenyu Wang,0009-0008-1420-0763,"University at Buffalo, State University of New York",academic,US,High Thermal Conductivity Transfer-Printed Polycrystalline Diamond Membranes for Device- and Chip-Level Thermal Management,2026,https://doi.org/10.1021/acsaelm.6c00310,ACS Applied Electronic Materials,middle,GaN-on-diamond thermal management,1,0,16
Chuan Xie,,Shenzhen University,academic,CN,Next-generation electronic packaging materials: thermal-dielectric properties and design strategies in PI and PTFE-based composites,2026,https://doi.org/10.1007/s42114-026-01849-w,Advanced Composites and Hybrid Materials,middle,advanced packaging thermal resistance high power,1,0,16
Dae-Woo Jeon,,Korea Institute of Ceramic Engineering and Technology,academic,KR,Phonon thermal transport and cooling limits in submicron heteroepitaxial β-Ga2O3 films on SiC,2026,https://doi.org/10.1016/j.actamat.2026.122020,Acta Materialia,middle,GaN-on-diamond thermal management,1,0,16
Dage Liu,0000-0002-5412-2535,Shenzhen Technology University,academic,CN,Enhanced thermal performances of high-power LED by diamond packaging,2026,https://doi.org/10.1016/j.diamond.2026.113352,Diamond and Related Materials,middle,diamond heat spreader electronics,1,0,16
Doaa Zamel,0000-0003-4702-7609,Shenzhen University,academic,CN,Next-generation electronic packaging materials: thermal-dielectric properties and design strategies in PI and PTFE-based composites,2026,https://doi.org/10.1007/s42114-026-01849-w,Advanced Composites and Hybrid Materials,middle,advanced packaging thermal resistance high power,1,0,16
Dongchen Fan,,Xiamen University of Technology,academic,CN,Reliable thermal management of high-power semiconductor lasers based on nano-silver sintering diamonds,2026,https://doi.org/10.1016/j.mtcomm.2025.114613,Materials Today Communications,middle,advanced packaging thermal resistance high power,1,0,16
Donglin Cao,0000-0003-3100-4752,Harbin Institute of Technology,academic,CN,High-temperature stable growth of thick polycrystalline diamond film on GaN enabled by a SiNx/Si double interlayer,2026,https://doi.org/10.1016/j.diamond.2026.113769,Diamond and Related Materials,middle,GaN-on-diamond thermal management,1,0,16
Dongyao Zhang,0000-0002-7013-9038,Hebei Semiconductor Research Institute,academic,CN,X-Band GaN HEMTs on Diamond Substrate With Record RF Output Power Density of 25 W/mm and Low Channel Temperature,2026,https://doi.org/10.1109/ted.2026.3691328,IEEE Transactions on Electron Devices,middle,thermal boundary resistance GaN diamond,1,0,16
Enjian Sun,,Nanjing University of Information Science and Technology,academic,CN,Effect of interlayer material and thickness on interfacial thermal transport on GaN/diamond heterostructures,2026,https://doi.org/10.1016/j.ijthermalsci.2026.111209,International Journal of Thermal Sciences,middle,thermal boundary resistance GaN diamond,1,0,16
F. Xu,,Peking University,academic,CN,High-mobility AlGaN/GaN heterostructures directly grown on diamond (111) substrates using a high-temperature physical-vapor-deposition AlN nucleation layer,2026,https://doi.org/10.1063/5.0315800,Applied Physics Letters,middle,GaN-on-diamond thermal management,1,0,16
Faquan Wu,,Peking University,academic,CN,High-mobility AlGaN/GaN heterostructures directly grown on diamond (111) substrates using a high-temperature physical-vapor-deposition AlN nucleation layer,2026,https://doi.org/10.1063/5.0315800,Applied Physics Letters,middle,GaN-on-diamond thermal management,1,0,16
Francisco Elizalde-Blancas,,Universidad de Guanajuato,academic,MX,Thermal-hydraulic behavior of a mechanically actuated liquid-cooled heat sink under coupled flow and rotation: Experimental and CFD analysis,2026,https://doi.org/10.1016/j.applthermaleng.2026.131726,Applied Thermal Engineering,middle,advanced packaging thermal resistance high power,1,0,16
G.R.K. Sastry,0000-0003-0047-2393,National Institute of Technology Andhra Pradesh,academic,IN,Recent advances in single-phase liquid cooling techniques for performance enhancement of microchannel heat sinks: a review,2026,https://doi.org/10.47481/jten.0022,Journal of Thermal Engineering,middle,advanced packaging thermal resistance high power,1,0,16
Guangxu Ju,,Peking University,academic,CN,High-mobility AlGaN/GaN heterostructures directly grown on diamond (111) substrates using a high-temperature physical-vapor-deposition AlN nucleation layer,2026,https://doi.org/10.1063/5.0315800,Applied Physics Letters,middle,GaN-on-diamond thermal management,1,0,16
Guanjun Jing,0000-0003-1127-2952,Institute of Microelectronics,academic,SG,Low thermal boundary resistance and reduced junction temperature in GaN HEMTs via AlN-mediated top-side diamond integration,2026,https://doi.org/10.1088/1361-6641/ae5ccc,Semiconductor Science and Technology,middle,GaN-on-diamond thermal management,1,0,16
Guibin Liu,,Nanjing University of Posts and Telecommunications,academic,CN,Research on Intelligent Thermal Optimization for Chiplet-Based Heterogeneously Integrated AI Chip Embedded with Leaf-Vein-Inspired Fractal Microchannels,2026,https://doi.org/10.3390/ma19040679,Materials,middle,chiplet package thermal hotspot mitigation,1,0,16
Guo Zhou,,Hebei Semiconductor Research Institute,academic,CN,X-Band GaN HEMTs on Diamond Substrate With Record RF Output Power Density of 25 W/mm and Low Channel Temperature,2026,https://doi.org/10.1109/ted.2026.3691328,IEEE Transactions on Electron Devices,middle,thermal boundary resistance GaN diamond,1,0,16
Guojun Yu,0000-0002-8599-9743,Shanghai Maritime University,academic,CN,Advanced Chip-Level Thermal Management Technologies for High-Power Integrated Processors: A Review,2026,https://doi.org/10.3390/en19143304,Energies,middle,near-junction thermal management high power density,1,0,16
Guoliang Ma,0009-0008-9535-1976,Wuhan University,academic,CN,Investigation of N-polar GaN-diamond heterogeneous integration enabled by in-situ sputtered aluminum nitride interlayer,2026,https://doi.org/10.1016/j.diamond.2026.113310,Diamond and Related Materials,middle,thermal boundary resistance GaN diamond,1,0,16
H L Chen,,Henan University of Technology,academic,CN,"Nanocopper-based low-temperature interconnection technology: advances in material systems, sintering mechanisms and packaging applications",2026,https://doi.org/10.1108/ssmt-01-2026-0006,Soldering and Surface Mount Technology,middle,advanced packaging thermal resistance high power,1,0,16
Haibing Li,0000-0002-7188-3272,Beijing University of Technology,academic,CN,Micro-array-enhanced structure–function analysis of effective thermal boundary resistance in GaN/SiN <i>x</i> /diamond heterostructures,2026,https://doi.org/10.1063/5.0333406,Applied Physics Letters,middle,thermal boundary resistance GaN diamond,1,0,16
Haimo Li,,University of Science and Technology Beijing,academic,CN,Rational thermal design of 2.5D heterogeneously integrated systems via topology optimization coupled with micro-rib texturing,2026,https://doi.org/10.1016/j.ijheatmasstransfer.2026.129202,International Journal of Heat and Mass Transfer,middle,advanced packaging thermal resistance high power,1,0,16
Haitao Wang,,Xi'an Jiaotong University,academic,CN,The role of metal interlayer microstructure in thermal transport across diamond/GaN heterointerfaces,2026,https://doi.org/10.1016/j.apsusc.2026.167514,Applied Surface Science,middle,GaN-on-diamond thermal management,1,0,16
Han Hu,,University of Arkansas at Fayetteville,academic,US,"Special Section on Silicon-Package-Rack-Data Center Thermal Management: Challenges, Opportunities, and Solutions",2026,https://doi.org/10.1115/1.4071357,Journal of Electronic Packaging,middle,co-packaged optics thermal management,1,0,16
Han Li,,University of Science and Technology Beijing,academic,CN,Low thermal boundary resistance and reduced junction temperature in GaN HEMTs via AlN-mediated top-side diamond integration,2026,https://doi.org/10.1088/1361-6641/ae5ccc,Semiconductor Science and Technology,middle,GaN-on-diamond thermal management,1,0,16
Han Yang,,Peking University,academic,CN,High-mobility AlGaN/GaN heterostructures directly grown on diamond (111) substrates using a high-temperature physical-vapor-deposition AlN nucleation layer,2026,https://doi.org/10.1063/5.0315800,Applied Physics Letters,middle,GaN-on-diamond thermal management,1,0,16
Hao Lu,0000-0002-3189-7864,Xidian University,academic,CN,MD-modified DMM analysis of thermal boundary resistance in diamond/GaN heterostructures,2026,https://doi.org/10.1063/5.0325406,Applied Physics Letters,middle,GaN-on-diamond thermal management,1,0,16
Hao Lu,,Xidian University,academic,CN,Impact of Carbon Diffusion Induced Stress on the Properties of Diamond/GaN Heterojunctions,2026,https://doi.org/10.3390/nano16040241,Nanomaterials,middle,GaN-on-diamond thermal management,1,0,16
Hao Lu,,Xidian University,academic,CN,Record- low thermal boundary resistance of GaN-on-diamond structure with ultra-high bonding rate via surface reconstruction bonding technique,2026,https://doi.org/10.1016/j.jallcom.2026.186906,Journal of Alloys and Compounds,middle,GaN-on-diamond thermal management,1,0,16
Hao Lu,,Xidian University,academic,CN,Recent Advances in Diamond-Capped GaN HEMTs for RF Application,2026,https://doi.org/10.3390/nano16040224,Nanomaterials,middle,thermal boundary resistance GaN diamond,1,0,16
Hao Lu,0000-0002-3189-7864,Xidian University,academic,CN,Recent progress on GaN-on-GaN technology for RF applications,2026,https://doi.org/10.1088/1361-6463/ae74df,Journal of Physics D Applied Physics,middle,advanced packaging thermal resistance high power,1,0,16
Hao Yu,,Hebei Semiconductor Research Institute,academic,CN,X-Band GaN HEMTs on Diamond Substrate With Record RF Output Power Density of 25 W/mm and Low Channel Temperature,2026,https://doi.org/10.1109/ted.2026.3691328,IEEE Transactions on Electron Devices,middle,thermal boundary resistance GaN diamond,1,0,16
Haozhe Kang,,Xi'an Jiaotong University,academic,CN,The role of metal interlayer microstructure in thermal transport across diamond/GaN heterointerfaces,2026,https://doi.org/10.1016/j.apsusc.2026.167514,Applied Surface Science,middle,GaN-on-diamond thermal management,1,0,16
Harold M. H. Chong,0000-0002-7110-5761,University of Southampton,academic,GB,Cubic boron arsenide: A transformative material reshaping modern electronics and thermal management,2026,https://doi.org/10.1016/j.mne.2026.100377,Micro and Nano Engineering,middle,GaN-on-diamond thermal management,1,0,16
Hongda Chen,,Xidian University,academic,CN,Recent Advances in Diamond-Capped GaN HEMTs for RF Application,2026,https://doi.org/10.3390/nano16040224,Nanomaterials,middle,thermal boundary resistance GaN diamond,1,0,16
Hongda Zhu,,Harbin Institute of Technology,academic,CN,High-temperature stable growth of thick polycrystalline diamond film on GaN enabled by a SiNx/Si double interlayer,2026,https://doi.org/10.1016/j.diamond.2026.113769,Diamond and Related Materials,middle,GaN-on-diamond thermal management,1,0,16
Hongju Mun,,Sungkyunkwan University,academic,KR,Phonon thermal transport and cooling limits in submicron heteroepitaxial β-Ga2O3 films on SiC,2026,https://doi.org/10.1016/j.actamat.2026.122020,Acta Materialia,middle,GaN-on-diamond thermal management,1,0,16
Hongwei Liang,,Dalian University of Technology,academic,CN,EDL-Catalyzed Phase-Field Modeling and Numerically Attentive Interpolation Framework for the Intelligent Design of Cu@Ag Core-Shell Nanoparticles,2026,https://doi.org/10.1016/j.jmat.2026.101287,Journal of Materiomics,middle,advanced packaging thermal resistance high power,1,0,16
Hongwei Song,,Hebei Semiconductor Research Institute,academic,CN,X-Band GaN HEMTs on Diamond Substrate With Record RF Output Power Density of 25 W/mm and Low Channel Temperature,2026,https://doi.org/10.1109/ted.2026.3691328,IEEE Transactions on Electron Devices,middle,thermal boundary resistance GaN diamond,1,0,16
Hongyu Guo,,Hebei Semiconductor Research Institute,academic,CN,X-Band GaN HEMTs on Diamond Substrate With Record RF Output Power Density of 25 W/mm and Low Channel Temperature,2026,https://doi.org/10.1109/ted.2026.3691328,IEEE Transactions on Electron Devices,middle,thermal boundary resistance GaN diamond,1,0,16
Hong‐Baek Cho,0000-0002-0355-4792,Hanyang University,academic,KR,"Interfacial anchoring via thin –OH functional enables hydration-resistant, enhanced thermal conductivity MgO composites",2026,https://doi.org/10.1016/j.apsusc.2026.166922,Applied Surface Science,middle,advanced packaging thermal resistance high power,1,0,16
Huaixin Guo,0000-0003-0702-8180,Collaborative Innovation Center of Advanced Microstructures,academic,CN,Micro-array-enhanced structure–function analysis of effective thermal boundary resistance in GaN/SiN <i>x</i> /diamond heterostructures,2026,https://doi.org/10.1063/5.0333406,Applied Physics Letters,middle,thermal boundary resistance GaN diamond,1,0,16
Huifeng Zhao,,Hebei Semiconductor Research Institute,academic,CN,X-Band GaN HEMTs on Diamond Substrate With Record RF Output Power Density of 25 W/mm and Low Channel Temperature,2026,https://doi.org/10.1109/ted.2026.3691328,IEEE Transactions on Electron Devices,middle,thermal boundary resistance GaN diamond,1,0,16
Hyeongyun Kim,,Korea Institute of Ceramic Engineering and Technology,academic,KR,Phonon thermal transport and cooling limits in submicron heteroepitaxial β-Ga2O3 films on SiC,2026,https://doi.org/10.1016/j.actamat.2026.122020,Acta Materialia,middle,GaN-on-diamond thermal management,1,0,16
J C Chen,,Harbin Institute of Technology,academic,CN,Interfacial Mechanical Properties and Optimization of GaN/Diamond Heterostructures via Machine Learning Potential,2026,https://doi.org/10.1021/acs.jpcc.6c00699,The Journal of Physical Chemistry C,middle,GaN-on-diamond thermal management,1,0,16
J X Liu,,Huazhong University of Science and Technology,academic,CN,Near-junction cooling technology for SiC power modules driven in-situ by thermoelectric effect,2026,https://doi.org/10.1016/j.applthermaleng.2026.132201,Applied Thermal Engineering,middle,near-junction thermal management high power density,1,0,16
J. Liang,,Osaka City University,academic,JP,Analysis of Heat Diffusion in GaN/3C-SiC/Diamond HEMTs for Design Optimization,2026,https://doi.org/10.1109/ted.2025.3649191,IEEE Transactions on Electron Devices,middle,GaN-on-diamond thermal management,1,0,16
J. Y. Zhang,0000-0001-7533-1726,Beijing Institute of Technology,academic,CN,Emerging Advanced Electronic Packaging Materials for Thermal Management in Power Electronics,2026,https://doi.org/10.1002/advs.202524348,Advanced Science,middle,advanced packaging thermal resistance high power,1,0,16
Jagori Raychaudhuri,0000-0003-0117-6764,University of Bristol,academic,GB,Enhanced Thermal Management in GaN Superlattice Castellated Field Effect Transistors,2026,https://doi.org/10.1109/led.2026.3696134,IEEE Electron Device Letters,middle,GaN-on-diamond thermal management,1,0,16
Jaleleddine Ben Hadj Slama,0000-0003-1817-1521,University of Sousse,academic,TN,A Review of Thermal Management Techniques Adopted for High-Power-Density GaN-Based Converters,2026,https://doi.org/10.3390/chips5010004,Chips,middle,GaN-on-diamond thermal management,1,0,16
Jeong-Kyu Kim,,Stanford University,academic,US,Cooling performance of top-side polycrystalline diamond integration in RF-power N-polar GaN high-electron-mobility transistors predicted using a robust modeling platform,2026,https://doi.org/10.1063/5.0304824,Journal of Applied Physics,middle,GaN-on-diamond thermal management,1,0,16
Jeong-kyu Kim,0000-0001-9457-3448,"Standford University, Stanford, CA, USA",academic,,Enhanced Thermal Management in GaN Superlattice Castellated Field Effect Transistors,2026,https://doi.org/10.1109/led.2026.3696134,IEEE Electron Device Letters,middle,GaN-on-diamond thermal management,1,0,16
Jesudass S Thomas,,National Institute of Ocean Technology,academic,IN,hBN-rich graphene oxide–based hybrid thermal interface materials for enhanced insulation and thermal stability in electronic packaging,2026,https://doi.org/10.1007/s10854-026-17292-y,Journal of Materials Science Materials in Electronics,middle,advanced packaging thermal resistance high power,1,0,16
Ji Young Park,0000-0001-8115-4498,Hanyang University,academic,KR,"Interfacial anchoring via thin –OH functional enables hydration-resistant, enhanced thermal conductivity MgO composites",2026,https://doi.org/10.1016/j.apsusc.2026.166922,Applied Surface Science,middle,advanced packaging thermal resistance high power,1,0,16
Jiahao Shi,,Hebei University of Technology,academic,CN,Synergistic effects of grain boundary and crystallographic orientation on atomic level removal mechanism of polycrystalline diamond,2026,https://doi.org/10.1016/j.wear.2026.206558,Wear,middle,GaN-on-diamond thermal management,1,0,16
Jiajie Fan,0000-0001-5400-737X,Delft University of Technology,academic,NL,Topology-optimised near-chip microfluidic cooling for high power electronics,2026,https://doi.org/10.1016/j.csite.2026.108358,Case Studies in Thermal Engineering,middle,advanced packaging thermal resistance high power,1,0,16
Jiamin Wei,,Xidian University,academic,CN,Recent Advances in Diamond-Capped GaN HEMTs for RF Application,2026,https://doi.org/10.3390/nano16040224,Nanomaterials,middle,thermal boundary resistance GaN diamond,1,0,16
Jianchao Guo,0000-0002-3566-1920,Hebei Semiconductor Research Institute,academic,CN,X-Band GaN HEMTs on Diamond Substrate With Record RF Output Power Density of 25 W/mm and Low Channel Temperature,2026,https://doi.org/10.1109/ted.2026.3691328,IEEE Transactions on Electron Devices,middle,thermal boundary resistance GaN diamond,1,0,16
Jiangtao Huang,,Shenzhen Technology University,academic,CN,Enhanced thermal performances of high-power LED by diamond packaging,2026,https://doi.org/10.1016/j.diamond.2026.113352,Diamond and Related Materials,middle,diamond heat spreader electronics,1,0,16
Jiaqi Song,0000-0002-9500-3364,Beijing Institute of Technology,academic,CN,Emerging Advanced Electronic Packaging Materials for Thermal Management in Power Electronics,2026,https://doi.org/10.1002/advs.202524348,Advanced Science,middle,advanced packaging thermal resistance high power,1,0,16
Jiawei Liu,,Dalian University of Technology,academic,CN,EDL-Catalyzed Phase-Field Modeling and Numerically Attentive Interpolation Framework for the Intelligent Design of Cu@Ag Core-Shell Nanoparticles,2026,https://doi.org/10.1016/j.jmat.2026.101287,Journal of Materiomics,middle,advanced packaging thermal resistance high power,1,0,16
Jiaxin Liu,,Huazhong University of Science and Technology,academic,CN,Trimodal mediated superior sintering and fracture resistance mechanism in nano-metal interconnection,2026,https://doi.org/10.1016/j.matdes.2026.116221,Materials & Design,middle,advanced packaging thermal resistance high power,1,0,16
Jie Wu,,Xidian University,academic,CN,Engineering thermal transport across GaN/diamond interfaces: multifactor regulation and phonon bridge mechanisms elucidated by molecular dynamics,2026,https://doi.org/10.1016/j.apsusc.2026.166260,Applied Surface Science,middle,thermal boundary resistance GaN diamond,1,0,16
Jie Yang,0000-0003-4801-7162,Huazhong University of Science and Technology,academic,CN,Trimodal mediated superior sintering and fracture resistance mechanism in nano-metal interconnection,2026,https://doi.org/10.1016/j.matdes.2026.116221,Materials & Design,middle,advanced packaging thermal resistance high power,1,0,16
Jihyeon Park,,Korea Institute of Ceramic Engineering and Technology,academic,KR,Phonon thermal transport and cooling limits in submicron heteroepitaxial β-Ga2O3 films on SiC,2026,https://doi.org/10.1016/j.actamat.2026.122020,Acta Materialia,middle,GaN-on-diamond thermal management,1,0,16
Jihyun Kim,,Sungkyunkwan University,academic,KR,Phonon thermal transport and cooling limits in submicron heteroepitaxial β-Ga2O3 films on SiC,2026,https://doi.org/10.1016/j.actamat.2026.122020,Acta Materialia,middle,GaN-on-diamond thermal management,1,0,16
Jin Huang,,Guangdong University of Technology,academic,CN,"A comprehensive review on high-performance vapor chambers: Challenges, mechanisms, and future perspectives",2026,https://doi.org/10.1016/j.applthermaleng.2026.131716,Applied Thermal Engineering,middle,advanced packaging thermal resistance high power,1,0,16
Jincheng Xie,,Guangdong University of Technology,academic,CN,"A comprehensive review on high-performance vapor chambers: Challenges, mechanisms, and future perspectives",2026,https://doi.org/10.1016/j.applthermaleng.2026.131716,Applied Thermal Engineering,middle,advanced packaging thermal resistance high power,1,0,16
Jing Liu,,Huazhong Agricultural University,academic,CN,Electro-thermo-elastic contact instability between insulating substrate and heat spreader,2026,https://doi.org/10.1016/j.compstruct.2026.120639,Composite Structures,middle,advanced packaging thermal resistance high power,1,0,16
Jingshuai Chen,0000-0002-5563-4153,Anhui University,academic,CN,"High-performance multifunctional fGNs@PDA/PVA composites with superior thermal conductivity, electromagnetic interference shielding, and mechanical strength for advanced thermal management applications",2026,https://doi.org/10.1016/j.jallcom.2026.190182,Journal of Alloys and Compounds,middle,advanced packaging thermal resistance high power,1,0,16
Jingwen Zhang,,Southeast University,academic,CN,Experimental study on transient temperature rise characteristics of RF GaN HEMTs,2026,https://doi.org/10.1016/j.microrel.2026.116185,Microelectronics Reliability,middle,GaN HEMT self-heating junction temperature,1,0,16
Jingyuan Ni,,University of Illinois Urbana-Champaign,academic,US,Shear-strain-dependent thermal conductivity of diamond explored via a machine learning potential,2026,https://doi.org/10.1063/5.0336299,Applied Physics Letters,middle,diamond heat spreader electronics,1,0,16
Jiun Oh,,Korea Institute of Energy Research,academic,KR,High Thermal Conductivity Transfer-Printed Polycrystalline Diamond Membranes for Device- and Chip-Level Thermal Management,2026,https://doi.org/10.1021/acsaelm.6c00310,ACS Applied Electronic Materials,middle,GaN-on-diamond thermal management,1,0,16
Jiwen Zhao,,Harbin Institute of Technology,academic,CN,High-temperature stable growth of thick polycrystalline diamond film on GaN enabled by a SiNx/Si double interlayer,2026,https://doi.org/10.1016/j.diamond.2026.113769,Diamond and Related Materials,middle,GaN-on-diamond thermal management,1,0,16
Jonathen Malen,,Carnegie Mellon University,academic,US,Enhanced Thermal Management in GaN Superlattice Castellated Field Effect Transistors,2026,https://doi.org/10.1109/led.2026.3696134,IEEE Electron Device Letters,middle,GaN-on-diamond thermal management,1,0,16
Jongwon Baek,,Sungkyunkwan University,academic,KR,Phonon thermal transport and cooling limits in submicron heteroepitaxial β-Ga2O3 films on SiC,2026,https://doi.org/10.1016/j.actamat.2026.122020,Acta Materialia,middle,GaN-on-diamond thermal management,1,0,16
Joon Seop Kwak,0000-0002-1706-7258,Korea Institute of Energy Research,academic,KR,High Thermal Conductivity Transfer-Printed Polycrystalline Diamond Membranes for Device- and Chip-Level Thermal Management,2026,https://doi.org/10.1021/acsaelm.6c00310,ACS Applied Electronic Materials,middle,GaN-on-diamond thermal management,1,0,16
Juan P. Murrieta-Cortes,,Pennsylvania State University,academic,US,Thermal-hydraulic behavior of a mechanically actuated liquid-cooled heat sink under coupled flow and rotation: Experimental and CFD analysis,2026,https://doi.org/10.1016/j.applthermaleng.2026.131726,Applied Thermal Engineering,middle,advanced packaging thermal resistance high power,1,0,16
Julie Roslita Rusli,0000-0002-3364-0886,University of Kuala Lumpur,academic,MY,"GaN HEMTs for Electric Vehicle Power Electronics: Device Architectures, Reliability and Next-Generation Wide Bandgap Opportunities",2026,https://doi.org/10.3390/en19071752,Energies,middle,GaN HEMT self-heating junction temperature,1,0,16
Jung‐Hun Seo,0000-0002-5039-2503,"University at Buffalo, State University of New York",academic,US,High Thermal Conductivity Transfer-Printed Polycrystalline Diamond Membranes for Device- and Chip-Level Thermal Management,2026,https://doi.org/10.1021/acsaelm.6c00310,ACS Applied Electronic Materials,middle,GaN-on-diamond thermal management,1,0,16
Junhao Fu,,State Key Laboratory of Food Science and Technology,academic,CN,"Microfluidic cooling for high-heat-flux chips: Thermal-path compression, bottleneck migration and near-junction limits",2026,https://doi.org/10.70401/tx.2026.0024,Thermo-X,middle,diamond heat spreader electronics,1,0,16
Junjie Zhao,,State Key Laboratory of Chemical Engineering,academic,CN,A flexible and electrically insulative thermal interface material with ultrahigh liquid metal loading via high internal phase strategy,2026,https://doi.org/10.1016/j.cej.2026.179904,Chemical Engineering Journal,middle,advanced packaging thermal resistance high power,1,0,16
Junjun Wei,,University of Science and Technology Beijing,academic,CN,Low thermal boundary resistance and reduced junction temperature in GaN HEMTs via AlN-mediated top-side diamond integration,2026,https://doi.org/10.1088/1361-6641/ae5ccc,Semiconductor Science and Technology,middle,GaN-on-diamond thermal management,1,0,16
Junkang Wu,,Peking University,academic,CN,High-mobility AlGaN/GaN heterostructures directly grown on diamond (111) substrates using a high-temperature physical-vapor-deposition AlN nucleation layer,2026,https://doi.org/10.1063/5.0315800,Applied Physics Letters,middle,GaN-on-diamond thermal management,1,0,16
Kang Liang,,Wuhan University of Technology,academic,CN,Near-junction thermal management for GaN/diamond HEMTs in extreme environments based on multiscale thermal simulation,2026,https://doi.org/10.1016/j.icheatmasstransfer.2026.111225,International Communications in Heat and Mass Transfer,middle,GaN-on-diamond thermal management,1,0,16
Kang Wang,,Shenzhen University,academic,CN,Next-generation electronic packaging materials: thermal-dielectric properties and design strategies in PI and PTFE-based composites,2026,https://doi.org/10.1007/s42114-026-01849-w,Advanced Composites and Hybrid Materials,middle,advanced packaging thermal resistance high power,1,0,16
Ke Wei,,Institute of Microelectronics,academic,SG,Low thermal boundary resistance and reduced junction temperature in GaN HEMTs via AlN-mediated top-side diamond integration,2026,https://doi.org/10.1088/1361-6641/ae5ccc,Semiconductor Science and Technology,middle,GaN-on-diamond thermal management,1,0,16
Ke Wei,,Chinese Academy of Sciences,academic,CN,Investigation of N-polar GaN-diamond heterogeneous integration enabled by in-situ sputtered aluminum nitride interlayer,2026,https://doi.org/10.1016/j.diamond.2026.113310,Diamond and Related Materials,middle,thermal boundary resistance GaN diamond,1,0,16
Kefan Guo,,University of Hong Kong,academic,HK,Diamond Sensor Technologies: From Multi Stimulus to Quantum,2026,https://doi.org/10.3390/mi17010118,Micromachines,middle,diamond photonics thermal integration,1,0,16
Kexin Zhang,0000-0002-1646-4980,Peking University,academic,CN,High-mobility AlGaN/GaN heterostructures directly grown on diamond (111) substrates using a high-temperature physical-vapor-deposition AlN nucleation layer,2026,https://doi.org/10.1063/5.0315800,Applied Physics Letters,middle,GaN-on-diamond thermal management,1,0,16
Kezhou Bai,,Huazhong University of Science and Technology,academic,CN,Near-junction cooling technology for SiC power modules driven in-situ by thermoelectric effect,2026,https://doi.org/10.1016/j.applthermaleng.2026.132201,Applied Thermal Engineering,middle,near-junction thermal management high power density,1,0,16
Ke‐Xue Li,,Changchun University of Science and Technology,academic,CN,Diamond Metasurface‐Based Optical Tweezers With Enhanced Robustness,2026,https://doi.org/10.1002/advs.202524086,Advanced Science,middle,diamond photonics thermal integration,1,0,16
Kunal Mukherjee,,Stanford University,academic,US,Non-destructive Dislocation Characterization of CVD-grown Diamond for Semiconductor Applications,2026,https://doi.org/10.25740/xf946ym1915,Stanford Digital Repository,middle,CVD diamond substrate power electronics,1,0,16
Lei Shi,,Suzhou University of Science and Technology,academic,CN,Non-Dewetting Cu@Ag Bimodal Nanoparticle Paste and Low-Temperature Pressureless Sintering for Electronic Packaging,2026,https://doi.org/10.1021/acsanm.5c05775,ACS Applied Nano Materials,middle,advanced packaging thermal resistance high power,1,0,16
Lei Wang,,Nanjing University of Information Science and Technology,academic,CN,Effect of interlayer material and thickness on interfacial thermal transport on GaN/diamond heterostructures,2026,https://doi.org/10.1016/j.ijthermalsci.2026.111209,International Journal of Thermal Sciences,middle,thermal boundary resistance GaN diamond,1,0,16
Liang Wang,,,unknown,,Liquid Metal Based Soft-Connected Packaging of Press-Pack SiC Power Module for Pressureless Interconnection and Double-Sided Cooling,2026,https://doi.org/10.1109/tpel.2026.3660323,IEEE Transactions on Power Electronics,middle,advanced packaging thermal resistance high power,1,0,16
Ling Yang,0000-0001-7284-8180,Xidian University,academic,CN,MD-modified DMM analysis of thermal boundary resistance in diamond/GaN heterostructures,2026,https://doi.org/10.1063/5.0325406,Applied Physics Letters,middle,GaN-on-diamond thermal management,1,0,16
Ling Yang,,Xidian University,academic,CN,Impact of Carbon Diffusion Induced Stress on the Properties of Diamond/GaN Heterojunctions,2026,https://doi.org/10.3390/nano16040241,Nanomaterials,middle,GaN-on-diamond thermal management,1,0,16
Ling Yang,,Xidian University,academic,CN,Record- low thermal boundary resistance of GaN-on-diamond structure with ultra-high bonding rate via surface reconstruction bonding technique,2026,https://doi.org/10.1016/j.jallcom.2026.186906,Journal of Alloys and Compounds,middle,GaN-on-diamond thermal management,1,0,16
Ling Yang,,Xidian University,academic,CN,Recent Advances in Diamond-Capped GaN HEMTs for RF Application,2026,https://doi.org/10.3390/nano16040224,Nanomaterials,middle,thermal boundary resistance GaN diamond,1,0,16
Ling Yang,0000-0001-7284-8180,Xidian University,academic,CN,Recent progress on GaN-on-GaN technology for RF applications,2026,https://doi.org/10.1088/1361-6463/ae74df,Journal of Physics D Applied Physics,middle,advanced packaging thermal resistance high power,1,0,16
Lishu Wu,,"National Key Laboratory of Solid-State Microwave Devices and Circuits, Nanjing, 210016, China",academic,,Investigation of N-polar GaN-diamond heterogeneous integration enabled by in-situ sputtered aluminum nitride interlayer,2026,https://doi.org/10.1016/j.diamond.2026.113310,Diamond and Related Materials,middle,thermal boundary resistance GaN diamond,1,0,16
Lucas Yang,0000-0002-5181-6101,National Taiwan University,academic,TW,3D Heterogeneous Integration of Back-Emitting VCSEL Arrays via Flip-Chip Bonding for Co-Packaged Optics Systems,2026,https://doi.org/10.1109/jstqe.2025.3650463,IEEE Journal of Selected Topics in Quantum Electronics,middle,co-packaged optics thermal management,1,0,16
Luke Suter,0009-0009-4323-0790,Fraunhofer USA,academic,US,High Thermal Conductivity Transfer-Printed Polycrystalline Diamond Membranes for Device- and Chip-Level Thermal Management,2026,https://doi.org/10.1021/acsaelm.6c00310,ACS Applied Electronic Materials,middle,GaN-on-diamond thermal management,1,0,16
Lushan Ma,0009-0000-7156-811X,Henan University of Technology,academic,CN,"Nanocopper-based low-temperature interconnection technology: advances in material systems, sintering mechanisms and packaging applications",2026,https://doi.org/10.1108/ssmt-01-2026-0006,Soldering and Surface Mount Technology,middle,advanced packaging thermal resistance high power,1,0,16
M Liu,,Harbin Institute of Technology,academic,CN,Interfacial Mechanical Properties and Optimization of GaN/Diamond Heterostructures via Machine Learning Potential,2026,https://doi.org/10.1021/acs.jpcc.6c00699,The Journal of Physical Chemistry C,middle,GaN-on-diamond thermal management,1,0,16
M Y Kim,,Korea Institute of Energy Research,academic,KR,High Thermal Conductivity Transfer-Printed Polycrystalline Diamond Membranes for Device- and Chip-Level Thermal Management,2026,https://doi.org/10.1021/acsaelm.6c00310,ACS Applied Electronic Materials,middle,GaN-on-diamond thermal management,1,0,16
M. Kadi,,École Supérieure d'Ingénieurs en Génie Électrique,academic,FR,A Review of Thermal Management Techniques Adopted for High-Power-Density GaN-Based Converters,2026,https://doi.org/10.3390/chips5010004,Chips,middle,GaN-on-diamond thermal management,1,0,16
M. R. Wang,0009-0002-8630-9457,Harbin Institute of Technology,academic,CN,Interfacial Mechanical Properties and Optimization of GaN/Diamond Heterostructures via Machine Learning Potential,2026,https://doi.org/10.1021/acs.jpcc.6c00699,The Journal of Physical Chemistry C,middle,GaN-on-diamond thermal management,1,0,16
MF Zhang,,Xidian University,academic,CN,Recent progress on GaN-on-GaN technology for RF applications,2026,https://doi.org/10.1088/1361-6463/ae74df,Journal of Physics D Applied Physics,middle,advanced packaging thermal resistance high power,1,0,16
Ma Lei,,Henan University of Technology,academic,CN,"Nanocopper-based low-temperature interconnection technology: advances in material systems, sintering mechanisms and packaging applications",2026,https://doi.org/10.1108/ssmt-01-2026-0006,Soldering and Surface Mount Technology,middle,advanced packaging thermal resistance high power,1,0,16
Manohar Bongarala,0000-0002-8249-0984,Murray State University,academic,US,"Special Section on Silicon-Package-Rack-Data Center Thermal Management: Challenges, Opportunities, and Solutions",2026,https://doi.org/10.1115/1.4071357,Journal of Electronic Packaging,middle,co-packaged optics thermal management,1,0,16
Manoj Kumar-Sharma,,,unknown,,Thermal-hydraulic behavior of a mechanically actuated liquid-cooled heat sink under coupled flow and rotation: Experimental and CFD analysis,2026,https://doi.org/10.1016/j.applthermaleng.2026.131726,Applied Thermal Engineering,middle,advanced packaging thermal resistance high power,1,0,16
Maryam Soleimani,0000-0003-2302-5983,Silesian University of Technology,academic,PL,EDL-Catalyzed Phase-Field Modeling and Numerically Attentive Interpolation Framework for the Intelligent Design of Cu@Ag Core-Shell Nanoparticles,2026,https://doi.org/10.1016/j.jmat.2026.101287,Journal of Materiomics,middle,advanced packaging thermal resistance high power,1,0,16
Matthias Muehle,0000-0003-2819-9069,Fraunhofer USA,academic,US,High Thermal Conductivity Transfer-Printed Polycrystalline Diamond Membranes for Device- and Chip-Level Thermal Management,2026,https://doi.org/10.1021/acsaelm.6c00310,ACS Applied Electronic Materials,middle,GaN-on-diamond thermal management,1,0,16
Matthias Mühle,,Fraunhofer USA,academic,US,Advances and future perspectives of diamond microchannel heat sinks for high heat flux thermal management,2026,https://doi.org/10.1016/j.applthermaleng.2026.131241,Applied Thermal Engineering,middle,GaN-on-diamond thermal management,1,0,16
Mei Wu,0009-0007-8127-6111,Xidian University,academic,CN,MD-modified DMM analysis of thermal boundary resistance in diamond/GaN heterostructures,2026,https://doi.org/10.1063/5.0325406,Applied Physics Letters,middle,GaN-on-diamond thermal management,1,0,16
Mei Wu,,Xidian University,academic,CN,Impact of Carbon Diffusion Induced Stress on the Properties of Diamond/GaN Heterojunctions,2026,https://doi.org/10.3390/nano16040241,Nanomaterials,middle,GaN-on-diamond thermal management,1,0,16
Mei Wu,,Xidian University,academic,CN,Record- low thermal boundary resistance of GaN-on-diamond structure with ultra-high bonding rate via surface reconstruction bonding technique,2026,https://doi.org/10.1016/j.jallcom.2026.186906,Journal of Alloys and Compounds,middle,GaN-on-diamond thermal management,1,0,16
Mei Wu,,Xidian University,academic,CN,Engineering thermal transport across GaN/diamond interfaces: multifactor regulation and phonon bridge mechanisms elucidated by molecular dynamics,2026,https://doi.org/10.1016/j.apsusc.2026.166260,Applied Surface Science,middle,thermal boundary resistance GaN diamond,1,0,16
Mei Wu,,Xidian University,academic,CN,Recent Advances in Diamond-Capped GaN HEMTs for RF Application,2026,https://doi.org/10.3390/nano16040224,Nanomaterials,middle,thermal boundary resistance GaN diamond,1,0,16
Mei Wu,0009-0007-8127-6111,Xidian University,academic,CN,Recent progress on GaN-on-GaN technology for RF applications,2026,https://doi.org/10.1088/1361-6463/ae74df,Journal of Physics D Applied Physics,middle,advanced packaging thermal resistance high power,1,0,16
Meng Zhang,0000-0001-8827-1398,Xidian University,academic,CN,MD-modified DMM analysis of thermal boundary resistance in diamond/GaN heterostructures,2026,https://doi.org/10.1063/5.0325406,Applied Physics Letters,middle,GaN-on-diamond thermal management,1,0,16
Meng Zhang,,Xidian University,academic,CN,Impact of Carbon Diffusion Induced Stress on the Properties of Diamond/GaN Heterojunctions,2026,https://doi.org/10.3390/nano16040241,Nanomaterials,middle,GaN-on-diamond thermal management,1,0,16
Meng Zhang,,Xidian University,academic,CN,Record- low thermal boundary resistance of GaN-on-diamond structure with ultra-high bonding rate via surface reconstruction bonding technique,2026,https://doi.org/10.1016/j.jallcom.2026.186906,Journal of Alloys and Compounds,middle,GaN-on-diamond thermal management,1,0,16
Meng Zhang,,Xidian University,academic,CN,Recent Advances in Diamond-Capped GaN HEMTs for RF Application,2026,https://doi.org/10.3390/nano16040224,Nanomaterials,middle,thermal boundary resistance GaN diamond,1,0,16
Menglong Hao,,Southeast University,academic,CN,Experimental study on transient temperature rise characteristics of RF GaN HEMTs,2026,https://doi.org/10.1016/j.microrel.2026.116185,Microelectronics Reliability,middle,GaN HEMT self-heating junction temperature,1,0,16
Miao Hu,,Xi’an University,academic,CN,The mechanism of electrolyte temperature in modulating electrical insulation and thermal conductivity of anodic oxide coatings on 6061 aluminum alloy,2026,https://doi.org/10.1016/j.surfcoat.2026.133452,Surface and Coatings Technology,middle,advanced packaging thermal resistance high power,1,0,16
Miao Jiang,0000-0001-7128-8943,Beijing Institute of Technology,academic,CN,Emerging Advanced Electronic Packaging Materials for Thermal Management in Power Electronics,2026,https://doi.org/10.1002/advs.202524348,Advanced Science,middle,advanced packaging thermal resistance high power,1,0,16
Mingfei Xu,,Rice University,academic,US,Diamond Epilayers with Subnanometer Surface Roughness for Enhanced Device Performance,2026,https://doi.org/10.1021/acsaelm.5c02384,ACS Applied Electronic Materials,middle,CVD diamond substrate power electronics,1,0,16
Mingrui Zou,,,unknown,,Liquid Metal Based Soft-Connected Packaging of Press-Pack SiC Power Module for Pressureless Interconnection and Double-Sided Cooling,2026,https://doi.org/10.1109/tpel.2026.3660323,IEEE Transactions on Power Electronics,middle,advanced packaging thermal resistance high power,1,0,16
Minkyu Je,,Sungkyunkwan University,academic,KR,Phonon thermal transport and cooling limits in submicron heteroepitaxial β-Ga2O3 films on SiC,2026,https://doi.org/10.1016/j.actamat.2026.122020,Acta Materialia,middle,GaN-on-diamond thermal management,1,0,16
Mohammed Imran Khan,0000-0002-5689-335X,Michigan State University,academic,US,Advances and future perspectives of diamond microchannel heat sinks for high heat flux thermal management,2026,https://doi.org/10.1016/j.applthermaleng.2026.131241,Applied Thermal Engineering,middle,GaN-on-diamond thermal management,1,0,16
Muhammad Tarique,,Shenzhen Institute of Information Technology,academic,CN,Next-generation electronic packaging materials: thermal-dielectric properties and design strategies in PI and PTFE-based composites,2026,https://doi.org/10.1007/s42114-026-01849-w,Advanced Composites and Hybrid Materials,middle,advanced packaging thermal resistance high power,1,0,16
N. Shigekawa,,Osaka City University,academic,JP,Analysis of Heat Diffusion in GaN/3C-SiC/Diamond HEMTs for Design Optimization,2026,https://doi.org/10.1109/ted.2025.3649191,IEEE Transactions on Electron Devices,middle,GaN-on-diamond thermal management,1,0,16
Nele Moelans,0000-0003-3361-2954,KU Leuven,academic,BE,EDL-Catalyzed Phase-Field Modeling and Numerically Attentive Interpolation Framework for the Intelligent Design of Cu@Ag Core-Shell Nanoparticles,2026,https://doi.org/10.1016/j.jmat.2026.101287,Journal of Materiomics,middle,advanced packaging thermal resistance high power,1,0,16
Ning Tang,,Peking University,academic,CN,High-mobility AlGaN/GaN heterostructures directly grown on diamond (111) substrates using a high-temperature physical-vapor-deposition AlN nucleation layer,2026,https://doi.org/10.1063/5.0315800,Applied Physics Letters,middle,GaN-on-diamond thermal management,1,0,16
Peinan Ni,0000-0002-1550-4450,Ministry of Education,academic,NZ,Diamond Metasurface‐Based Optical Tweezers With Enhanced Robustness,2026,https://doi.org/10.1002/advs.202524086,Advanced Science,middle,diamond photonics thermal integration,1,0,16
Peng Liu,,Guangxi University of Science and Technology,academic,CN,EDL-Catalyzed Phase-Field Modeling and Numerically Attentive Interpolation Framework for the Intelligent Design of Cu@Ag Core-Shell Nanoparticles,2026,https://doi.org/10.1016/j.jmat.2026.101287,Journal of Materiomics,middle,advanced packaging thermal resistance high power,1,0,16
Peng Sun,,,unknown,,Liquid Metal Based Soft-Connected Packaging of Press-Pack SiC Power Module for Pressureless Interconnection and Double-Sided Cooling,2026,https://doi.org/10.1109/tpel.2026.3660323,IEEE Transactions on Power Electronics,middle,advanced packaging thermal resistance high power,1,0,16
Peng Xu,,Wuhan University of Technology,academic,CN,Impact of Carbon Diffusion Induced Stress on the Properties of Diamond/GaN Heterojunctions,2026,https://doi.org/10.3390/nano16040241,Nanomaterials,middle,GaN-on-diamond thermal management,1,0,16
Peng Xu,,Wuhan University,academic,CN,Investigation of N-polar GaN-diamond heterogeneous integration enabled by in-situ sputtered aluminum nitride interlayer,2026,https://doi.org/10.1016/j.diamond.2026.113310,Diamond and Related Materials,middle,thermal boundary resistance GaN diamond,1,0,16
Pier-John Sazio,,University of Southampton,academic,GB,Cubic boron arsenide: A transformative material reshaping modern electronics and thermal management,2026,https://doi.org/10.1016/j.mne.2026.100377,Micro and Nano Engineering,middle,GaN-on-diamond thermal management,1,0,16
Pritam Das,0000-0002-5928-0014,National Institute of Technology Agartala,academic,IN,Recent advances in single-phase liquid cooling techniques for performance enhancement of microchannel heat sinks: a review,2026,https://doi.org/10.47481/jten.0022,Journal of Thermal Engineering,middle,advanced packaging thermal resistance high power,1,0,16
Q Wang,,Shenzhen University,academic,CN,Shear-strain-dependent thermal conductivity of diamond explored via a machine learning potential,2026,https://doi.org/10.1063/5.0336299,Applied Physics Letters,middle,diamond heat spreader electronics,1,0,16
Qi Cao,,Dalian University of Technology,academic,CN,EDL-Catalyzed Phase-Field Modeling and Numerically Attentive Interpolation Framework for the Intelligent Design of Cu@Ag Core-Shell Nanoparticles,2026,https://doi.org/10.1016/j.jmat.2026.101287,Journal of Materiomics,middle,advanced packaging thermal resistance high power,1,0,16
Qian Fan,,Southeast University,academic,CN,RNSG-Assisted Growth of Diamond on GaN Using Ultrathin AlN Interlayers,2026,https://doi.org/10.1007/s11664-026-12825-x,Journal of Electronic Materials,middle,GaN-on-diamond thermal management,1,0,16
Qian Li,,University of Science and Technology of China,academic,CN,Investigation of N-polar GaN-diamond heterogeneous integration enabled by in-situ sputtered aluminum nitride interlayer,2026,https://doi.org/10.1016/j.diamond.2026.113310,Diamond and Related Materials,middle,thermal boundary resistance GaN diamond,1,0,16
Qian Sun,,University of Science and Technology of China,academic,CN,Investigation of N-polar GaN-diamond heterogeneous integration enabled by in-situ sputtered aluminum nitride interlayer,2026,https://doi.org/10.1016/j.diamond.2026.113310,Diamond and Related Materials,middle,thermal boundary resistance GaN diamond,1,0,16
Qijun Wang,,Wuhan University of Technology,academic,CN,Near-junction thermal management for GaN/diamond HEMTs in extreme environments based on multiscale thermal simulation,2026,https://doi.org/10.1016/j.icheatmasstransfer.2026.111225,International Communications in Heat and Mass Transfer,middle,GaN-on-diamond thermal management,1,0,16
Qing Ai,,Harbin Institute of Technology,academic,CN,Interfacial Mechanical Properties and Optimization of GaN/Diamond Heterostructures via Machine Learning Potential,2026,https://doi.org/10.1021/acs.jpcc.6c00699,The Journal of Physical Chemistry C,middle,GaN-on-diamond thermal management,1,0,16
Qing Zhu,0000-0001-6180-5628,Rice University,academic,US,Scalable selective-area diamond growth for thermal management applications,2026,https://doi.org/10.1063/5.0319930,Applied Physics Letters,middle,GaN-on-diamond thermal management,1,0,16
R Y Li,,Wuhan University of Technology,academic,CN,Shear-strain-dependent thermal conductivity of diamond explored via a machine learning potential,2026,https://doi.org/10.1063/5.0336299,Applied Physics Letters,middle,diamond heat spreader electronics,1,0,16
René Poelma,,Delft University of Technology,academic,NL,Topology-optimised near-chip microfluidic cooling for high power electronics,2026,https://doi.org/10.1016/j.csite.2026.108358,Case Studies in Thermal Engineering,middle,advanced packaging thermal resistance high power,1,0,16
Robert Vajtai,,Rice University,academic,US,Scalable selective-area diamond growth for thermal management applications,2026,https://doi.org/10.1063/5.0319930,Applied Physics Letters,middle,GaN-on-diamond thermal management,1,0,16
Robert Vajtai,,Rice University,academic,US,Diamond Epilayers with Subnanometer Surface Roughness for Enhanced Device Performance,2026,https://doi.org/10.1021/acsaelm.5c02384,ACS Applied Electronic Materials,middle,CVD diamond substrate power electronics,1,0,16
Rohith Soman,0000-0003-4714-5875,Stanford University,academic,US,Cooling performance of top-side polycrystalline diamond integration in RF-power N-polar GaN high-electron-mobility transistors predicted using a robust modeling platform,2026,https://doi.org/10.1063/5.0304824,Journal of Applied Physics,middle,GaN-on-diamond thermal management,1,0,16
Rong Zhang,,Nanjing University,academic,CN,Advances and challenges in single crystal diamond growth via microwave plasma chemical vapor deposition,2026,https://doi.org/10.1080/26941112.2026.2669069,Functional Diamond,middle,CVD diamond substrate power electronics,1,0,16
Rui Li,0009-0006-7305-3578,Wuhan University,academic,CN,Near-junction thermal management for GaN/diamond HEMTs in extreme environments based on multiscale thermal simulation,2026,https://doi.org/10.1016/j.icheatmasstransfer.2026.111225,International Communications in Heat and Mass Transfer,middle,GaN-on-diamond thermal management,1,0,16
Rui Wang,,Shenzhen University,academic,CN,Next-generation electronic packaging materials: thermal-dielectric properties and design strategies in PI and PTFE-based composites,2026,https://doi.org/10.1007/s42114-026-01849-w,Advanced Composites and Hybrid Materials,middle,advanced packaging thermal resistance high power,1,0,16
Rui Zhou,,Xi’an University,academic,CN,The mechanism of electrolyte temperature in modulating electrical insulation and thermal conductivity of anodic oxide coatings on 6061 aluminum alloy,2026,https://doi.org/10.1016/j.surfcoat.2026.133452,Surface and Coatings Technology,middle,advanced packaging thermal resistance high power,1,0,16
Ruihan Xu,0000-0001-7159-5935,University of Hong Kong,academic,HK,Diamond Sensor Technologies: From Multi Stimulus to Quantum,2026,https://doi.org/10.3390/mi17010118,Micromachines,middle,diamond photonics thermal integration,1,0,16
Ruiyang Pang,,Nanjing University of Posts and Telecommunications,academic,CN,Research on Intelligent Thermal Optimization for Chiplet-Based Heterogeneously Integrated AI Chip Embedded with Leaf-Vein-Inspired Fractal Microchannels,2026,https://doi.org/10.3390/ma19040679,Materials,middle,chiplet package thermal hotspot mitigation,1,0,16
Ruo‐Zhou Li,0000-0002-2615-9349,Nanjing University of Posts and Telecommunications,academic,CN,Non-Dewetting Cu@Ag Bimodal Nanoparticle Paste and Low-Temperature Pressureless Sintering for Electronic Packaging,2026,https://doi.org/10.1021/acsanm.5c05775,ACS Applied Nano Materials,middle,advanced packaging thermal resistance high power,1,0,16
Ryan DePree,,Michigan State University,academic,US,Advances and future perspectives of diamond microchannel heat sinks for high heat flux thermal management,2026,https://doi.org/10.1016/j.applthermaleng.2026.131241,Applied Thermal Engineering,middle,GaN-on-diamond thermal management,1,0,16
S H Kim,,Pennsylvania State University,academic,US,High Thermal Conductivity Transfer-Printed Polycrystalline Diamond Membranes for Device- and Chip-Level Thermal Management,2026,https://doi.org/10.1021/acsaelm.6c00310,ACS Applied Electronic Materials,middle,GaN-on-diamond thermal management,1,0,16
S S Li,,Xidian University,academic,CN,Recent progress on GaN-on-GaN technology for RF applications,2026,https://doi.org/10.1088/1361-6463/ae74df,Journal of Physics D Applied Physics,middle,advanced packaging thermal resistance high power,1,0,16
S. Wang,0009-0003-6261-2379,Shanghai Maritime University,academic,CN,Advanced Chip-Level Thermal Management Technologies for High-Power Integrated Processors: A Review,2026,https://doi.org/10.3390/en19143304,Energies,middle,near-junction thermal management high power density,1,0,16
S. Y. Park,0009-0004-6233-9971,Carnegie Mellon University,academic,US,Enhanced Thermal Management in GaN Superlattice Castellated Field Effect Transistors,2026,https://doi.org/10.1109/led.2026.3696134,IEEE Electron Device Letters,middle,GaN-on-diamond thermal management,1,0,16
Sathish Thanikodi,,Saveetha University,academic,IN,hBN-rich graphene oxide–based hybrid thermal interface materials for enhanced insulation and thermal stability in electronic packaging,2026,https://doi.org/10.1007/s10854-026-17292-y,Journal of Materials Science Materials in Electronics,middle,advanced packaging thermal resistance high power,1,0,16
Sen Huang,0000-0002-5980-3161,Institute of Microelectronics,academic,SG,Low thermal boundary resistance and reduced junction temperature in GaN HEMTs via AlN-mediated top-side diamond integration,2026,https://doi.org/10.1088/1361-6641/ae5ccc,Semiconductor Science and Technology,middle,GaN-on-diamond thermal management,1,0,16
Sen Huang,,Chinese Academy of Sciences,academic,CN,Investigation of N-polar GaN-diamond heterogeneous integration enabled by in-situ sputtered aluminum nitride interlayer,2026,https://doi.org/10.1016/j.diamond.2026.113310,Diamond and Related Materials,middle,thermal boundary resistance GaN diamond,1,0,16
Sen Zhang,,Harbin Institute of Technology,academic,CN,High-temperature stable growth of thick polycrystalline diamond film on GaN enabled by a SiNx/Si double interlayer,2026,https://doi.org/10.1016/j.diamond.2026.113769,Diamond and Related Materials,middle,GaN-on-diamond thermal management,1,0,16
Shang‐Heng Li,,Changchun University of Science and Technology,academic,CN,Diamond Metasurface‐Based Optical Tweezers With Enhanced Robustness,2026,https://doi.org/10.1002/advs.202524086,Advanced Science,middle,diamond photonics thermal integration,1,0,16
Sheng Liu,,Wuhan University of Technology,academic,CN,Multiscale investigation of thermal transport in β-Ga2O3-based heterointerfaces enabled by machine learning potential: cross-scale parameter,2026,https://doi.org/10.1038/s41524-026-02007-y,npj Computational Materials,middle,diamond heat spreader electronics,1,0,16
Shijie Pan,0000-0002-0793-8806,Beijing University of Technology,academic,CN,Micro-array-enhanced structure–function analysis of effective thermal boundary resistance in GaN/SiN <i>x</i> /diamond heterostructures,2026,https://doi.org/10.1063/5.0333406,Applied Physics Letters,middle,thermal boundary resistance GaN diamond,1,0,16
Shijun Wang,0000-0002-5654-8118,Guangdong University of Technology,academic,CN,Real-time 3D thermal prediction for advanced packaging via machine learning,2026,https://doi.org/10.1016/j.ijheatmasstransfer.2026.128936,International Journal of Heat and Mass Transfer,middle,advanced packaging thermal resistance high power,1,0,16
Shiming Li,0000-0003-0977-040X,Xidian University,academic,CN,MD-modified DMM analysis of thermal boundary resistance in diamond/GaN heterostructures,2026,https://doi.org/10.1063/5.0325406,Applied Physics Letters,middle,GaN-on-diamond thermal management,1,0,16
Shiming Li,,Xidian University,academic,CN,Engineering thermal transport across GaN/diamond interfaces: multifactor regulation and phonon bridge mechanisms elucidated by molecular dynamics,2026,https://doi.org/10.1016/j.apsusc.2026.166260,Applied Surface Science,middle,thermal boundary resistance GaN diamond,1,0,16
Shiming Li,0000-0003-0977-040X,Xidian University,academic,CN,Recent Advances in Diamond-Capped GaN HEMTs for RF Application,2026,https://doi.org/10.3390/nano16040224,Nanomaterials,middle,thermal boundary resistance GaN diamond,1,0,16
Shisong Luo,,Rice University,academic,US,Scalable selective-area diamond growth for thermal management applications,2026,https://doi.org/10.1063/5.0319930,Applied Physics Letters,middle,GaN-on-diamond thermal management,1,0,16
Shisong Luo,,Rice University,academic,US,Diamond Epilayers with Subnanometer Surface Roughness for Enhanced Device Performance,2026,https://doi.org/10.1021/acsaelm.5c02384,ACS Applied Electronic Materials,middle,CVD diamond substrate power electronics,1,0,16
Shiwei Feng,0000-0001-9038-8309,Beijing University of Technology,academic,CN,Micro-array-enhanced structure–function analysis of effective thermal boundary resistance in GaN/SiN <i>x</i> /diamond heterostructures,2026,https://doi.org/10.1063/5.0333406,Applied Physics Letters,middle,thermal boundary resistance GaN diamond,1,0,16
Shiyu Chen,,Dalian University of Technology,academic,CN,EDL-Catalyzed Phase-Field Modeling and Numerically Attentive Interpolation Framework for the Intelligent Design of Cu@Ag Core-Shell Nanoparticles,2026,https://doi.org/10.1016/j.jmat.2026.101287,Journal of Materiomics,middle,advanced packaging thermal resistance high power,1,0,16
Shuo-Heng Wang,0009-0000-4817-3240,Beijing University of Technology,academic,CN,Electro-thermo-elastic contact instability between insulating substrate and heat spreader,2026,https://doi.org/10.1016/j.compstruct.2026.120639,Composite Structures,middle,advanced packaging thermal resistance high power,1,0,16
Shuyuan Lin,0009-0003-7058-1429,State Key Laboratory of Food Science and Technology,academic,CN,"Microfluidic cooling for high-heat-flux chips: Thermal-path compression, bottleneck migration and near-junction limits",2026,https://doi.org/10.70401/tx.2026.0024,Thermo-X,middle,diamond heat spreader electronics,1,0,16
Sichen Liu,,Beijing Institute of Technology,academic,CN,Emerging Advanced Electronic Packaging Materials for Thermal Management in Power Electronics,2026,https://doi.org/10.1002/advs.202524348,Advanced Science,middle,advanced packaging thermal resistance high power,1,0,16
Sihui Hong,0000-0002-1367-3402,Zhejiang University,academic,CN,Heat flux-dependent partial discharge behavior in a two-phase fluorinated liquid: Role of the microstructured heating surface,2026,https://doi.org/10.1063/5.0319532,Applied Physics Letters,middle,near-junction thermal management high power density,1,0,16
Si‐Rui Wang,,Ministry of Education,academic,NZ,Diamond Metasurface‐Based Optical Tweezers With Enhanced Robustness,2026,https://doi.org/10.1002/advs.202524086,Advanced Science,middle,diamond photonics thermal integration,1,0,16
Sonia Eloued,0000-0002-2928-2430,University of Sousse,academic,TN,A Review of Thermal Management Techniques Adopted for High-Power-Density GaN-Based Converters,2026,https://doi.org/10.3390/chips5010004,Chips,middle,GaN-on-diamond thermal management,1,0,16
Srikanth Rangarajan,,Binghamton University,academic,US,"Special Section on Silicon-Package-Rack-Data Center Thermal Management: Challenges, Opportunities, and Solutions",2026,https://doi.org/10.1115/1.4071357,Journal of Electronic Packaging,middle,co-packaged optics thermal management,1,0,16
Stephan Handschuh‐Wang,0000-0002-7822-5256,Shenzhen Technology University,academic,CN,Enhanced thermal performances of high-power LED by diamond packaging,2026,https://doi.org/10.1016/j.diamond.2026.113352,Diamond and Related Materials,middle,diamond heat spreader electronics,1,0,16
Tae Kyoung Kim,0000-0002-7406-7537,Wantveld,academic,NL,High Thermal Conductivity Transfer-Printed Polycrystalline Diamond Membranes for Device- and Chip-Level Thermal Management,2026,https://doi.org/10.1021/acsaelm.6c00310,ACS Applied Electronic Materials,middle,GaN-on-diamond thermal management,1,0,16
Tariq Jamil,0000-0002-7321-4654,University of South Carolina,academic,US,Enhanced Thermal Management in GaN Superlattice Castellated Field Effect Transistors,2026,https://doi.org/10.1109/led.2026.3696134,IEEE Electron Device Letters,middle,GaN-on-diamond thermal management,1,0,16
Tazbiul Hasan,,University of South Carolina,academic,US,Enhanced Thermal Management in GaN Superlattice Castellated Field Effect Transistors,2026,https://doi.org/10.1109/led.2026.3696134,IEEE Electron Device Letters,middle,GaN-on-diamond thermal management,1,0,16
Thu Bui,0000-0001-5619-392X,National Taiwan University,academic,TW,3D Heterogeneous Integration of Back-Emitting VCSEL Arrays via Flip-Chip Bonding for Co-Packaged Optics Systems,2026,https://doi.org/10.1109/jstqe.2025.3650463,IEEE Journal of Selected Topics in Quantum Electronics,middle,co-packaged optics thermal management,1,0,16
Tia Gray,0000-0002-9957-2898,Rice University,academic,US,Diamond Epilayers with Subnanometer Surface Roughness for Enhanced Device Performance,2026,https://doi.org/10.1021/acsaelm.5c02384,ACS Applied Electronic Materials,middle,CVD diamond substrate power electronics,1,0,16
Tiqing Zhao,0009-0007-6849-9193,Institut de Recherche et d’Innovation,academic,FR,Diamond Sensor Technologies: From Multi Stimulus to Quantum,2026,https://doi.org/10.3390/mi17010118,Micromachines,middle,diamond photonics thermal integration,1,0,16
Tymofii Pieshkov,,Rice University,academic,US,Diamond Epilayers with Subnanometer Surface Roughness for Enhanced Device Performance,2026,https://doi.org/10.1021/acsaelm.5c02384,ACS Applied Electronic Materials,middle,CVD diamond substrate power electronics,1,0,16
W J Wang,,Xi'an Jiaotong University,academic,CN,The role of metal interlayer microstructure in thermal transport across diamond/GaN heterointerfaces,2026,https://doi.org/10.1016/j.apsusc.2026.167514,Applied Surface Science,middle,GaN-on-diamond thermal management,1,0,16
Wang Zhang,0000-0002-5180-3618,Shenzhen Technology University,academic,CN,Enhanced thermal performances of high-power LED by diamond packaging,2026,https://doi.org/10.1016/j.diamond.2026.113352,Diamond and Related Materials,middle,diamond heat spreader electronics,1,0,16
Wangchao Yuan,,Jiaxing University,academic,CN,Emerging Advanced Electronic Packaging Materials for Thermal Management in Power Electronics,2026,https://doi.org/10.1002/advs.202524348,Advanced Science,middle,advanced packaging thermal resistance high power,1,0,16
Wei Shen,,Wuhan University of Technology,academic,CN,Near-junction thermal management for GaN/diamond HEMTs in extreme environments based on multiscale thermal simulation,2026,https://doi.org/10.1016/j.icheatmasstransfer.2026.111225,International Communications in Heat and Mass Transfer,middle,GaN-on-diamond thermal management,1,0,16
Wei Shen,0000-0001-8628-729X,Wuhan University of Technology,academic,CN,Multiscale investigation of thermal transport in β-Ga2O3-based heterointerfaces enabled by machine learning potential: cross-scale parameter,2026,https://doi.org/10.1038/s41524-026-02007-y,npj Computational Materials,middle,diamond heat spreader electronics,1,0,16
Wei Tan,0000-0002-9671-2816,Dalian University of Technology,academic,CN,EDL-Catalyzed Phase-Field Modeling and Numerically Attentive Interpolation Framework for the Intelligent Design of Cu@Ag Core-Shell Nanoparticles,2026,https://doi.org/10.1016/j.jmat.2026.101287,Journal of Materiomics,middle,advanced packaging thermal resistance high power,1,0,16
Wenjie Dou,,Ministry of Education,academic,NZ,Diamond Metasurface‐Based Optical Tweezers With Enhanced Robustness,2026,https://doi.org/10.1002/advs.202524086,Advanced Science,middle,diamond photonics thermal integration,1,0,16
Wenjun Liang,0009-0005-9171-6921,Institut de Recherche et d’Innovation,academic,FR,Diamond Sensor Technologies: From Multi Stimulus to Quantum,2026,https://doi.org/10.3390/mi17010118,Micromachines,middle,diamond photonics thermal integration,1,0,16
Wenqian Li,,Beijing Institute of Technology,academic,CN,Emerging Advanced Electronic Packaging Materials for Thermal Management in Power Electronics,2026,https://doi.org/10.1002/advs.202524348,Advanced Science,middle,advanced packaging thermal resistance high power,1,0,16
Wensi Yang,,Harbin Institute of Technology,academic,CN,High-temperature stable growth of thick polycrystalline diamond film on GaN enabled by a SiNx/Si double interlayer,2026,https://doi.org/10.1016/j.diamond.2026.113769,Diamond and Related Materials,middle,GaN-on-diamond thermal management,1,0,16
Wentao Sun,,,unknown,,Liquid Metal Based Soft-Connected Packaging of Press-Pack SiC Power Module for Pressureless Interconnection and Double-Sided Cooling,2026,https://doi.org/10.1109/tpel.2026.3660323,IEEE Transactions on Power Electronics,middle,advanced packaging thermal resistance high power,1,0,16
Willem van Driel,,Delft University of Technology,academic,NL,Topology-optimised near-chip microfluidic cooling for high power electronics,2026,https://doi.org/10.1016/j.csite.2026.108358,Case Studies in Thermal Engineering,middle,advanced packaging thermal resistance high power,1,0,16
Xia Gao,0000-0001-7139-7883,State Key Laboratory of Chemical Engineering,academic,CN,A flexible and electrically insulative thermal interface material with ultrahigh liquid metal loading via high internal phase strategy,2026,https://doi.org/10.1016/j.cej.2026.179904,Chemical Engineering Journal,middle,advanced packaging thermal resistance high power,1,0,16
Xianfeng Ni,,Southeast University,academic,CN,RNSG-Assisted Growth of Diamond on GaN Using Ultrathin AlN Interlayers,2026,https://doi.org/10.1007/s11664-026-12825-x,Journal of Electronic Materials,middle,GaN-on-diamond thermal management,1,0,16
Xiang Gao,0000-0002-8229-2865,University of Science and Technology of China,academic,CN,Real-time 3D thermal prediction for advanced packaging via machine learning,2026,https://doi.org/10.1016/j.ijheatmasstransfer.2026.128936,International Journal of Heat and Mass Transfer,middle,advanced packaging thermal resistance high power,1,0,16
Xiangning Kang,0009-0002-1802-1670,Peking University,academic,CN,High-mobility AlGaN/GaN heterostructures directly grown on diamond (111) substrates using a high-temperature physical-vapor-deposition AlN nucleation layer,2026,https://doi.org/10.1063/5.0315800,Applied Physics Letters,middle,GaN-on-diamond thermal management,1,0,16
Xiangqian Xiu,,Nanjing University,academic,CN,Advances and challenges in single crystal diamond growth via microwave plasma chemical vapor deposition,2026,https://doi.org/10.1080/26941112.2026.2669069,Functional Diamond,middle,CVD diamond substrate power electronics,1,0,16
Xiangrong Chen,0009-0007-4337-3738,Zhejiang University,academic,CN,Heat flux-dependent partial discharge behavior in a two-phase fluorinated liquid: Role of the microstructured heating surface,2026,https://doi.org/10.1063/5.0319532,Applied Physics Letters,middle,near-junction thermal management high power density,1,0,16
Xiangyan Ding,0000-0002-8301-5499,Hebei University of Technology,academic,CN,Synergistic effects of grain boundary and crystallographic orientation on atomic level removal mechanism of polycrystalline diamond,2026,https://doi.org/10.1016/j.wear.2026.206558,Wear,middle,GaN-on-diamond thermal management,1,0,16
Xianshu Luo,,"Agency for Science, Technology and Research",academic,SG,Silicon carbide: a versatile CMOS-compatible material for integrated nonlinear and quantum photonics,2026,https://doi.org/10.1007/s44519-026-00007-5,PhotoniX Synergy,middle,diamond photonics thermal integration,1,0,16
Xiao Wu,,Xi’an University,academic,CN,The mechanism of electrolyte temperature in modulating electrical insulation and thermal conductivity of anodic oxide coatings on 6061 aluminum alloy,2026,https://doi.org/10.1016/j.surfcoat.2026.133452,Surface and Coatings Technology,middle,advanced packaging thermal resistance high power,1,0,16
Xiaohan He,0000-0002-2375-4476,Xidian University,academic,CN,Record- low thermal boundary resistance of GaN-on-diamond structure with ultra-high bonding rate via surface reconstruction bonding technique,2026,https://doi.org/10.1016/j.jallcom.2026.186906,Journal of Alloys and Compounds,middle,GaN-on-diamond thermal management,1,0,16
Xiaohua Ma,,Xidian University,academic,CN,MD-modified DMM analysis of thermal boundary resistance in diamond/GaN heterostructures,2026,https://doi.org/10.1063/5.0325406,Applied Physics Letters,middle,GaN-on-diamond thermal management,1,0,16
Xiaohua Ma,,Xidian University,academic,CN,Impact of Carbon Diffusion Induced Stress on the Properties of Diamond/GaN Heterojunctions,2026,https://doi.org/10.3390/nano16040241,Nanomaterials,middle,GaN-on-diamond thermal management,1,0,16
Xiaohua Ma,,Xidian University,academic,CN,Record- low thermal boundary resistance of GaN-on-diamond structure with ultra-high bonding rate via surface reconstruction bonding technique,2026,https://doi.org/10.1016/j.jallcom.2026.186906,Journal of Alloys and Compounds,middle,GaN-on-diamond thermal management,1,0,16
Xiaohua Ma,,Xidian University,academic,CN,Recent Advances in Diamond-Capped GaN HEMTs for RF Application,2026,https://doi.org/10.3390/nano16040224,Nanomaterials,middle,thermal boundary resistance GaN diamond,1,0,16
Xiaohua Ma,0000-0002-1331-6253,Xidian University,academic,CN,Recent progress on GaN-on-GaN technology for RF applications,2026,https://doi.org/10.1088/1361-6463/ae74df,Journal of Physics D Applied Physics,middle,advanced packaging thermal resistance high power,1,0,16
Xin Chen,,Beijing Institute of Technology,academic,CN,Emerging Advanced Electronic Packaging Materials for Thermal Management in Power Electronics,2026,https://doi.org/10.1002/advs.202524348,Advanced Science,middle,advanced packaging thermal resistance high power,1,0,16
Xing Zhang,0000-0002-7730-9212,Xiamen University of Technology,academic,CN,High-mobility AlGaN/GaN heterostructures directly grown on diamond (111) substrates using a high-temperature physical-vapor-deposition AlN nucleation layer,2026,https://doi.org/10.1063/5.0315800,Applied Physics Letters,middle,GaN-on-diamond thermal management,1,0,16
Xinguo Gao,,Institute of Microelectronics,academic,SG,Low thermal boundary resistance and reduced junction temperature in GaN HEMTs via AlN-mediated top-side diamond integration,2026,https://doi.org/10.1088/1361-6641/ae5ccc,Semiconductor Science and Technology,middle,GaN-on-diamond thermal management,1,0,16
Xingyu Fu,,Peking University,academic,CN,High-mobility AlGaN/GaN heterostructures directly grown on diamond (111) substrates using a high-temperature physical-vapor-deposition AlN nucleation layer,2026,https://doi.org/10.1063/5.0315800,Applied Physics Letters,middle,GaN-on-diamond thermal management,1,0,16
Xingzhong Fu,,Hebei Semiconductor Research Institute,academic,CN,X-Band GaN HEMTs on Diamond Substrate With Record RF Output Power Density of 25 W/mm and Low Channel Temperature,2026,https://doi.org/10.1109/ted.2026.3691328,IEEE Transactions on Electron Devices,middle,thermal boundary resistance GaN diamond,1,0,16
Xinhua Wang,,Institute of Microelectronics,academic,SG,Low thermal boundary resistance and reduced junction temperature in GaN HEMTs via AlN-mediated top-side diamond integration,2026,https://doi.org/10.1088/1361-6641/ae5ccc,Semiconductor Science and Technology,middle,GaN-on-diamond thermal management,1,0,16
Xinhua Wang,,Chinese Academy of Sciences,academic,CN,Investigation of N-polar GaN-diamond heterogeneous integration enabled by in-situ sputtered aluminum nitride interlayer,2026,https://doi.org/10.1016/j.diamond.2026.113310,Diamond and Related Materials,middle,thermal boundary resistance GaN diamond,1,0,16
Xinlei Hua,,Shanghai Maritime University,academic,CN,Advanced Chip-Level Thermal Management Technologies for High-Power Integrated Processors: A Review,2026,https://doi.org/10.3390/en19143304,Energies,middle,near-junction thermal management high power density,1,0,16
Xinqiang Wang,,Peking University,academic,CN,High-mobility AlGaN/GaN heterostructures directly grown on diamond (111) substrates using a high-temperature physical-vapor-deposition AlN nucleation layer,2026,https://doi.org/10.1063/5.0315800,Applied Physics Letters,middle,GaN-on-diamond thermal management,1,0,16
Xinqing Gao,,Shenzhen Technology University,academic,CN,Enhanced thermal performances of high-power LED by diamond packaging,2026,https://doi.org/10.1016/j.diamond.2026.113352,Diamond and Related Materials,middle,diamond heat spreader electronics,1,0,16
Xinxing Duan,,Zhejiang University,academic,CN,Heat flux-dependent partial discharge behavior in a two-phase fluorinated liquid: Role of the microstructured heating surface,2026,https://doi.org/10.1063/5.0319532,Applied Physics Letters,middle,near-junction thermal management high power density,1,0,16
Xinyu Lu,,Hebei University,academic,CN,"Recent progress in thermal management materials for electronic devices: interfacial thermal resistance regulation, thermal network construction, and device reliability boundaries",2026,https://doi.org/10.1007/s10854-026-17969-4,Journal of Materials Science Materials in Electronics,middle,advanced packaging thermal resistance high power,1,0,16
Xu Zou,0000-0002-2833-944X,Xidian University,academic,CN,MD-modified DMM analysis of thermal boundary resistance in diamond/GaN heterostructures,2026,https://doi.org/10.1063/5.0325406,Applied Physics Letters,middle,GaN-on-diamond thermal management,1,0,16
Xu Zou,,Xidian University,academic,CN,Record- low thermal boundary resistance of GaN-on-diamond structure with ultra-high bonding rate via surface reconstruction bonding technique,2026,https://doi.org/10.1016/j.jallcom.2026.186906,Journal of Alloys and Compounds,middle,GaN-on-diamond thermal management,1,0,16
Xuan Liu,0000-0001-5325-0685,Peking University,academic,CN,High-mobility AlGaN/GaN heterostructures directly grown on diamond (111) substrates using a high-temperature physical-vapor-deposition AlN nucleation layer,2026,https://doi.org/10.1063/5.0315800,Applied Physics Letters,middle,GaN-on-diamond thermal management,1,0,16
Xuanyu Zhou,0009-0008-2093-1335,"University at Buffalo, State University of New York",academic,US,High Thermal Conductivity Transfer-Printed Polycrystalline Diamond Membranes for Device- and Chip-Level Thermal Management,2026,https://doi.org/10.1021/acsaelm.6c00310,ACS Applied Electronic Materials,middle,GaN-on-diamond thermal management,1,0,16
Xuelin Yang,0000-0001-5152-5075,Peking University,academic,CN,High-mobility AlGaN/GaN heterostructures directly grown on diamond (111) substrates using a high-temperature physical-vapor-deposition AlN nucleation layer,2026,https://doi.org/10.1063/5.0315800,Applied Physics Letters,middle,GaN-on-diamond thermal management,1,0,16
Xuesong Mei,0000-0001-6505-2774,Xi'an Jiaotong University,academic,CN,The role of metal interlayer microstructure in thermal transport across diamond/GaN heterointerfaces,2026,https://doi.org/10.1016/j.apsusc.2026.167514,Applied Surface Science,middle,GaN-on-diamond thermal management,1,0,16
Yang Fu,,Beijing Institute of Technology,academic,CN,Emerging Advanced Electronic Packaging Materials for Thermal Management in Power Electronics,2026,https://doi.org/10.1002/advs.202524348,Advanced Science,middle,advanced packaging thermal resistance high power,1,0,16
Yang Lu,,City University of Hong Kong,academic,HK,The role of metal interlayer microstructure in thermal transport across diamond/GaN heterointerfaces,2026,https://doi.org/10.1016/j.apsusc.2026.167514,Applied Surface Science,middle,GaN-on-diamond thermal management,1,0,16
Yanhui Feng,,University of Science and Technology Beijing,academic,CN,Rational thermal design of 2.5D heterogeneously integrated systems via topology optimization coupled with micro-rib texturing,2026,https://doi.org/10.1016/j.ijheatmasstransfer.2026.129202,International Journal of Heat and Mass Transfer,middle,advanced packaging thermal resistance high power,1,0,16
Yaqi Hou,,Fudan University,academic,CN,High-thermal-conductivity polycrystalline diamond grown on GaN via a cyclic-methane-modulation-assisted strategy,2026,https://doi.org/10.1063/5.0340227,Applied Physics Letters,middle,thermal boundary resistance GaN diamond,1,0,16
Yi Teng,,Nanjing University of Posts and Telecommunications,academic,CN,Research on Intelligent Thermal Optimization for Chiplet-Based Heterogeneously Integrated AI Chip Embedded with Leaf-Vein-Inspired Fractal Microchannels,2026,https://doi.org/10.3390/ma19040679,Materials,middle,chiplet package thermal hotspot mitigation,1,0,16
Yichang Wu,,Hebei Semiconductor Research Institute,academic,CN,X-Band GaN HEMTs on Diamond Substrate With Record RF Output Power Density of 25 W/mm and Low Channel Temperature,2026,https://doi.org/10.1109/ted.2026.3691328,IEEE Transactions on Electron Devices,middle,thermal boundary resistance GaN diamond,1,0,16
Yicun Li,,Harbin Institute of Technology,academic,CN,High-temperature stable growth of thick polycrystalline diamond film on GaN enabled by a SiNx/Si double interlayer,2026,https://doi.org/10.1016/j.diamond.2026.113769,Diamond and Related Materials,middle,GaN-on-diamond thermal management,1,0,16
Yifei Liu,,Shanghai Jiao Tong University,academic,CN,The mechanism of electrolyte temperature in modulating electrical insulation and thermal conductivity of anodic oxide coatings on 6061 aluminum alloy,2026,https://doi.org/10.1016/j.surfcoat.2026.133452,Surface and Coatings Technology,middle,advanced packaging thermal resistance high power,1,0,16
Yingkui Zheng,,Institute of Microelectronics,academic,SG,Low thermal boundary resistance and reduced junction temperature in GaN HEMTs via AlN-mediated top-side diamond integration,2026,https://doi.org/10.1088/1361-6641/ae5ccc,Semiconductor Science and Technology,middle,GaN-on-diamond thermal management,1,0,16
Yipeng Liu,,Huazhong University of Science and Technology,academic,CN,Near-junction cooling technology for SiC power modules driven in-situ by thermoelectric effect,2026,https://doi.org/10.1016/j.applthermaleng.2026.132201,Applied Thermal Engineering,middle,near-junction thermal management high power density,1,0,16
Yong Zhang,0000-0003-2179-3698,University of Hong Kong,academic,HK,Diamond Sensor Technologies: From Multi Stimulus to Quantum,2026,https://doi.org/10.3390/mi17010118,Micromachines,middle,diamond photonics thermal integration,1,0,16
Yongfeng Dong,,Henan University of Technology,academic,CN,"Nanocopper-based low-temperature interconnection technology: advances in material systems, sintering mechanisms and packaging applications",2026,https://doi.org/10.1108/ssmt-01-2026-0006,Soldering and Surface Mount Technology,middle,advanced packaging thermal resistance high power,1,0,16
Yong‐Yang Zhu,,Ministry of Education,academic,NZ,Diamond Metasurface‐Based Optical Tweezers With Enhanced Robustness,2026,https://doi.org/10.1002/advs.202524086,Advanced Science,middle,diamond photonics thermal integration,1,0,16
Yu Chen,,Chinese Academy of Sciences,academic,CN,Investigation of N-polar GaN-diamond heterogeneous integration enabled by in-situ sputtered aluminum nitride interlayer,2026,https://doi.org/10.1016/j.diamond.2026.113310,Diamond and Related Materials,middle,thermal boundary resistance GaN diamond,1,0,16
Yu Liang,,Nanjing University of Posts and Telecommunications,academic,CN,Research on Intelligent Thermal Optimization for Chiplet-Based Heterogeneously Integrated AI Chip Embedded with Leaf-Vein-Inspired Fractal Microchannels,2026,https://doi.org/10.3390/ma19040679,Materials,middle,chiplet package thermal hotspot mitigation,1,0,16
Yu Zhou,,University of Science and Technology of China,academic,CN,Investigation of N-polar GaN-diamond heterogeneous integration enabled by in-situ sputtered aluminum nitride interlayer,2026,https://doi.org/10.1016/j.diamond.2026.113310,Diamond and Related Materials,middle,thermal boundary resistance GaN diamond,1,0,16
Yuan Cheng,,Suzhou Research Institute,academic,CN,Emerging Advanced Electronic Packaging Materials for Thermal Management in Power Electronics,2026,https://doi.org/10.1002/advs.202524348,Advanced Science,middle,advanced packaging thermal resistance high power,1,0,16
Yuan Li,,Wuhan University of Technology,academic,CN,MD-modified DMM analysis of thermal boundary resistance in diamond/GaN heterostructures,2026,https://doi.org/10.1063/5.0325406,Applied Physics Letters,middle,GaN-on-diamond thermal management,1,0,16
Yuan Li,,Wuhan University,academic,CN,Record- low thermal boundary resistance of GaN-on-diamond structure with ultra-high bonding rate via surface reconstruction bonding technique,2026,https://doi.org/10.1016/j.jallcom.2026.186906,Journal of Alloys and Compounds,middle,GaN-on-diamond thermal management,1,0,16
Yuan Zhang,,Huazhong University of Science and Technology,academic,CN,Trimodal mediated superior sintering and fracture resistance mechanism in nano-metal interconnection,2026,https://doi.org/10.1016/j.matdes.2026.116221,Materials & Design,middle,advanced packaging thermal resistance high power,1,0,16
Yuan Zou,0000-0001-6634-3370,Suzhou University of Science and Technology,academic,CN,Non-Dewetting Cu@Ag Bimodal Nanoparticle Paste and Low-Temperature Pressureless Sintering for Electronic Packaging,2026,https://doi.org/10.1021/acsanm.5c05775,ACS Applied Nano Materials,middle,advanced packaging thermal resistance high power,1,0,16
Yuan-Jun Song,,Suzhou University of Science and Technology,academic,CN,Non-Dewetting Cu@Ag Bimodal Nanoparticle Paste and Low-Temperature Pressureless Sintering for Electronic Packaging,2026,https://doi.org/10.1021/acsanm.5c05775,ACS Applied Nano Materials,middle,advanced packaging thermal resistance high power,1,0,16
Yuanjie Lv,0009-0002-8121-4387,Hebei Semiconductor Research Institute,academic,CN,X-Band GaN HEMTs on Diamond Substrate With Record RF Output Power Density of 25 W/mm and Low Channel Temperature,2026,https://doi.org/10.1109/ted.2026.3691328,IEEE Transactions on Electron Devices,middle,thermal boundary resistance GaN diamond,1,0,16
Yuanmao Lai,,Shenzhen Technology University,academic,CN,Enhanced thermal performances of high-power LED by diamond packaging,2026,https://doi.org/10.1016/j.diamond.2026.113352,Diamond and Related Materials,middle,diamond heat spreader electronics,1,0,16
Yuanmeng Xiang,,Xidian University,academic,CN,MD-modified DMM analysis of thermal boundary resistance in diamond/GaN heterostructures,2026,https://doi.org/10.1063/5.0325406,Applied Physics Letters,middle,GaN-on-diamond thermal management,1,0,16
Yue Wang,,Peking University,academic,CN,High-mobility AlGaN/GaN heterostructures directly grown on diamond (111) substrates using a high-temperature physical-vapor-deposition AlN nucleation layer,2026,https://doi.org/10.1063/5.0315800,Applied Physics Letters,middle,GaN-on-diamond thermal management,1,0,16
Yuji Zhao,,Rice University,academic,US,Scalable selective-area diamond growth for thermal management applications,2026,https://doi.org/10.1063/5.0319930,Applied Physics Letters,middle,GaN-on-diamond thermal management,1,0,16
Yuji Zhao,0000-0001-9199-4159,Rice University,academic,US,Diamond Epilayers with Subnanometer Surface Roughness for Enhanced Device Performance,2026,https://doi.org/10.1021/acsaelm.5c02384,ACS Applied Electronic Materials,middle,CVD diamond substrate power electronics,1,0,16
Yujin Zhang,0000-0001-7554-3868,Jiaxing University,academic,CN,Emerging Advanced Electronic Packaging Materials for Thermal Management in Power Electronics,2026,https://doi.org/10.1002/advs.202524348,Advanced Science,middle,advanced packaging thermal resistance high power,1,0,16
Yumeng Zhou,,Fudan University,academic,CN,High-thermal-conductivity polycrystalline diamond grown on GaN via a cyclic-methane-modulation-assisted strategy,2026,https://doi.org/10.1063/5.0340227,Applied Physics Letters,middle,thermal boundary resistance GaN diamond,1,0,16
Yun Liu,0000-0001-9630-7610,Nanjing University of Posts and Telecommunications,academic,CN,Thermal–Electrical Fusion for Real-Time Condition Monitoring of IGBT Modules in Transportation Systems,2026,https://doi.org/10.3390/mi17020154,Micromachines,middle,IGBT module baseplate thermal fatigue,1,0,16
Yung-Yi Cheng,,Asia University,academic,TW,Numerical investigation of tesla valve-based liquid cooling system with diamond substrate and thermal interface materials for high-power GaN device thermal management,2026,https://doi.org/10.1016/j.rineng.2026.112261,Results in Engineering,middle,GaN-on-diamond thermal management,1,0,16
Yupeng Yuan,0000-0002-3661-3066,Anhui University,academic,CN,"High-performance multifunctional fGNs@PDA/PVA composites with superior thermal conductivity, electromagnetic interference shielding, and mechanical strength for advanced thermal management applications",2026,https://doi.org/10.1016/j.jallcom.2026.190182,Journal of Alloys and Compounds,middle,advanced packaging thermal resistance high power,1,0,16
Yuping Liu,0000-0003-0184-2173,Nankai University,academic,CN,In-situ Joule heating fabricating SiC/graphene composites: Interfacial coupling and synergistic heat transfer boosting superior thermal management,2026,https://doi.org/10.1016/j.carbon.2026.121412,Carbon,middle,advanced packaging thermal resistance high power,1,0,16
Yutao Fang,0000-0001-5814-3133,Fudan University,academic,CN,Polycrystalline diamond heteroepitaxy on the third-generation semiconductors for thermal dissipation,2026,https://doi.org/10.1016/j.mtelec.2026.100207,Materials Today Electronics,middle,GaN-on-diamond thermal management,1,0,16
Yuxi Liang,,,unknown,,Liquid Metal Based Soft-Connected Packaging of Press-Pack SiC Power Module for Pressureless Interconnection and Double-Sided Cooling,2026,https://doi.org/10.1109/tpel.2026.3660323,IEEE Transactions on Power Electronics,middle,advanced packaging thermal resistance high power,1,0,16
Yuxia Feng,0000-0003-0307-1691,Beijing University of Technology,academic,CN,High-mobility AlGaN/GaN heterostructures directly grown on diamond (111) substrates using a high-temperature physical-vapor-deposition AlN nucleation layer,2026,https://doi.org/10.1063/5.0315800,Applied Physics Letters,middle,GaN-on-diamond thermal management,1,0,16
Yuzhou Du,,Xi’an University,academic,CN,The mechanism of electrolyte temperature in modulating electrical insulation and thermal conductivity of anodic oxide coatings on 6061 aluminum alloy,2026,https://doi.org/10.1016/j.surfcoat.2026.133452,Surface and Coatings Technology,middle,advanced packaging thermal resistance high power,1,0,16
Yuzhou Sun,0000-0001-5411-0553,Dalian University of Technology,academic,CN,EDL-Catalyzed Phase-Field Modeling and Numerically Attentive Interpolation Framework for the Intelligent Design of Cu@Ag Core-Shell Nanoparticles,2026,https://doi.org/10.1016/j.jmat.2026.101287,Journal of Materiomics,middle,advanced packaging thermal resistance high power,1,0,16
Zekun Yin,,Xi'an Jiaotong University,academic,CN,The role of metal interlayer microstructure in thermal transport across diamond/GaN heterointerfaces,2026,https://doi.org/10.1016/j.apsusc.2026.167514,Applied Surface Science,middle,GaN-on-diamond thermal management,1,0,16
Zeming Tao,,Xiamen University of Technology,academic,CN,Reliable thermal management of high-power semiconductor lasers based on nano-silver sintering diamonds,2026,https://doi.org/10.1016/j.mtcomm.2025.114613,Materials Today Communications,middle,advanced packaging thermal resistance high power,1,0,16
Zexiang Zheng,,Huazhong University of Science and Technology,academic,CN,Near-junction cooling technology for SiC power modules driven in-situ by thermoelectric effect,2026,https://doi.org/10.1016/j.applthermaleng.2026.132201,Applied Thermal Engineering,middle,near-junction thermal management high power density,1,0,16
Zhangchi Zhao,,State Key Laboratory of Food Science and Technology,academic,CN,"Microfluidic cooling for high-heat-flux chips: Thermal-path compression, bottleneck migration and near-junction limits",2026,https://doi.org/10.70401/tx.2026.0024,Thermo-X,middle,diamond heat spreader electronics,1,0,16
Zhanpeng Sun,,Wuhan University of Technology,academic,CN,Near-junction thermal management for GaN/diamond HEMTs in extreme environments based on multiscale thermal simulation,2026,https://doi.org/10.1016/j.icheatmasstransfer.2026.111225,International Communications in Heat and Mass Transfer,middle,GaN-on-diamond thermal management,1,0,16
Zhen Hu,,Nanjing University of Posts and Telecommunications,academic,CN,Thermal–Electrical Fusion for Real-Time Condition Monitoring of IGBT Modules in Transportation Systems,2026,https://doi.org/10.3390/mi17020154,Micromachines,middle,IGBT module baseplate thermal fatigue,1,0,16
Zheng Zhang,,Beijing Microelectronics Technology Institute,academic,CN,β-Ga2O3 diodes with ultra-high surge current enabled by Ag/AMB-AlN flip-chip packaging,2026,https://doi.org/10.1016/j.jnlest.2026.100347,Journal of Electronic Science and Technology,middle,advanced packaging thermal resistance high power,1,0,16
Zhenghao Chen,0000-0002-5296-4915,Peking University,academic,CN,High-mobility AlGaN/GaN heterostructures directly grown on diamond (111) substrates using a high-temperature physical-vapor-deposition AlN nucleation layer,2026,https://doi.org/10.1063/5.0315800,Applied Physics Letters,middle,GaN-on-diamond thermal management,1,0,16
Zhengjie Fan,0000-0002-7106-8470,Xi'an Jiaotong University,academic,CN,The role of metal interlayer microstructure in thermal transport across diamond/GaN heterointerfaces,2026,https://doi.org/10.1016/j.apsusc.2026.167514,Applied Surface Science,middle,GaN-on-diamond thermal management,1,0,16
Zhi-Peng Wei,,Changchun University of Science and Technology,academic,CN,Diamond Metasurface‐Based Optical Tweezers With Enhanced Robustness,2026,https://doi.org/10.1002/advs.202524086,Advanced Science,middle,diamond photonics thermal integration,1,0,16
Zhijie Zhang,,Jiangsu University of Science and Technology,academic,CN,EDL-Catalyzed Phase-Field Modeling and Numerically Attentive Interpolation Framework for the Intelligent Design of Cu@Ag Core-Shell Nanoparticles,2026,https://doi.org/10.1016/j.jmat.2026.101287,Journal of Materiomics,middle,advanced packaging thermal resistance high power,1,0,16
Zhong Zhang,0000-0002-9102-1311,University of Science and Technology of China,academic,CN,Real-time 3D thermal prediction for advanced packaging via machine learning,2026,https://doi.org/10.1016/j.ijheatmasstransfer.2026.128936,International Journal of Heat and Mass Transfer,middle,advanced packaging thermal resistance high power,1,0,16
Zhongliang Liu,,Xiamen University of Technology,academic,CN,Reliable thermal management of high-power semiconductor lasers based on nano-silver sintering diamonds,2026,https://doi.org/10.1016/j.mtcomm.2025.114613,Materials Today Communications,middle,advanced packaging thermal resistance high power,1,0,16
Zi Wang,0000-0002-7361-1406,Dalian University of Technology,academic,CN,EDL-Catalyzed Phase-Field Modeling and Numerically Attentive Interpolation Framework for the Intelligent Design of Cu@Ag Core-Shell Nanoparticles,2026,https://doi.org/10.1016/j.jmat.2026.101287,Journal of Materiomics,middle,advanced packaging thermal resistance high power,1,0,16
Zihan Yang,0009-0006-3618-662X,Shanghai Maritime University,academic,CN,Advanced Chip-Level Thermal Management Technologies for High-Power Integrated Processors: A Review,2026,https://doi.org/10.3390/en19143304,Energies,middle,near-junction thermal management high power density,1,0,16
Zihao Zeng,,"Agency for Science, Technology and Research",academic,SG,Silicon carbide: a versatile CMOS-compatible material for integrated nonlinear and quantum photonics,2026,https://doi.org/10.1007/s44519-026-00007-5,PhotoniX Synergy,middle,diamond photonics thermal integration,1,0,16
Zishuo Dong,,Xidian University,academic,CN,Recent progress on GaN-on-GaN technology for RF applications,2026,https://doi.org/10.1088/1361-6463/ae74df,Journal of Physics D Applied Physics,middle,advanced packaging thermal resistance high power,1,0,16
Zong-Ru Yang,,Suzhou University of Science and Technology,academic,CN,Non-Dewetting Cu@Ag Bimodal Nanoparticle Paste and Low-Temperature Pressureless Sintering for Electronic Packaging,2026,https://doi.org/10.1021/acsanm.5c05775,ACS Applied Nano Materials,middle,advanced packaging thermal resistance high power,1,0,16
A. A. Alexandrov,0000-0001-7874-7284,NS Kurnakova Institute of General and Inorganic Chemistry,academic,RU,Diamond-based composites with embedded core-shell β-NaGdF4:Eu nanoparticles: synthesis and luminescent characteristics,2025,https://doi.org/10.1016/j.diamond.2025.113062,Diamond and Related Materials,middle,diamond photonics thermal integration,1,0,16
A.S. Augustine Fletcher,0000-0002-5374-8149,SRM Institute of Science and Technology,academic,IN,Recent advancement in β-Ga2O3 MOSFETs: From material growth to device architectures for high-power electronics,2025,https://doi.org/10.1016/j.mee.2025.112359,Microelectronic Engineering,middle,diamond heat spreader electronics,1,0,16
Abdullah S. Obeidat,0009-0005-0057-0542,Binghamton University,academic,US,Robust Printed Interconnects for Harsh Environments,2025,https://doi.org/10.37665/smgkpyr29728,SMTA International,middle,advanced packaging thermal resistance high power,1,0,16
Abid Ullah,,Donghua University,academic,CN,Interface-Driven Electrothermal Degradation in GaN-on-Diamond High Electron Mobility Transistors,2025,https://doi.org/10.3390/nano15141114,Nanomaterials,middle,GaN-on-diamond thermal management,1,0,16
Alberto Peruzzo (14406447),,,unknown,,PhotoluminescenceProperties of Ion-Implanted Er<sup>3+</sup> Defects in 4H-SiCOI forIntegrated Quantum Photonics,2025,https://doi.org/10.1021/acsanm.5c00085.s001,Figshare,middle,diamond photonics thermal integration,1,0,16
Alexandar King,,Georgia Institute of Technology,academic,US,In Situ Generated Silver Nanoparticles on Boron Nitride Nanosheets Followed by Silane Modification in High‐Performance Epoxy Nanocomposites for Advanced Packaging Applications,2025,https://doi.org/10.1002/aelm.202500245,Advanced Electronic Materials,middle,advanced packaging thermal resistance high power,1,0,16
Alexey Lyasota,0000-0001-6141-2349,UNSW Sydney,academic,AU,Photoluminescence Properties of Ion-Implanted Er<sup>3+</sup> Defects in 4H-SiCOI for Integrated Quantum Photonics,2025,https://doi.org/10.1021/acsanm.5c00085,ACS Applied Nano Materials,middle,diamond photonics thermal integration,1,0,16
Alexey Lyasota (11662315),,,unknown,,PhotoluminescenceProperties of Ion-Implanted Er<sup>3+</sup> Defects in 4H-SiCOI forIntegrated Quantum Photonics,2025,https://doi.org/10.1021/acsanm.5c00085.s001,Figshare,middle,diamond photonics thermal integration,1,0,16
Alfred Schuurmans,,QuTech,academic,NL,Strain Effects in a Directly Bonded Diamond‐on‐Insulator Substrate,2025,https://doi.org/10.1002/pssa.202500277,physica status solidi (a),middle,diamond photonics thermal integration,1,0,16
Antong Bi,,Northwestern Polytechnical University,academic,CN,Liquid metal microfluidic cooling system for high-efficiency thermal management via learning-based genetic algorithm,2025,https://doi.org/10.1016/j.engappai.2025.112324,Engineering Applications of Artificial Intelligence,middle,near-junction thermal management high power density,1,0,16
Arpit Nandi,0000-0003-1160-8655,University of Bristol,academic,GB,Thermal Boundary Resistance Reduction by Interfacial Nanopatterning for GaN-on-Diamond Electronics Applications,2025,https://doi.org/10.1021/acsaelm.5c00119,ACS Applied Electronic Materials,middle,GaN-on-diamond thermal management,1,0,16
Artem Martyanov,0000-0002-3196-5695,Prokhorov General Physics Institute,academic,RU,Diamond-based composites with embedded core-shell β-NaGdF4:Eu nanoparticles: synthesis and luminescent characteristics,2025,https://doi.org/10.1016/j.diamond.2025.113062,Diamond and Related Materials,middle,diamond photonics thermal integration,1,0,16
Bao Chen,0000-0003-3946-2328,Huanghuai University,academic,CN,Accelerated TLPD bonding of reliable IMCs micro joints using Cu–8Ni substrate under thermal gradient: Experiments and theoretical calculations,2025,https://doi.org/10.1016/j.jmrt.2025.01.057,Journal of Materials Research and Technology,middle,advanced packaging thermal resistance high power,1,0,16
Bing Yang,0000-0003-3178-1084,Shandong University of Technology,academic,CN,Mechanism analysis of strengthening interfacial thermal conductance of w-AlN/Graphene/3C-SiC typical heterostructure by graphene interlayer bonding,2025,https://doi.org/10.1016/j.ceramint.2025.02.116,Ceramics International,middle,GaN-on-diamond thermal management,1,0,16
Bo Zhang,0000-0003-1288-1549,University of Electronic Science and Technology of China,academic,CN,"Nonmonotonic Instability of <i>V</i> <sub>TH</sub> and <i>R</i> <sub>ds,on</sub> in 650 V Schottky-Type p-GaN Gate HEMTs Under Short-Circuit: The Effect of Electric Field and Thermal Dynamics",2025,https://doi.org/10.1109/ted.2025.3632816,IEEE Transactions on Electron Devices,middle,GaN HEMT self-heating junction temperature,1,0,16
Boquan Ren,0000-0002-0126-3131,Xi'an Shiyou University,academic,CN,Enhancing interfacial thermal transport in GaN-diamond heterointerfaces through thermally induced mixing layers,2025,https://doi.org/10.1088/1402-4896/ae0832,Physica Scripta,middle,GaN-on-diamond thermal management,1,0,16
Bowen Wei,0000-0002-0256-4817,Shandong University of Technology,academic,CN,Mechanism analysis of strengthening interfacial thermal conductance of w-AlN/Graphene/3C-SiC typical heterostructure by graphene interlayer bonding,2025,https://doi.org/10.1016/j.ceramint.2025.02.116,Ceramics International,middle,GaN-on-diamond thermal management,1,0,16
Brett C. Johnson,0000-0002-2174-4178,RMIT University,academic,AU,Photoluminescence Properties of Ion-Implanted Er<sup>3+</sup> Defects in 4H-SiCOI for Integrated Quantum Photonics,2025,https://doi.org/10.1021/acsanm.5c00085,ACS Applied Nano Materials,middle,diamond photonics thermal integration,1,0,16
Brett C. Johnson (1759891),,,unknown,,PhotoluminescenceProperties of Ion-Implanted Er<sup>3+</sup> Defects in 4H-SiCOI forIntegrated Quantum Photonics,2025,https://doi.org/10.1021/acsanm.5c00085.s001,Figshare,middle,diamond photonics thermal integration,1,0,16
Bryce Wong,,"University of California, Los Angeles",academic,US,Advancing Thermal Management Technology for Power Semiconductors through Materials and Interface Engineering,2025,https://doi.org/10.1021/accountsmr.4c00349,Accounts of Materials Research,middle,GaN-on-diamond thermal management,1,0,16
CHEN Heyuan,,,unknown,,GaN-based lateral diode with nanocrystalline diamond passivation layer,2025,https://doi.org/10.7498/aps.74.20250523,Acta Physica Sinica,middle,GaN-on-diamond thermal management,1,0,16
Chao Yuan,0000-0003-3116-6049,Wuhan University of Technology,academic,CN,GaN HEMTs on 4H-SiC/Diamond Engineered Substrate With Enhanced Heat Dissipation,2025,https://doi.org/10.1109/led.2025.3635043,IEEE Electron Device Letters,middle,thermal boundary resistance GaN diamond,1,0,16
Che-yu Yeh,,National Cheng Kung University,academic,TW,Sonochemical Synthesis of Submicrometer Ga-Based Particles for Cu-to-Cu Interconnection,2025,https://doi.org/10.1021/acsaelm.5c01346,ACS Applied Electronic Materials,middle,advanced packaging thermal resistance high power,1,0,16
Che-yu Yeh (22318330),,,unknown,,Sonochemical Synthesisof Submicrometer Ga-Based Particles for Cu-to-Cu Interconnection,2025,https://doi.org/10.1021/acsaelm.5c01346.s001,Figshare,middle,advanced packaging thermal resistance high power,1,0,16
Chen Ge,0000-0002-8093-940X,Donghua University,academic,CN,Interface-Driven Electrothermal Degradation in GaN-on-Diamond High Electron Mobility Transistors,2025,https://doi.org/10.3390/nano15141114,Nanomaterials,middle,GaN-on-diamond thermal management,1,0,16
Chenghao Ma,,Shenzhen Institutes of Advanced Technology,academic,CN,Laser-induced broad-spectrum strong absorption multiscale carbon-based nanofilms for photonic debonding based on the spatial confinement effect,2025,https://doi.org/10.1088/2631-7990/ae1db8,International Journal of Extreme Manufacturing,middle,advanced packaging thermal resistance high power,1,0,16
Chenkai Deng,0000-0001-9585-353X,Harbin Institute of Technology,academic,CN,Numerical Investigation on Electrothermal Performance of AlGaN/GaN HEMTs with Nanocrystalline Diamond/SiNx Trench Dual-Passivation Layers,2025,https://doi.org/10.3390/nano15080574,Nanomaterials,middle,GaN HEMT self-heating junction temperature,1,0,16
Chih-han Yang,,National Cheng Kung University,academic,TW,Sonochemical Synthesis of Submicrometer Ga-Based Particles for Cu-to-Cu Interconnection,2025,https://doi.org/10.1021/acsaelm.5c01346,ACS Applied Electronic Materials,middle,advanced packaging thermal resistance high power,1,0,16
Chih-han Yang (22318333),,,unknown,,Sonochemical Synthesisof Submicrometer Ga-Based Particles for Cu-to-Cu Interconnection,2025,https://doi.org/10.1021/acsaelm.5c01346.s001,Figshare,middle,advanced packaging thermal resistance high power,1,0,16
Chih‐Chieh Su,0000-0002-7624-1607,"University of California, Los Angeles",academic,US,Advancing Thermal Management Technology for Power Semiconductors through Materials and Interface Engineering,2025,https://doi.org/10.1021/accountsmr.4c00349,Accounts of Materials Research,middle,GaN-on-diamond thermal management,1,0,16
Chinsung Park,0000-0001-9631-2866,Georgia Institute of Technology,academic,US,3-D Stacked HBM and Compute Accelerators for LLM: Optimizing Thermal Management and Power Delivery Efficiency,2025,https://doi.org/10.1109/jxcdc.2025.3617298,IEEE Journal on Exploratory Solid-State Computational Devices and Circuits,middle,advanced packaging thermal resistance high power,1,0,16
Chuan Chen,0000-0001-9460-9447,Chinese Academy of Sciences,academic,CN,Simulation and experimental investigation of liquid-cooling thermal management for high-bandwidth co-packaged optics,2025,https://doi.org/10.1007/s12200-025-00156-4,Frontiers of Optoelectronics,middle,co-packaged optics thermal management,1,0,16
Chuang Zhang,0009-0008-8504-1579,Donghua University,academic,CN,Interface-Driven Electrothermal Degradation in GaN-on-Diamond High Electron Mobility Transistors,2025,https://doi.org/10.3390/nano15141114,Nanomaterials,middle,GaN-on-diamond thermal management,1,0,16
Chuang Zhou,0000-0003-0061-1023,,unknown,,"Stress in CVD Diamond Films: Generation, Suppression, Application, and Measurement",2025,https://doi.org/10.15541/jim20250094,Journal of Inorganic Materials,middle,GaN-on-diamond thermal management,1,0,16
Chunsheng Guo,0000-0003-1633-3507,Shandong University,academic,CN,Transistor-level thermal management in wide and ultra-wide bandgap power semiconductor transistors: A review,2025,https://doi.org/10.1016/j.ijthermalsci.2025.110200,International Journal of Thermal Sciences,middle,near-junction thermal management high power density,1,0,16
Chunzhou Pan,,Boston University,academic,US,Alternative to Solder TIM 1 Using Liquid Metal Reinforced with Z-axis Oriented Carbon Fiber,2025,https://doi.org/10.4071/001c.151773,IMAPSource Proceedings,middle,advanced packaging thermal resistance high power,1,0,16
Chuying Tang,0000-0003-4884-3333,Harbin Institute of Technology,academic,CN,Numerical Investigation on Electrothermal Performance of AlGaN/GaN HEMTs with Nanocrystalline Diamond/SiNx Trench Dual-Passivation Layers,2025,https://doi.org/10.3390/nano15080574,Nanomaterials,middle,GaN HEMT self-heating junction temperature,1,0,16
Cynthia T. Bowers,0000-0001-9376-6651,United States Air Force Research Laboratory,academic,US,Design of Cu/Zr Alloy Interface for Enhanced Thermal Fatigue Performance in Electronic Packaging,2025,https://doi.org/10.1021/acsomega.5c06959,ACS Omega,middle,advanced packaging thermal resistance high power,1,0,16
Cynthia T. Bowers (22097496),,,unknown,,Design of Cu/ZrAlloy Interface for Enhanced ThermalFatigue Performance in Electronic Packaging,2025,https://doi.org/10.1021/acsomega.5c06959.s001,Figshare,middle,advanced packaging thermal resistance high power,1,0,16
D. Cherns,0000-0002-5419-5486,University of Bristol,academic,GB,Thermal Boundary Resistance Reduction by Interfacial Nanopatterning for GaN-on-Diamond Electronics Applications,2025,https://doi.org/10.1021/acsaelm.5c00119,ACS Applied Electronic Materials,middle,GaN-on-diamond thermal management,1,0,16
Daniel Francis,0000-0002-8675-5134,University of Bristol,academic,GB,Thermal Boundary Resistance Reduction by Interfacial Nanopatterning for GaN-on-Diamond Electronics Applications,2025,https://doi.org/10.1021/acsaelm.5c00119,ACS Applied Electronic Materials,middle,GaN-on-diamond thermal management,1,0,16
Daniel Shoemaker,0000-0001-6637-9066,Pennsylvania State University,academic,US,Interfacial Thermal Transport in Top-Side Diamond Integrated AlGaN/GaN High Electron Mobility Transistors,2025,https://doi.org/10.1021/acsami.5c13149,ACS Applied Materials & Interfaces,middle,thermal boundary resistance GaN diamond,1,0,16
Derese Desta,0000-0001-6485-6826,IMEC,academic,BE,LACVD growth of diamond on gallium nitride substrates with PH3 in recipe,2025,https://doi.org/10.3389/fenrg.2024.1413495,Frontiers in Energy Research,middle,GaN-on-diamond thermal management,1,0,16
Deven S. Shah,,Georgia Institute of Technology,academic,US,In Situ Generated Silver Nanoparticles on Boron Nitride Nanosheets Followed by Silane Modification in High‐Performance Epoxy Nanocomposites for Advanced Packaging Applications,2025,https://doi.org/10.1002/aelm.202500245,Advanced Electronic Materials,middle,advanced packaging thermal resistance high power,1,0,16
Dian Huang,0000-0002-4833-2376,Xi'an Jiaotong University,academic,CN,Electron-phonon coupled nonequilibrium thermal transport in Cu/GaN heterojunctions with fractal rough interfaces,2025,https://doi.org/10.1103/bbhd-4jwg,Physical review. B./Physical review. B,middle,thermal boundary resistance GaN diamond,1,0,16
Diederik J. W. Dekker,,Delft University of Technology,academic,NL,Strain Effects in a Directly Bonded Diamond‐on‐Insulator Substrate,2025,https://doi.org/10.1002/pssa.202500277,physica status solidi (a),middle,diamond photonics thermal integration,1,0,16
Dongguo Zhang,,Nanjing Institute of Technology,academic,CN,GaN HEMTs on 4H-SiC/Diamond Engineered Substrate With Enhanced Heat Dissipation,2025,https://doi.org/10.1109/led.2025.3635043,IEEE Electron Device Letters,middle,thermal boundary resistance GaN diamond,1,0,16
Donghui Zheng,0009-0007-3379-9014,Huanghuai University,academic,CN,Accelerated TLPD bonding of reliable IMCs micro joints using Cu–8Ni substrate under thermal gradient: Experiments and theoretical calculations,2025,https://doi.org/10.1016/j.jmrt.2025.01.057,Journal of Materials Research and Technology,middle,advanced packaging thermal resistance high power,1,0,16
Eric Busse,,Binghamton University,academic,US,Robust Printed Interconnects for Harsh Environments,2025,https://doi.org/10.37665/smgkpyr29728,SMTA International,middle,advanced packaging thermal resistance high power,1,0,16
Ethan Colburn,,Boston University,academic,US,Alternative to Solder TIM 1 Using Liquid Metal Reinforced with Z-axis Oriented Carbon Fiber,2025,https://doi.org/10.4071/001c.151773,IMAPSource Proceedings,middle,advanced packaging thermal resistance high power,1,0,16
Fang Zhang,0000-0002-1092-4368,Xidian University,academic,CN,Enhanced cooling model for GaN HEMT based on thermoelectric cooler,2025,https://doi.org/10.1016/j.applthermaleng.2025.125576,Applied Thermal Engineering,middle,GaN HEMT self-heating junction temperature,1,0,16
Fangcheng Wang,0000-0002-8603-2147,Shenzhen Institutes of Advanced Technology,academic,CN,Laser-induced broad-spectrum strong absorption multiscale carbon-based nanofilms for photonic debonding based on the spatial confinement effect,2025,https://doi.org/10.1088/2631-7990/ae1db8,International Journal of Extreme Manufacturing,middle,advanced packaging thermal resistance high power,1,0,16
Faraz Ahmed Inam,0000-0003-3513-137X,Aligarh Muslim University,academic,IN,Photoluminescence Properties of Ion-Implanted Er<sup>3+</sup> Defects in 4H-SiCOI for Integrated Quantum Photonics,2025,https://doi.org/10.1021/acsanm.5c00085,ACS Applied Nano Materials,middle,diamond photonics thermal integration,1,0,16
Faraz Ahmed Inam (14427519),,,unknown,,PhotoluminescenceProperties of Ion-Implanted Er<sup>3+</sup> Defects in 4H-SiCOI forIntegrated Quantum Photonics,2025,https://doi.org/10.1021/acsanm.5c00085.s001,Figshare,middle,diamond photonics thermal integration,1,0,16
Fei Wang,0000-0002-2057-5130,Xi'an Aeronautical University,academic,CN,Enhancing interfacial thermal transport in GaN-diamond heterointerfaces through thermally induced mixing layers,2025,https://doi.org/10.1088/1402-4896/ae0832,Physica Scripta,middle,GaN-on-diamond thermal management,1,0,16
Fernando Lloret,0000-0002-6506-4027,Universidad de Cádiz,academic,ES,LACVD growth of diamond on gallium nitride substrates with PH3 in recipe,2025,https://doi.org/10.3389/fenrg.2024.1413495,Frontiers in Energy Research,middle,GaN-on-diamond thermal management,1,0,16
Filip A. Sfetcu,,QuTech,academic,NL,Strain Effects in a Directly Bonded Diamond‐on‐Insulator Substrate,2025,https://doi.org/10.1002/pssa.202500277,physica status solidi (a),middle,diamond photonics thermal integration,1,0,16
Firas Alshatnawi,0009-0006-6987-6774,Binghamton University,academic,US,Robust Printed Interconnects for Harsh Environments,2025,https://doi.org/10.37665/smgkpyr29728,SMTA International,middle,advanced packaging thermal resistance high power,1,0,16
Fuchu Liu,0000-0002-6520-6267,China University of Geosciences (Beijing),academic,CN,Influence of temperature on the bonding behavior of GaN on diamond with Ta-Au interlayer: Insights from molecular dynamics simulations,2025,https://doi.org/10.1016/j.diamond.2025.113013,Diamond and Related Materials,middle,GaN-on-diamond thermal management,1,0,16
Gianni D. Aliberti,0000-0001-8262-9205,QuTech,academic,NL,Strain Effects in a Directly Bonded Diamond‐on‐Insulator Substrate,2025,https://doi.org/10.1002/pssa.202500277,physica status solidi (a),middle,diamond photonics thermal integration,1,0,16
Gongming Xin,0000-0003-3974-0391,Shandong University,academic,CN,Transistor-level thermal management in wide and ultra-wide bandgap power semiconductor transistors: A review,2025,https://doi.org/10.1016/j.ijthermalsci.2025.110200,International Journal of Thermal Sciences,middle,near-junction thermal management high power density,1,0,16
Guangbao Shan,0000-0002-9268-4870,Xidian University,academic,CN,Design and Fabrication of Embedded Microchannel Cooling Solutions for High-Power-Density Semiconductor Devices,2025,https://doi.org/10.3390/mi16080908,Micromachines,middle,near-junction thermal management high power density,1,0,16
Guanjun Jing,,Institute of Microelectronics,academic,SG,GaN HEMTs on 4H-SiC/Diamond Engineered Substrate With Enhanced Heat Dissipation,2025,https://doi.org/10.1109/led.2025.3635043,IEEE Electron Device Letters,middle,thermal boundary resistance GaN diamond,1,0,16
Guipeng Sun,,Xi'an Jiaotong University,academic,CN,Accurate operando measurement of AlGaN/GaN HEMTs channel temperature and optimization of thermal design,2025,https://doi.org/10.1088/1361-6528/adafaf,Nanotechnology,middle,GaN-on-diamond thermal management,1,0,16
Guiyue Kou,,Jiangxi University of Water Resources and Electric Power,academic,CN,Hotspots thermal management for gallium nitride monolithic microwave integrated circuit power amplifier using integrated micro-jet and multi-shape micro Pin-fin heat sinks,2025,https://doi.org/10.1016/j.ijheatmasstransfer.2025.128152,International Journal of Heat and Mass Transfer,middle,GaN-on-diamond thermal management,1,0,16
Guoliang Ma,0009-0008-9535-1976,Wuhan University of Technology,academic,CN,GaN HEMTs on 4H-SiC/Diamond Engineered Substrate With Enhanced Heat Dissipation,2025,https://doi.org/10.1109/led.2025.3635043,IEEE Electron Device Letters,middle,thermal boundary resistance GaN diamond,1,0,16
Guoping Zhang,0000-0002-0683-495X,Shenzhen Institutes of Advanced Technology,academic,CN,Laser-induced broad-spectrum strong absorption multiscale carbon-based nanofilms for photonic debonding based on the spatial confinement effect,2025,https://doi.org/10.1088/2631-7990/ae1db8,International Journal of Extreme Manufacturing,middle,advanced packaging thermal resistance high power,1,0,16
H. Sena,0000-0002-4344-9612,Stanford University,academic,US,Diamond thermal matrix demonstration for two-tier 3D integrated circuits,2025,https://doi.org/10.1063/5.0260085,APL Materials,middle,GaN-on-diamond thermal management,1,0,16
H.‐G. Boyen,0000-0003-0711-7597,IMEC,academic,BE,LACVD growth of diamond on gallium nitride substrates with PH3 in recipe,2025,https://doi.org/10.3389/fenrg.2024.1413495,Frontiers in Energy Research,middle,GaN-on-diamond thermal management,1,0,16
Haixia Chen,0000-0002-9933-5681,Xi'an Shiyou University,academic,CN,Enhancing interfacial thermal transport in GaN-diamond heterointerfaces through thermally induced mixing layers,2025,https://doi.org/10.1088/1402-4896/ae0832,Physica Scripta,middle,GaN-on-diamond thermal management,1,0,16
Hao Zhang,0009-0005-8865-2779,Xidian University,academic,CN,Enhanced cooling model for GaN HEMT based on thermoelectric cooler,2025,https://doi.org/10.1016/j.applthermaleng.2025.125576,Applied Thermal Engineering,middle,GaN HEMT self-heating junction temperature,1,0,16
Haozhe Li,0000-0002-5560-4480,Harbin Institute of Technology,academic,CN,Anchoring sulfur migration to mitigate Kirkendall voids in nano-twinned copper interconnections for robust and reliable packaging,2025,https://doi.org/10.1016/j.jmst.2024.12.057,Journal of Material Science and Technology,middle,advanced packaging thermal resistance high power,1,0,16
He Zhang,0000-0002-5770-5162,Education University of Hong Kong,academic,HK,Anchoring sulfur migration to mitigate Kirkendall voids in nano-twinned copper interconnections for robust and reliable packaging,2025,https://doi.org/10.1016/j.jmst.2024.12.057,Journal of Material Science and Technology,middle,advanced packaging thermal resistance high power,1,0,16
Hezhou Liu,0000-0002-3521-1970,Shenzhen University,academic,CN,GaN-on-diamond technology for next-generation power devices,2025,https://doi.org/10.1007/s44275-024-00022-z,Moore and More,middle,GaN-on-diamond thermal management,1,0,16
Hong Zhou,0000-0002-0741-7568,Xidian University,academic,CN,Recent Advances in Device-Level Thermal Management Technologies for Wide Bandgap Semiconductor: A Review,2025,https://doi.org/10.1109/ted.2025.3562506,IEEE Transactions on Electron Devices,middle,advanced packaging thermal resistance high power,1,0,16
Hongbing Chen,0000-0001-8580-0231,China Academy of Engineering Physics,academic,CN,Failure from Within: Volatiles from polymer aging trigger electronic corrosion,2025,https://doi.org/10.1016/j.polymdegradstab.2025.111779,Polymer Degradation and Stability,middle,advanced packaging thermal resistance high power,1,0,16
Hongyong Jiang,0009-0000-2172-8461,China University of Geosciences (Beijing),academic,CN,Influence of temperature on the bonding behavior of GaN on diamond with Ta-Au interlayer: Insights from molecular dynamics simulations,2025,https://doi.org/10.1016/j.diamond.2025.113013,Diamond and Related Materials,middle,GaN-on-diamond thermal management,1,0,16
Hua Chen,,University of Science and Technology of China,academic,CN,Ultra-thin spray cooling for high-power-density silicon chips,2025,https://doi.org/10.70401/tx.2026.0014,Thermo-X,middle,near-junction thermal management high power density,1,0,16
Huayang Zheng,,Chongqing University,academic,CN,Transient Thermal Characterization and Assessment of Power Module With Encapsulated Phase Change Material Toward Overload Capability,2025,https://doi.org/10.1109/tpel.2025.3594604,IEEE Transactions on Power Electronics,middle,advanced packaging thermal resistance high power,1,0,16
Huimin He,0000-0003-1992-1750,Chinese Academy of Sciences,academic,CN,Simulation and experimental investigation of liquid-cooling thermal management for high-bandwidth co-packaged optics,2025,https://doi.org/10.1007/s12200-025-00156-4,Frontiers of Optoelectronics,middle,co-packaged optics thermal management,1,0,16
Ilya V. Taydakov,0000-0001-9860-4141,P.N. Lebedev Physical Institute of the Russian Academy of Sciences,academic,RU,Diamond-based composites with embedded core-shell β-NaGdF4:Eu nanoparticles: synthesis and luminescent characteristics,2025,https://doi.org/10.1016/j.diamond.2025.113062,Diamond and Related Materials,middle,diamond photonics thermal integration,1,0,16
Ivan Tiazhelov,0000-0002-6893-2918,Prokhorov General Physics Institute,academic,RU,Diamond-based composites with embedded core-shell β-NaGdF4:Eu nanoparticles: synthesis and luminescent characteristics,2025,https://doi.org/10.1016/j.diamond.2025.113062,Diamond and Related Materials,middle,diamond photonics thermal integration,1,0,16
J.C. Kim,,Soongsil University,academic,KR,Thermal Management of Wide-Bandgap Power Semiconductors: Strategies and Challenges in SiC and GaN Power Devices,2025,https://doi.org/10.3390/electronics14214193,Electronics,middle,near-junction thermal management high power density,1,0,16
Janardhan Rao Gadde,,Centre for Materials for Electronics Technology,academic,IN,Experimental and numerical investigation of LTCC-based liquid cold plate for high-performance computing processors,2025,https://doi.org/10.1016/j.applthermaleng.2025.128052,Applied Thermal Engineering,middle,advanced packaging thermal resistance high power,1,0,16
Jeffrey C. McCallum,0000-0002-6692-7728,The University of Melbourne,academic,AU,Photoluminescence Properties of Ion-Implanted Er<sup>3+</sup> Defects in 4H-SiCOI for Integrated Quantum Photonics,2025,https://doi.org/10.1021/acsanm.5c00085,ACS Applied Nano Materials,middle,diamond photonics thermal integration,1,0,16
Jeffrey Colin McCallum (3814558),,,unknown,,PhotoluminescenceProperties of Ion-Implanted Er<sup>3+</sup> Defects in 4H-SiCOI forIntegrated Quantum Photonics,2025,https://doi.org/10.1021/acsanm.5c00085.s001,Figshare,middle,diamond photonics thermal integration,1,0,16
Jerome A. Cuenca,0000-0003-1370-1167,Cardiff University,academic,GB,Thermal Boundary Resistance Reduction by Interfacial Nanopatterning for GaN-on-Diamond Electronics Applications,2025,https://doi.org/10.1021/acsaelm.5c00119,ACS Applied Electronic Materials,middle,GaN-on-diamond thermal management,1,0,16
Jiachang Guo,,Shenzhen University,academic,CN,GaN-on-diamond technology for next-generation power devices,2025,https://doi.org/10.1007/s44275-024-00022-z,Moore and More,middle,GaN-on-diamond thermal management,1,0,16
Jiakun Gong,0009-0007-0454-3570,Chongqing University,academic,CN,Transient Thermal Characterization and Assessment of Power Module With Encapsulated Phase Change Material Toward Overload Capability,2025,https://doi.org/10.1109/tpel.2025.3594604,IEEE Transactions on Power Electronics,middle,advanced packaging thermal resistance high power,1,0,16
Jianchao Liang,,Harbin Institute of Technology,academic,CN,Thermal-electrical coupling effect on the reliability of copper pillar bump joints with different initial IMC thickness and microstructure,2025,https://doi.org/10.1016/j.jmapro.2025.02.026,Journal of Manufacturing Processes,middle,advanced packaging thermal resistance high power,1,0,16
Jiang Sun,,Qingdao Center of Resource Chemistry and New Materials,academic,CN,Hotspots thermal management for gallium nitride monolithic microwave integrated circuit power amplifier using integrated micro-jet and multi-shape micro Pin-fin heat sinks,2025,https://doi.org/10.1016/j.ijheatmasstransfer.2025.128152,International Journal of Heat and Mass Transfer,middle,GaN-on-diamond thermal management,1,0,16
Jianggen Zhu,,University of Electronic Science and Technology of China,academic,CN,"Nonmonotonic Instability of <i>V</i> <sub>TH</sub> and <i>R</i> <sub>ds,on</sub> in 650 V Schottky-Type p-GaN Gate HEMTs Under Short-Circuit: The Effect of Electric Field and Thermal Dynamics",2025,https://doi.org/10.1109/ted.2025.3632816,IEEE Transactions on Electron Devices,middle,GaN HEMT self-heating junction temperature,1,0,16
Jiangman Sun,0000-0001-8264-910X,Beijing University of Chemical Technology,academic,CN,<scp>3D</scp> Printed Boron Nitride‐Filled Continuous Carbon Fiber/Epoxy Resin Composites With Ultra‐High Thermal Conductivity and Favorable Mechanical Property,2025,https://doi.org/10.1002/pc.70182,Polymer Composites,middle,advanced packaging thermal resistance high power,1,0,16
Jianhui Zeng,0009-0006-1161-2004,Chinese Academy of Sciences,academic,CN,Synergistic Liquid Metal-Diamond-Reinforced Poly(ionic liquid) Composites for High Thermal Conductivity and Excellent Reliability,2025,https://doi.org/10.1021/acsami.5c07014,ACS Applied Materials & Interfaces,middle,advanced packaging thermal resistance high power,1,0,16
Jianhui Zeng (15237778),,,unknown,,Synergistic LiquidMetal-Diamond-Reinforced Poly(ionicliquid) Composites for High Thermal Conductivity and Excellent Reliability,2025,https://doi.org/10.1021/acsami.5c07014.s001,Figshare,middle,advanced packaging thermal resistance high power,1,0,16
Jianing Li,0000-0003-1905-0633,China University of Geosciences (Beijing),academic,CN,Influence of temperature on the bonding behavior of GaN on diamond with Ta-Au interlayer: Insights from molecular dynamics simulations,2025,https://doi.org/10.1016/j.diamond.2025.113013,Diamond and Related Materials,middle,GaN-on-diamond thermal management,1,0,16
Jianyu Feng,0009-0004-6098-6657,Chinese Academy of Sciences,academic,CN,Simulation and experimental investigation of liquid-cooling thermal management for high-bandwidth co-packaged optics,2025,https://doi.org/10.1007/s12200-025-00156-4,Frontiers of Optoelectronics,middle,co-packaged optics thermal management,1,0,16
Jiaying Zhang,0000-0001-6396-5449,Central South University,academic,CN,Transient liquid phase sintering with nanophase reinforcement enables silver joints with low thermal resistance and high shear strength,2025,https://doi.org/10.1016/j.intermet.2025.109059,Intermetallics,middle,advanced packaging thermal resistance high power,1,0,16
Jiayue Wen,0000-0003-1089-9171,Harbin Institute of Technology,academic,CN,Thermal-electrical coupling effect on the reliability of copper pillar bump joints with different initial IMC thickness and microstructure,2025,https://doi.org/10.1016/j.jmapro.2025.02.026,Journal of Manufacturing Processes,middle,advanced packaging thermal resistance high power,1,0,16
Jijun Ding,0000-0003-3342-6318,Xi'an Shiyou University,academic,CN,Enhancing interfacial thermal transport in GaN-diamond heterointerfaces through thermally induced mixing layers,2025,https://doi.org/10.1088/1402-4896/ae0832,Physica Scripta,middle,GaN-on-diamond thermal management,1,0,16
Jin Yang,0000-0002-5332-7862,Central South University,academic,CN,Multi-step transient liquid phase bonding of Ag-In-Sn composite solders joints for low interfacial thermal resistance and enhanced mechanical integrity,2025,https://doi.org/10.1016/j.matchar.2025.115599,Materials Characterization,middle,advanced packaging thermal resistance high power,1,0,16
Jindong Yan,,University of Science and Technology of China,academic,CN,Ultra-thin spray cooling for high-power-density silicon chips,2025,https://doi.org/10.70401/tx.2026.0014,Thermo-X,middle,near-junction thermal management high power density,1,0,16
Jinfeng Zhang,0000-0003-1771-5187,,unknown,,GaN-based lateral diode with nanocrystalline diamond passivation layer,2025,https://doi.org/10.7498/aps.74.20250523,Acta Physica Sinica,middle,GaN-on-diamond thermal management,1,0,16
Jinggui Zhou,0000-0003-3578-2121,University of Electronic Science and Technology of China,academic,CN,"Nonmonotonic Instability of <i>V</i> <sub>TH</sub> and <i>R</i> <sub>ds,on</sub> in 650 V Schottky-Type p-GaN Gate HEMTs Under Short-Circuit: The Effect of Electric Field and Thermal Dynamics",2025,https://doi.org/10.1109/ted.2025.3632816,IEEE Transactions on Electron Devices,middle,GaN HEMT self-heating junction temperature,1,0,16
Jinghong Li,0000-0002-0750-7352,Ministry of Education,academic,BD,Accurate operando measurement of AlGaN/GaN HEMTs channel temperature and optimization of thermal design,2025,https://doi.org/10.1088/1361-6528/adafaf,Nanotechnology,middle,GaN-on-diamond thermal management,1,0,16
Jingxuan Ma,0009-0002-0657-1288,Harbin Institute of Technology,academic,CN,Anchoring sulfur migration to mitigate Kirkendall voids in nano-twinned copper interconnections for robust and reliable packaging,2025,https://doi.org/10.1016/j.jmst.2024.12.057,Journal of Material Science and Technology,middle,advanced packaging thermal resistance high power,1,0,16
Jinmei Lv,,Institute of New Materials,academic,CN,Accelerated TLPD bonding of reliable IMCs micro joints using Cu–8Ni substrate under thermal gradient: Experiments and theoretical calculations,2025,https://doi.org/10.1016/j.jmrt.2025.01.057,Journal of Materials Research and Technology,middle,advanced packaging thermal resistance high power,1,0,16
Jinyan Zhao,0000-0002-4336-4352,Xi'an Jiaotong University,academic,CN,Accurate operando measurement of AlGaN/GaN HEMTs channel temperature and optimization of thermal design,2025,https://doi.org/10.1088/1361-6528/adafaf,Nanotechnology,middle,GaN-on-diamond thermal management,1,0,16
Jisheng Sun,,Donghua University,academic,CN,Interface-Driven Electrothermal Degradation in GaN-on-Diamond High Electron Mobility Transistors,2025,https://doi.org/10.3390/nano15141114,Nanomaterials,middle,GaN-on-diamond thermal management,1,0,16
John G. Jones,0000-0001-8271-0038,United States Air Force Research Laboratory,academic,US,Design of Cu/Zr Alloy Interface for Enhanced Thermal Fatigue Performance in Electronic Packaging,2025,https://doi.org/10.1021/acsomega.5c06959,ACS Omega,middle,advanced packaging thermal resistance high power,1,0,16
John G. Jones (8601534),,,unknown,,Design of Cu/ZrAlloy Interface for Enhanced ThermalFatigue Performance in Electronic Packaging,2025,https://doi.org/10.1021/acsomega.5c06959.s001,Figshare,middle,advanced packaging thermal resistance high power,1,0,16
Junfei Chen,0000-0001-6660-7284,,unknown,,GaN-based lateral diode with nanocrystalline diamond passivation layer,2025,https://doi.org/10.7498/aps.74.20250523,Acta Physica Sinica,middle,GaN-on-diamond thermal management,1,0,16
Jungyoun Kwak,0000-0003-2697-5431,Georgia Institute of Technology,academic,US,3-D Stacked HBM and Compute Accelerators for LLM: Optimizing Thermal Management and Power Delivery Efficiency,2025,https://doi.org/10.1109/jxcdc.2025.3617298,IEEE Journal on Exploratory Solid-State Computational Devices and Circuits,middle,advanced packaging thermal resistance high power,1,0,16
Junlin Yang,0000-0002-2138-5048,Xi'an Jiaotong University,academic,CN,Accurate operando measurement of AlGaN/GaN HEMTs channel temperature and optimization of thermal design,2025,https://doi.org/10.1088/1361-6528/adafaf,Nanotechnology,middle,GaN-on-diamond thermal management,1,0,16
K. Mahalingam,0000-0003-0917-3656,United States Air Force Research Laboratory,academic,US,Design of Cu/Zr Alloy Interface for Enhanced Thermal Fatigue Performance in Electronic Packaging,2025,https://doi.org/10.1021/acsomega.5c06959,ACS Omega,middle,advanced packaging thermal resistance high power,1,0,16
K. N. Tu,0000-0002-7781-2707,City University of Hong Kong,academic,HK,Influence of temperature on the bonding behavior of GaN on diamond with Ta-Au interlayer: Insights from molecular dynamics simulations,2025,https://doi.org/10.1016/j.diamond.2025.113013,Diamond and Related Materials,middle,GaN-on-diamond thermal management,1,0,16
K.M. Chen,0000-0002-8305-9678,Northwestern Polytechnical University,academic,CN,Liquid metal microfluidic cooling system for high-efficiency thermal management via learning-based genetic algorithm,2025,https://doi.org/10.1016/j.engappai.2025.112324,Engineering Applications of Artificial Intelligence,middle,near-junction thermal management high power density,1,0,16
Kamatchi Jothiramalingam Sankaran,,Institute of Minerals and Materials Technology,academic,IN,LACVD growth of diamond on gallium nitride substrates with PH3 in recipe,2025,https://doi.org/10.3389/fenrg.2024.1413495,Frontiers in Energy Research,middle,GaN-on-diamond thermal management,1,0,16
Kang Li,0000-0003-4919-956X,Xidian University,academic,CN,Enhanced cooling model for GaN HEMT based on thermoelectric cooler,2025,https://doi.org/10.1016/j.applthermaleng.2025.125576,Applied Thermal Engineering,middle,GaN HEMT self-heating junction temperature,1,0,16
Kashif Nawaz,,Oak Ridge National Laboratory,academic,US,Ultra-low thermal resistance and pressure drop copper and copper-tungsten diamond-shaped pin fin cold plates for liquid cooling of electronics,2025,https://doi.org/10.1016/j.ijheatmasstransfer.2025.128080,International Journal of Heat and Mass Transfer,middle,diamond heat spreader electronics,1,0,16
Ke Wei,0000-0003-0218-9102,Institute of Microelectronics,academic,SG,GaN HEMTs on 4H-SiC/Diamond Engineered Substrate With Enhanced Heat Dissipation,2025,https://doi.org/10.1109/led.2025.3635043,IEEE Electron Device Letters,middle,thermal boundary resistance GaN diamond,1,0,16
Kerui Li,0000-0002-3211-2651,City University of Hong Kong,academic,HK,Electrothermal Circuit Modeling and Practical Evaluation of GaN Power Switches for Mega-Hertz Soft-Switching Operation,2025,https://doi.org/10.1109/tpel.2025.3642289,IEEE Transactions on Power Electronics,middle,GaN HEMT self-heating junction temperature,1,0,16
Kexin Deng,,Institute of Microelectronics,academic,SG,GaN HEMTs on 4H-SiC/Diamond Engineered Substrate With Enhanced Heat Dissipation,2025,https://doi.org/10.1109/led.2025.3635043,IEEE Electron Device Letters,middle,thermal boundary resistance GaN diamond,1,0,16
Koji Inoue,0000-0002-9983-7294,Tohoku Agricultural Research Center,academic,JP,Direct Integration of Polycrystalline Diamond With 3C‐SiC for Enhanced Thermal Management in GaN HEMTs: Impact of Grain Structure and Interface Engineering,2025,https://doi.org/10.1002/admt.202500437,Advanced Materials Technologies,middle,GaN-on-diamond thermal management,1,0,16
Krishnamurthy Mahalingam (4109134),,,unknown,,Design of Cu/ZrAlloy Interface for Enhanced ThermalFatigue Performance in Electronic Packaging,2025,https://doi.org/10.1021/acsomega.5c06959.s001,Figshare,middle,advanced packaging thermal resistance high power,1,0,16
Kuang Sheng,0000-0001-8839-7281,Zhejiang University,academic,CN,Safe-Operation-Area Extended IGBT Module With Enhanced Near-Junction Thermal Capacitance and Advanced Cooling for Transient High-Current Operation,2025,https://doi.org/10.1109/tpel.2025.3615245,IEEE Transactions on Power Electronics,middle,advanced packaging thermal resistance high power,1,0,16
Kuangli Chen,0000-0003-4553-5386,University of Electronic Science and Technology of China,academic,CN,"Nonmonotonic Instability of <i>V</i> <sub>TH</sub> and <i>R</i> <sub>ds,on</sub> in 650 V Schottky-Type p-GaN Gate HEMTs Under Short-Circuit: The Effect of Electric Field and Thermal Dynamics",2025,https://doi.org/10.1109/ted.2025.3632816,IEEE Transactions on Electron Devices,middle,GaN HEMT self-heating junction temperature,1,0,16
Kyoung‐sik Moon,0000-0003-2165-0654,Georgia Institute of Technology,academic,US,In Situ Generated Silver Nanoparticles on Boron Nitride Nanosheets Followed by Silane Modification in High‐Performance Epoxy Nanocomposites for Advanced Packaging Applications,2025,https://doi.org/10.1002/aelm.202500245,Advanced Electronic Materials,middle,advanced packaging thermal resistance high power,1,0,16
LI Junpeng,,,unknown,,GaN-based lateral diode with nanocrystalline diamond passivation layer,2025,https://doi.org/10.7498/aps.74.20250523,Acta Physica Sinica,middle,GaN-on-diamond thermal management,1,0,16
Lang Hu,0009-0002-4952-0528,Ji Hua Laboratory,academic,CN,Novel diamond and Ta C composite coatings for efficient heat dissipation in GaN semiconductor devices,2025,https://doi.org/10.1016/j.surfcoat.2025.131784,Surface and Coatings Technology,middle,GaN-on-diamond thermal management,1,0,16
Lei Ge,0000-0003-2123-6357,Shandong University,academic,CN,"Toward Integration of Dense, Contiguous, and Low‐Stress Capping Diamond on GaN/AlGaN Layer Using Two‐Step Growth Process",2025,https://doi.org/10.1002/sia.7394,Surface and Interface Analysis,middle,GaN-on-diamond thermal management,1,0,16
Lei Huang,0000-0002-9037-5257,South China Normal University,academic,CN,Novel diamond and Ta C composite coatings for efficient heat dissipation in GaN semiconductor devices,2025,https://doi.org/10.1016/j.surfcoat.2025.131784,Surface and Coatings Technology,middle,GaN-on-diamond thermal management,1,0,16
Lijie Li,0000-0003-4630-7692,Swansea University,academic,GB,Heat transport exploration through the GaN/diamond interfaces using machine learning potential,2025,https://doi.org/10.1016/j.ijheatmasstransfer.2025.126724,International Journal of Heat and Mass Transfer,middle,GaN-on-diamond thermal management,1,0,16
Lin Guo,0000-0002-3087-1531,Shandong University,academic,CN,Transistor-level thermal management in wide and ultra-wide bandgap power semiconductor transistors: A review,2025,https://doi.org/10.1016/j.ijthermalsci.2025.110200,International Journal of Thermal Sciences,middle,near-junction thermal management high power density,1,0,16
Linhai Zhong,0009-0007-8433-6933,Xidian University,academic,CN,Recent Advances in Device-Level Thermal Management Technologies for Wide Bandgap Semiconductor: A Review,2025,https://doi.org/10.1109/ted.2025.3562506,IEEE Transactions on Electron Devices,middle,advanced packaging thermal resistance high power,1,0,16
Linlin Ren,0000-0001-8692-3663,Chinese Academy of Sciences,academic,CN,Synergistic Liquid Metal-Diamond-Reinforced Poly(ionic liquid) Composites for High Thermal Conductivity and Excellent Reliability,2025,https://doi.org/10.1021/acsami.5c07014,ACS Applied Materials & Interfaces,middle,advanced packaging thermal resistance high power,1,0,16
Linlin Ren (1932709),,,unknown,,Synergistic LiquidMetal-Diamond-Reinforced Poly(ionicliquid) Composites for High Thermal Conductivity and Excellent Reliability,2025,https://doi.org/10.1021/acsami.5c07014.s001,Figshare,middle,advanced packaging thermal resistance high power,1,0,16
Liping Zheng,,,unknown,,"Stress in CVD Diamond Films: Generation, Suppression, Application, and Measurement",2025,https://doi.org/10.15541/jim20250094,Journal of Inorganic Materials,middle,GaN-on-diamond thermal management,1,0,16
Liyan Dai,0000-0003-4697-1358,Xi'an Jiaotong University,academic,CN,Accurate operando measurement of AlGaN/GaN HEMTs channel temperature and optimization of thermal design,2025,https://doi.org/10.1088/1361-6528/adafaf,Nanotechnology,middle,GaN-on-diamond thermal management,1,0,16
Lizhao Cen,,Institute of Microelectronics,academic,SG,GaN HEMTs on 4H-SiC/Diamond Engineered Substrate With Enhanced Heat Dissipation,2025,https://doi.org/10.1109/led.2025.3635043,IEEE Electron Device Letters,middle,thermal boundary resistance GaN diamond,1,0,16
Long Chang,,Shandong University of Science and Technology,academic,CN,Hotspots thermal management for gallium nitride monolithic microwave integrated circuit power amplifier using integrated micro-jet and multi-shape micro Pin-fin heat sinks,2025,https://doi.org/10.1016/j.ijheatmasstransfer.2025.128152,International Journal of Heat and Mass Transfer,middle,GaN-on-diamond thermal management,1,0,16
Madison Manley,0000-0002-9051-7518,Georgia Institute of Technology,academic,US,3-D Stacked HBM and Compute Accelerators for LLM: Optimizing Thermal Management and Power Delivery Efficiency,2025,https://doi.org/10.1109/jxcdc.2025.3617298,IEEE Journal on Exploratory Solid-State Computational Devices and Circuits,middle,advanced packaging thermal resistance high power,1,0,16
Md Sherajul Islam (21694010),,,unknown,,Design of Cu/ZrAlloy Interface for Enhanced ThermalFatigue Performance in Electronic Packaging,2025,https://doi.org/10.1021/acsomega.5c06959.s001,Figshare,middle,advanced packaging thermal resistance high power,1,0,16
Md. Sherajul Islam,0000-0002-6717-2523,United States Air Force Research Laboratory,academic,US,Design of Cu/Zr Alloy Interface for Enhanced Thermal Fatigue Performance in Electronic Packaging,2025,https://doi.org/10.1021/acsomega.5c06959,ACS Omega,middle,advanced packaging thermal resistance high power,1,0,16
Md. Tanvir Hasan,0000-0003-3427-9647,University of Michigan,academic,US,Recent advancement in β-Ga2O3 MOSFETs: From material growth to device architectures for high-power electronics,2025,https://doi.org/10.1016/j.mee.2025.112359,Microelectronic Engineering,middle,diamond heat spreader electronics,1,0,16
Meiping Liu,,Huanghuai University,academic,CN,Accelerated TLPD bonding of reliable IMCs micro joints using Cu–8Ni substrate under thermal gradient: Experiments and theoretical calculations,2025,https://doi.org/10.1016/j.jmrt.2025.01.057,Journal of Materials Research and Technology,middle,advanced packaging thermal resistance high power,1,0,16
Meng Han,0000-0003-4763-5559,Chinese Academy of Sciences,academic,CN,Synergistic Liquid Metal-Diamond-Reinforced Poly(ionic liquid) Composites for High Thermal Conductivity and Excellent Reliability,2025,https://doi.org/10.1021/acsami.5c07014,ACS Applied Materials & Interfaces,middle,advanced packaging thermal resistance high power,1,0,16
Meng Han (782687),,,unknown,,Synergistic LiquidMetal-Diamond-Reinforced Poly(ionicliquid) Composites for High Thermal Conductivity and Excellent Reliability,2025,https://doi.org/10.1021/acsami.5c07014.s001,Figshare,middle,advanced packaging thermal resistance high power,1,0,16
Minggang Li,0000-0002-3890-7703,Central South University,academic,CN,Multi-step transient liquid phase bonding of Ag-In-Sn composite solders joints for low interfacial thermal resistance and enhanced mechanical integrity,2025,https://doi.org/10.1016/j.matchar.2025.115599,Materials Characterization,middle,advanced packaging thermal resistance high power,1,0,16
Mingjie Wang,0000-0001-5542-4079,Huanghuai University,academic,CN,Accelerated TLPD bonding of reliable IMCs micro joints using Cu–8Ni substrate under thermal gradient: Experiments and theoretical calculations,2025,https://doi.org/10.1016/j.jmrt.2025.01.057,Journal of Materials Research and Technology,middle,advanced packaging thermal resistance high power,1,0,16
Mingsheng Xu,0000-0002-2591-3709,Shandong University,academic,CN,"Toward Integration of Dense, Contiguous, and Low‐Stress Capping Diamond on GaN/AlGaN Layer Using Two‐Step Growth Process",2025,https://doi.org/10.1002/sia.7394,Surface and Interface Analysis,middle,GaN-on-diamond thermal management,1,0,16
Mohammed Alhendi,0000-0002-7650-7364,Binghamton University,academic,US,Robust Printed Interconnects for Harsh Environments,2025,https://doi.org/10.37665/smgkpyr29728,SMTA International,middle,advanced packaging thermal resistance high power,1,0,16
Mousa Al-Zanina,,Binghamton University,academic,US,Robust Printed Interconnects for Harsh Environments,2025,https://doi.org/10.37665/smgkpyr29728,SMTA International,middle,advanced packaging thermal resistance high power,1,0,16
N. D. SINHA,0009-0006-7912-2810,Stanford University,academic,US,Diamond thermal matrix demonstration for two-tier 3D integrated circuits,2025,https://doi.org/10.1063/5.0260085,APL Materials,middle,GaN-on-diamond thermal management,1,0,16
N. Ramkumar,,"Department of Electronics and Communication Engineering, SR University, Warangal, Telangana, India",academic,,Recent advancement in β-Ga2O3 MOSFETs: From material growth to device architectures for high-power electronics,2025,https://doi.org/10.1016/j.mee.2025.112359,Microelectronic Engineering,middle,diamond heat spreader electronics,1,0,16
N. Yu. Tabachkova,0000-0002-0169-5014,National University of Science and Technology,academic,RU,Diamond-based composites with embedded core-shell β-NaGdF4:Eu nanoparticles: synthesis and luminescent characteristics,2025,https://doi.org/10.1016/j.diamond.2025.113062,Diamond and Related Materials,middle,diamond photonics thermal integration,1,0,16
Na Qin,0000-0003-0473-6640,Shandong University,academic,CN,Transistor-level thermal management in wide and ultra-wide bandgap power semiconductor transistors: A review,2025,https://doi.org/10.1016/j.ijthermalsci.2025.110200,International Journal of Thermal Sciences,middle,near-junction thermal management high power density,1,0,16
Nenad Miljkovic,0000-0002-0866-3680,,unknown,,Ultra-low thermal resistance and pressure drop copper and copper-tungsten diamond-shaped pin fin cold plates for liquid cooling of electronics,2025,https://doi.org/10.1016/j.ijheatmasstransfer.2025.128080,International Journal of Heat and Mass Transfer,middle,diamond heat spreader electronics,1,0,16
Nick Tao,0000-0001-6856-6113,Institute of Microelectronics,academic,CN,Numerical Investigation on Electrothermal Performance of AlGaN/GaN HEMTs with Nanocrystalline Diamond/SiNx Trench Dual-Passivation Layers,2025,https://doi.org/10.3390/nano15080574,Nanomaterials,middle,GaN HEMT self-heating junction temperature,1,0,16
Nikhil Jani,,Boston University,academic,US,Alternative to Solder TIM 1 Using Liquid Metal Reinforced with Z-axis Oriented Carbon Fiber,2025,https://doi.org/10.4071/001c.151773,IMAPSource Proceedings,middle,advanced packaging thermal resistance high power,1,0,16
Nikolaj K. Nitzsche,,QuTech,academic,NL,Strain Effects in a Directly Bonded Diamond‐on‐Insulator Substrate,2025,https://doi.org/10.1002/pssa.202500277,physica status solidi (a),middle,diamond photonics thermal integration,1,0,16
Ning Yang,0009-0003-8202-5251,University of Electronic Science and Technology of China,academic,CN,"Nonmonotonic Instability of <i>V</i> <sub>TH</sub> and <i>R</i> <sub>ds,on</sub> in 650 V Schottky-Type p-GaN Gate HEMTs Under Short-Circuit: The Effect of Electric Field and Thermal Dynamics",2025,https://doi.org/10.1109/ted.2025.3632816,IEEE Transactions on Electron Devices,middle,GaN HEMT self-heating junction temperature,1,0,16
Omar M. Zaki,0000-0003-4051-7226,University of Illinois Urbana-Champaign,academic,US,Ultra-low thermal resistance and pressure drop copper and copper-tungsten diamond-shaped pin fin cold plates for liquid cooling of electronics,2025,https://doi.org/10.1016/j.ijheatmasstransfer.2025.128080,International Journal of Heat and Mass Transfer,middle,diamond heat spreader electronics,1,0,16
Paulius Pobedinskas,0000-0001-8136-5172,IMEC,academic,BE,LACVD growth of diamond on gallium nitride substrates with PH3 in recipe,2025,https://doi.org/10.3389/fenrg.2024.1413495,Frontiers in Energy Research,middle,GaN-on-diamond thermal management,1,0,16
Peng Gu,0000-0002-2663-4568,Donghua University,academic,CN,Interface-Driven Electrothermal Degradation in GaN-on-Diamond High Electron Mobility Transistors,2025,https://doi.org/10.3390/nano15141114,Nanomaterials,middle,GaN-on-diamond thermal management,1,0,16
Peng Liu,0000-0001-7838-4436,,unknown,,"Stress in CVD Diamond Films: Generation, Suppression, Application, and Measurement",2025,https://doi.org/10.15541/jim20250094,Journal of Inorganic Materials,middle,GaN-on-diamond thermal management,1,0,16
Peng Pan,,Ministry of Industry and Information Technology,academic,CN,Thermal structure analysis of the TP-HDPS in High-Power Chip: Their application to GaN HEMTs,2025,https://doi.org/10.1016/j.ijheatmasstransfer.2025.126756,International Journal of Heat and Mass Transfer,middle,GaN-on-diamond thermal management,1,0,16
Peng Sun,0000-0003-0355-2823,Chongqing University,academic,CN,Transient Thermal Characterization and Assessment of Power Module With Encapsulated Phase Change Material Toward Overload Capability,2025,https://doi.org/10.1109/tpel.2025.3594604,IEEE Transactions on Power Electronics,middle,advanced packaging thermal resistance high power,1,0,16
Peng Yang,0000-0002-0463-1024,China Academy of Engineering Physics,academic,CN,Failure from Within: Volatiles from polymer aging trigger electronic corrosion,2025,https://doi.org/10.1016/j.polymdegradstab.2025.111779,Polymer Degradation and Stability,middle,advanced packaging thermal resistance high power,1,0,16
Pravin Bailmare,,Centre for Materials for Electronics Technology,academic,IN,Experimental and numerical investigation of LTCC-based liquid cold plate for high-performance computing processors,2025,https://doi.org/10.1016/j.applthermaleng.2025.128052,Applied Thermal Engineering,middle,advanced packaging thermal resistance high power,1,0,16
Qi Wang,0000-0002-2821-0064,Dongguan University of Technology,academic,CN,GaN-on-diamond technology for next-generation power devices,2025,https://doi.org/10.1007/s44275-024-00022-z,Moore and More,middle,GaN-on-diamond thermal management,1,0,16
Qi Wang,0000-0001-7129-1974,Peking University,academic,CN,Numerical Investigation on Electrothermal Performance of AlGaN/GaN HEMTs with Nanocrystalline Diamond/SiNx Trench Dual-Passivation Layers,2025,https://doi.org/10.3390/nano15080574,Nanomaterials,middle,GaN HEMT self-heating junction temperature,1,0,16
Qi Wang,0000-0001-7129-1974,Peking University,academic,CN,Numerical Investigation on Electrothermal Performance of AlGaN/GaN HEMTs with Nanocrystalline Diamond/SiNx Trench Dual-Passivation Layers,2025,https://doi.org/10.3390/nano15080574,Nanomaterials,middle,GaN HEMT self-heating junction temperature,1,0,16
Qian Xin,,Shandong University,academic,CN,Transistor-level thermal management in wide and ultra-wide bandgap power semiconductor transistors: A review,2025,https://doi.org/10.1016/j.ijthermalsci.2025.110200,International Journal of Thermal Sciences,middle,near-junction thermal management high power density,1,0,16
Qiang Liu,0000-0002-9479-4141,China Academy of Engineering Physics,academic,CN,Failure from Within: Volatiles from polymer aging trigger electronic corrosion,2025,https://doi.org/10.1016/j.polymdegradstab.2025.111779,Polymer Degradation and Stability,middle,advanced packaging thermal resistance high power,1,0,16
Qiang Liu,0000-0002-6859-1770,Shenzhen Institutes of Advanced Technology,academic,CN,Laser-induced broad-spectrum strong absorption multiscale carbon-based nanofilms for photonic debonding based on the spatial confinement effect,2025,https://doi.org/10.1088/2631-7990/ae1db8,International Journal of Extreme Manufacturing,middle,advanced packaging thermal resistance high power,1,0,16
Qiang Wang,0000-0002-6147-3747,Beijing Microelectronics Technology Institute,academic,CN,Accurate operando measurement of AlGaN/GaN HEMTs channel temperature and optimization of thermal design,2025,https://doi.org/10.1088/1361-6528/adafaf,Nanotechnology,middle,GaN-on-diamond thermal management,1,0,16
Qiang Yang,0000-0003-1362-3840,Harbin Institute of Technology,academic,CN,Thermal structure analysis of the TP-HDPS in High-Power Chip: Their application to GaN HEMTs,2025,https://doi.org/10.1016/j.ijheatmasstransfer.2025.126756,International Journal of Heat and Mass Transfer,middle,GaN-on-diamond thermal management,1,0,16
Qijun Wang,0000-0002-4299-3798,Wuhan University,academic,CN,Heat transport exploration through the GaN/diamond interfaces using machine learning potential,2025,https://doi.org/10.1016/j.ijheatmasstransfer.2025.126724,International Journal of Heat and Mass Transfer,middle,GaN-on-diamond thermal management,1,0,16
Qing Li,0000-0002-8023-811X,Carnegie Mellon University,academic,US,Photoluminescence Properties of Ion-Implanted Er<sup>3+</sup> Defects in 4H-SiCOI for Integrated Quantum Photonics,2025,https://doi.org/10.1021/acsanm.5c00085,ACS Applied Nano Materials,middle,diamond photonics thermal integration,1,0,16
Qing Li (84975),,,unknown,,PhotoluminescenceProperties of Ion-Implanted Er<sup>3+</sup> Defects in 4H-SiCOI forIntegrated Quantum Photonics,2025,https://doi.org/10.1021/acsanm.5c00085.s001,Figshare,middle,diamond photonics thermal integration,1,0,16
Qing Sun,,Harbin Institute of Technology,academic,CN,Anchoring sulfur migration to mitigate Kirkendall voids in nano-twinned copper interconnections for robust and reliable packaging,2025,https://doi.org/10.1016/j.jmst.2024.12.057,Journal of Material Science and Technology,middle,advanced packaging thermal resistance high power,1,0,16
Qing Wang,0000-0001-6106-2473,Huazhong University of Science and Technology,academic,CN,Fabrication of Multilayer Ceramic Substrates via Low-Temperature Cu–Cu Bonding Using Gold Passivation Layer,2025,https://doi.org/10.1109/led.2025.3613288,IEEE Electron Device Letters,middle,advanced packaging thermal resistance high power,1,0,16
Qing Wang,0000-0002-1108-3134,Shenzhen Polytechnic University,academic,CN,Numerical Investigation on Electrothermal Performance of AlGaN/GaN HEMTs with Nanocrystalline Diamond/SiNx Trench Dual-Passivation Layers,2025,https://doi.org/10.3390/nano15080574,Nanomaterials,middle,GaN HEMT self-heating junction temperature,1,0,16
Qiubao Lin,,Jimei University,academic,CN,GaN-on-diamond technology for next-generation power devices,2025,https://doi.org/10.1007/s44275-024-00022-z,Moore and More,middle,GaN-on-diamond thermal management,1,0,16
Rani Mary Joy,0000-0001-8741-4908,IMEC,academic,BE,LACVD growth of diamond on gallium nitride substrates with PH3 in recipe,2025,https://doi.org/10.3389/fenrg.2024.1413495,Frontiers in Energy Research,middle,GaN-on-diamond thermal management,1,0,16
Riadh Al-Haidari,0009-0005-1917-2878,Binghamton University,academic,US,Robust Printed Interconnects for Harsh Environments,2025,https://doi.org/10.37665/smgkpyr29728,SMTA International,middle,advanced packaging thermal resistance high power,1,0,16
Robert A. Wheeler (22097493),,,unknown,,Design of Cu/ZrAlloy Interface for Enhanced ThermalFatigue Performance in Electronic Packaging,2025,https://doi.org/10.1021/acsomega.5c06959.s001,Figshare,middle,advanced packaging thermal resistance high power,1,0,16
Robert Mone,,Boston University,academic,US,Alternative to Solder TIM 1 Using Liquid Metal Reinforced with Z-axis Oriented Carbon Fiber,2025,https://doi.org/10.4071/001c.151773,IMAPSource Proceedings,middle,advanced packaging thermal resistance high power,1,0,16
Robert Wheeler,,United States Air Force Research Laboratory,academic,US,Design of Cu/Zr Alloy Interface for Enhanced Thermal Fatigue Performance in Electronic Packaging,2025,https://doi.org/10.1021/acsomega.5c06959,ACS Omega,middle,advanced packaging thermal resistance high power,1,0,16
Rohith Soman,0000-0003-2585-1939,Stanford University,academic,US,Interfacial Thermal Transport in Top-Side Diamond Integrated AlGaN/GaN High Electron Mobility Transistors,2025,https://doi.org/10.1021/acsami.5c13149,ACS Applied Materials & Interfaces,middle,thermal boundary resistance GaN diamond,1,0,16
Rong Sun (532754),,,unknown,,Synergistic LiquidMetal-Diamond-Reinforced Poly(ionicliquid) Composites for High Thermal Conductivity and Excellent Reliability,2025,https://doi.org/10.1021/acsami.5c07014.s001,Figshare,middle,advanced packaging thermal resistance high power,1,0,16
Rozita Rouzbahani,0000-0001-5528-1434,IMEC,academic,BE,LACVD growth of diamond on gallium nitride substrates with PH3 in recipe,2025,https://doi.org/10.3389/fenrg.2024.1413495,Frontiers in Energy Research,middle,GaN-on-diamond thermal management,1,0,16
Rui Li,0000-0002-8534-5301,Wuhan University,academic,CN,Heat transport exploration through the GaN/diamond interfaces using machine learning potential,2025,https://doi.org/10.1016/j.ijheatmasstransfer.2025.126724,International Journal of Heat and Mass Transfer,middle,GaN-on-diamond thermal management,1,0,16
Ruyu Tian,0000-0001-7030-0330,Harbin Institute of Technology,academic,CN,Thermal-electrical coupling effect on the reliability of copper pillar bump joints with different initial IMC thickness and microstructure,2025,https://doi.org/10.1016/j.jmapro.2025.02.026,Journal of Manufacturing Processes,middle,advanced packaging thermal resistance high power,1,0,16
SONG Songyuan,,,unknown,,GaN-based lateral diode with nanocrystalline diamond passivation layer,2025,https://doi.org/10.7498/aps.74.20250523,Acta Physica Sinica,middle,GaN-on-diamond thermal management,1,0,16
Sai Charan Vanjari,0000-0003-4448-4943,University of Bristol,academic,GB,Thermal Boundary Resistance Reduction by Interfacial Nanopatterning for GaN-on-Diamond Electronics Applications,2025,https://doi.org/10.1021/acsaelm.5c00119,ACS Applied Electronic Materials,middle,GaN-on-diamond thermal management,1,0,16
Saibin Han,,Shandong University,academic,CN,"Toward Integration of Dense, Contiguous, and Low‐Stress Capping Diamond on GaN/AlGaN Layer Using Two‐Step Growth Process",2025,https://doi.org/10.1002/sia.7394,Surface and Interface Analysis,middle,GaN-on-diamond thermal management,1,0,16
Salahuddin Nur,0000-0002-2700-7769,Delft University of Technology,academic,NL,Strain Effects in a Directly Bonded Diamond‐on‐Insulator Substrate,2025,https://doi.org/10.1002/pssa.202500277,physica status solidi (a),middle,diamond photonics thermal integration,1,0,16
Sanghyun Park,0009-0008-8476-6105,Soongsil University,academic,KR,Thermal Management of Wide-Bandgap Power Semiconductors: Strategies and Challenges in SiC and GaN Power Devices,2025,https://doi.org/10.3390/electronics14214193,Electronics,middle,near-junction thermal management high power density,1,0,16
Sangwook Sihn,0000-0003-2468-8869,University of Dayton,academic,US,Design of Cu/Zr Alloy Interface for Enhanced Thermal Fatigue Performance in Electronic Packaging,2025,https://doi.org/10.1021/acsomega.5c06959,ACS Omega,middle,advanced packaging thermal resistance high power,1,0,16
Sangwook Sihn (2111059),,,unknown,,Design of Cu/ZrAlloy Interface for Enhanced ThermalFatigue Performance in Electronic Packaging,2025,https://doi.org/10.1021/acsomega.5c06959.s001,Figshare,middle,advanced packaging thermal resistance high power,1,0,16
Sen Huang,0000-0002-5980-3161,Institute of Microelectronics,academic,SG,GaN HEMTs on 4H-SiC/Diamond Engineered Substrate With Enhanced Heat Dissipation,2025,https://doi.org/10.1109/led.2025.3635043,IEEE Electron Device Letters,middle,thermal boundary resistance GaN diamond,1,0,16
Senhao Liang,,Chongqing University,academic,CN,Transient Thermal Characterization and Assessment of Power Module With Encapsulated Phase Change Material Toward Overload Capability,2025,https://doi.org/10.1109/tpel.2025.3594604,IEEE Transactions on Power Electronics,middle,advanced packaging thermal resistance high power,1,0,16
Sergei Shenogin,0000-0002-0457-1746,University of Dayton,academic,US,Design of Cu/Zr Alloy Interface for Enhanced Thermal Fatigue Performance in Electronic Packaging,2025,https://doi.org/10.1021/acsomega.5c06959,ACS Omega,middle,advanced packaging thermal resistance high power,1,0,16
Sergei V. Shenogin (22097490),,,unknown,,Design of Cu/ZrAlloy Interface for Enhanced ThermalFatigue Performance in Electronic Packaging,2025,https://doi.org/10.1021/acsomega.5c06959.s001,Figshare,middle,advanced packaging thermal resistance high power,1,0,16
Sergey Batygov,0000-0001-9862-0504,Prokhorov General Physics Institute,academic,RU,Diamond-based composites with embedded core-shell β-NaGdF4:Eu nanoparticles: synthesis and luminescent characteristics,2025,https://doi.org/10.1016/j.diamond.2025.113062,Diamond and Related Materials,middle,diamond photonics thermal integration,1,0,16
Shang Wang,0000-0003-2246-3658,Harbin Institute of Technology,academic,CN,Anchoring sulfur migration to mitigate Kirkendall voids in nano-twinned copper interconnections for robust and reliable packaging,2025,https://doi.org/10.1016/j.jmst.2024.12.057,Journal of Material Science and Technology,middle,advanced packaging thermal resistance high power,1,0,16
Shang Wang,0009-0001-2604-1658,Harbin Institute of Technology,academic,CN,Thermal-electrical coupling effect on the reliability of copper pillar bump joints with different initial IMC thickness and microstructure,2025,https://doi.org/10.1016/j.jmapro.2025.02.026,Journal of Manufacturing Processes,middle,advanced packaging thermal resistance high power,1,0,16
Shankar Krishnan,0000-0002-8348-2265,Indian Institute of Technology Bombay,academic,IN,Experimental and numerical investigation of LTCC-based liquid cold plate for high-performance computing processors,2025,https://doi.org/10.1016/j.applthermaleng.2025.128052,Applied Thermal Engineering,middle,advanced packaging thermal resistance high power,1,0,16
Shany Joseph,0000-0003-2878-767X,Centre for Materials for Electronics Technology,academic,IN,Experimental and numerical investigation of LTCC-based liquid cold plate for high-performance computing processors,2025,https://doi.org/10.1016/j.applthermaleng.2025.128052,Applied Thermal Engineering,middle,advanced packaging thermal resistance high power,1,0,16
Shao Qi Lim,0000-0002-1238-0333,The University of Melbourne,academic,AU,Photoluminescence Properties of Ion-Implanted Er<sup>3+</sup> Defects in 4H-SiCOI for Integrated Quantum Photonics,2025,https://doi.org/10.1021/acsanm.5c00085,ACS Applied Nano Materials,middle,diamond photonics thermal integration,1,0,16
Shao Qi Lim (20528396),,,unknown,,PhotoluminescenceProperties of Ion-Implanted Er<sup>3+</sup> Defects in 4H-SiCOI forIntegrated Quantum Photonics,2025,https://doi.org/10.1021/acsanm.5c00085.s001,Figshare,middle,diamond photonics thermal integration,1,0,16
Shaokang Yu,,Northwestern Polytechnical University,academic,CN,Liquid metal microfluidic cooling system for high-efficiency thermal management via learning-based genetic algorithm,2025,https://doi.org/10.1016/j.engappai.2025.112324,Engineering Applications of Artificial Intelligence,middle,near-junction thermal management high power density,1,0,16
Shaozhong Yue,0000-0002-0904-4857,Xidian University,academic,CN,Enhanced cooling model for GaN HEMT based on thermoelectric cooler,2025,https://doi.org/10.1016/j.applthermaleng.2025.125576,Applied Thermal Engineering,middle,GaN HEMT self-heating junction temperature,1,0,16
Shengli Wu,0000-0002-5930-3183,Ministry of Education,academic,BD,Accurate operando measurement of AlGaN/GaN HEMTs channel temperature and optimization of thermal design,2025,https://doi.org/10.1088/1361-6528/adafaf,Nanotechnology,middle,GaN-on-diamond thermal management,1,0,16
Shijie Zhai,,Xi'an Jiaotong University,academic,CN,Accurate operando measurement of AlGaN/GaN HEMTs channel temperature and optimization of thermal design,2025,https://doi.org/10.1088/1361-6528/adafaf,Nanotechnology,middle,GaN-on-diamond thermal management,1,0,16
Shilin Dong,,Shandong University,academic,CN,Transistor-level thermal management in wide and ultra-wide bandgap power semiconductor transistors: A review,2025,https://doi.org/10.1016/j.ijthermalsci.2025.110200,International Journal of Thermal Sciences,middle,near-junction thermal management high power density,1,0,16
Shuai Wang,0000-0002-1678-0211,Harbin Institute of Technology,academic,CN,Thermal-electrical coupling effect on the reliability of copper pillar bump joints with different initial IMC thickness and microstructure,2025,https://doi.org/10.1016/j.jmapro.2025.02.026,Journal of Manufacturing Processes,middle,advanced packaging thermal resistance high power,1,0,16
Shuai Wu,0000-0002-2918-7046,Ji Hua Laboratory,academic,CN,Novel diamond and Ta C composite coatings for efficient heat dissipation in GaN semiconductor devices,2025,https://doi.org/10.1016/j.surfcoat.2025.131784,Surface and Coatings Technology,middle,GaN-on-diamond thermal management,1,0,16
Shunyu Wang,,Xidian University,academic,CN,Enhanced cooling model for GaN HEMT based on thermoelectric cooler,2025,https://doi.org/10.1016/j.applthermaleng.2025.125576,Applied Thermal Engineering,middle,GaN HEMT self-heating junction temperature,1,0,16
Shuting Huang,,University of Electronic Science and Technology of China,academic,CN,"Nonmonotonic Instability of <i>V</i> <sub>TH</sub> and <i>R</i> <sub>ds,on</sub> in 650 V Schottky-Type p-GaN Gate HEMTs Under Short-Circuit: The Effect of Electric Field and Thermal Dynamics",2025,https://doi.org/10.1109/ted.2025.3632816,IEEE Transactions on Electron Devices,middle,GaN HEMT self-heating junction temperature,1,0,16
Siew-Chong Tan,0000-0001-9007-8749,City University of Hong Kong,academic,HK,Electrothermal Circuit Modeling and Practical Evaluation of GaN Power Switches for Mega-Hertz Soft-Switching Operation,2025,https://doi.org/10.1109/tpel.2025.3642289,IEEE Transactions on Power Electronics,middle,GaN HEMT self-heating junction temperature,1,0,16
Song Wen,,Chinese Academy of Sciences,academic,CN,Simulation and experimental investigation of liquid-cooling thermal management for high-bandwidth co-packaged optics,2025,https://doi.org/10.1007/s12200-025-00156-4,Frontiers of Optoelectronics,middle,co-packaged optics thermal management,1,0,16
Stephen Taylor,0000-0002-2144-8459,Kwame Nkrumah University of Science and Technology,academic,GH,"Wide-Bandgap Semiconductors: A Critical Analysis of GaN, SiC, AlGaN, Diamond, and Ga2O3 Synthesis Methods, Challenges, and Prospective Technological Innovations",2025,https://doi.org/10.70322/ism.2025.10011,Intelligent and sustainable manufacturing,middle,GaN-on-diamond thermal management,1,0,16
Suixuan Li,,"University of California, Los Angeles",academic,US,Advancing Thermal Management Technology for Power Semiconductors through Materials and Interface Engineering,2025,https://doi.org/10.1021/accountsmr.4c00349,Accounts of Materials Research,middle,GaN-on-diamond thermal management,1,0,16
Sushil R. Kanel,0000-0002-3629-4528,United States Air Force Research Laboratory,academic,US,Design of Cu/Zr Alloy Interface for Enhanced Thermal Fatigue Performance in Electronic Packaging,2025,https://doi.org/10.1021/acsomega.5c06959,ACS Omega,middle,advanced packaging thermal resistance high power,1,0,16
Sushil R. Kanel (1782211),,,unknown,,Design of Cu/ZrAlloy Interface for Enhanced ThermalFatigue Performance in Electronic Packaging,2025,https://doi.org/10.1021/acsomega.5c06959.s001,Figshare,middle,advanced packaging thermal resistance high power,1,0,16
Sven Rogge,0000-0003-1078-9482,UNSW Sydney,academic,AU,Photoluminescence Properties of Ion-Implanted Er<sup>3+</sup> Defects in 4H-SiCOI for Integrated Quantum Photonics,2025,https://doi.org/10.1021/acsanm.5c00085,ACS Applied Nano Materials,middle,diamond photonics thermal integration,1,0,16
Sven Rogge (1794376),,,unknown,,PhotoluminescenceProperties of Ion-Implanted Er<sup>3+</sup> Defects in 4H-SiCOI forIntegrated Quantum Photonics,2025,https://doi.org/10.1021/acsanm.5c00085.s001,Figshare,middle,diamond photonics thermal integration,1,0,16
Tao Hu,,Shanghai University,academic,CN,Atomic-scale substitutional defect engineering for significant enhancement of thermal transport at GaN/diamond interfaces,2025,https://doi.org/10.1016/j.carbon.2025.121221,Carbon,middle,GaN-on-diamond thermal management,1,0,16
Tao Huang,,Boston University,academic,US,Alternative to Solder TIM 1 Using Liquid Metal Reinforced with Z-axis Oriented Carbon Fiber,2025,https://doi.org/10.4071/001c.151773,IMAPSource Proceedings,middle,advanced packaging thermal resistance high power,1,0,16
Tao Zhang,0000-0001-9886-8411,,unknown,,GaN-based lateral diode with nanocrystalline diamond passivation layer,2025,https://doi.org/10.7498/aps.74.20250523,Acta Physica Sinica,middle,GaN-on-diamond thermal management,1,0,16
Tianyin Chen,,Delft University of Technology,academic,NL,Strain Effects in a Directly Bonded Diamond‐on‐Insulator Substrate,2025,https://doi.org/10.1002/pssa.202500277,physica status solidi (a),middle,diamond photonics thermal integration,1,0,16
Trevor G. Aguirre,0000-0002-8146-9630,Oak Ridge National Laboratory,academic,US,Ultra-low thermal resistance and pressure drop copper and copper-tungsten diamond-shaped pin fin cold plates for liquid cooling of electronics,2025,https://doi.org/10.1016/j.ijheatmasstransfer.2025.128080,International Journal of Heat and Mass Transfer,middle,diamond heat spreader electronics,1,0,16
V. Yu. Proydakova,0000-0001-8017-9175,Prokhorov General Physics Institute,academic,RU,Diamond-based composites with embedded core-shell β-NaGdF4:Eu nanoparticles: synthesis and luminescent characteristics,2025,https://doi.org/10.1016/j.diamond.2025.113062,Diamond and Related Materials,middle,diamond photonics thermal integration,1,0,16
Vadim Sedov,0000-0001-9802-1106,Prokhorov General Physics Institute,academic,RU,Diamond-based composites with embedded core-shell β-NaGdF4:Eu nanoparticles: synthesis and luminescent characteristics,2025,https://doi.org/10.1016/j.diamond.2025.113062,Diamond and Related Materials,middle,diamond photonics thermal integration,1,0,16
Vazgen Melikyan,0000-0002-1667-6860,National Polytechnic University of Armenia,academic,AM,Enhanced cooling model for GaN HEMT based on thermoelectric cooler,2025,https://doi.org/10.1016/j.applthermaleng.2025.125576,Applied Thermal Engineering,middle,GaN HEMT self-heating junction temperature,1,0,16
Vijaya Giramkar,,Centre for Materials for Electronics Technology,academic,IN,Experimental and numerical investigation of LTCC-based liquid cold plate for high-performance computing processors,2025,https://doi.org/10.1016/j.applthermaleng.2025.128052,Applied Thermal Engineering,middle,advanced packaging thermal resistance high power,1,0,16
Vishwanath Ganesan,0000-0001-8130-4476,University of Illinois Urbana-Champaign,academic,US,Ultra-low thermal resistance and pressure drop copper and copper-tungsten diamond-shaped pin fin cold plates for liquid cooling of electronics,2025,https://doi.org/10.1016/j.ijheatmasstransfer.2025.128080,International Journal of Heat and Mass Transfer,middle,diamond heat spreader electronics,1,0,16
Vladislav M. Korshunov,0000-0003-3261-1140,P.N. Lebedev Physical Institute of the Russian Academy of Sciences,academic,RU,Diamond-based composites with embedded core-shell β-NaGdF4:Eu nanoparticles: synthesis and luminescent characteristics,2025,https://doi.org/10.1016/j.diamond.2025.113062,Diamond and Related Materials,middle,diamond photonics thermal integration,1,0,16
Wanpeng Dong,,National Innovation Institute of Defense Technology Academy of Military Sciences  Beijing China,academic,,<scp>3D</scp> Printed Boron Nitride‐Filled Continuous Carbon Fiber/Epoxy Resin Composites With Ultra‐High Thermal Conductivity and Favorable Mechanical Property,2025,https://doi.org/10.1002/pc.70182,Polymer Composites,middle,advanced packaging thermal resistance high power,1,0,16
Wanping Gao,,Northwestern Polytechnical University,academic,CN,Liquid metal microfluidic cooling system for high-efficiency thermal management via learning-based genetic algorithm,2025,https://doi.org/10.1016/j.engappai.2025.112324,Engineering Applications of Artificial Intelligence,middle,near-junction thermal management high power density,1,0,16
Wei Wang,0000-0003-3952-2861,Peking University,academic,CN,Transistor-level thermal management in wide and ultra-wide bandgap power semiconductor transistors: A review,2025,https://doi.org/10.1016/j.ijthermalsci.2025.110200,International Journal of Thermal Sciences,middle,near-junction thermal management high power density,1,0,16
Wei Wang,0000-0002-7762-7560,Harbin Institute of Technology,academic,CN,Thermal-electrical coupling effect on the reliability of copper pillar bump joints with different initial IMC thickness and microstructure,2025,https://doi.org/10.1016/j.jmapro.2025.02.026,Journal of Manufacturing Processes,middle,advanced packaging thermal resistance high power,1,0,16
Wei Xu,0000-0001-8006-2399,Hunan University,academic,CN,GaN-on-diamond technology for next-generation power devices,2025,https://doi.org/10.1007/s44275-024-00022-z,Moore and More,middle,GaN-on-diamond thermal management,1,0,16
Weidong Zhu,0000-0001-5833-5514,,unknown,,GaN-based lateral diode with nanocrystalline diamond passivation layer,2025,https://doi.org/10.7498/aps.74.20250523,Acta Physica Sinica,middle,GaN-on-diamond thermal management,1,0,16
Weihang Zhang,0000-0003-0400-1871,Xidian University,academic,CN,Recent Advances in Device-Level Thermal Management Technologies for Wide Bandgap Semiconductor: A Review,2025,https://doi.org/10.1109/ted.2025.3562506,IEEE Transactions on Electron Devices,middle,advanced packaging thermal resistance high power,1,0,16
Weiyu Tang,0000-0002-3806-2712,École Polytechnique Fédérale de Lausanne,academic,CH,Safe-Operation-Area Extended IGBT Module With Enhanced Near-Junction Thermal Capacitance and Advanced Cooling for Transient High-Current Operation,2025,https://doi.org/10.1109/tpel.2025.3615245,IEEE Transactions on Power Electronics,middle,advanced packaging thermal resistance high power,1,0,16
Wen Hong,0000-0001-5163-9128,Xidian University,academic,CN,Enhanced cooling model for GaN HEMT based on thermoelectric cooler,2025,https://doi.org/10.1016/j.applthermaleng.2025.125576,Applied Thermal Engineering,middle,GaN HEMT self-heating junction temperature,1,0,16
Wenbin Fu,0000-0001-7539-3767,Georgia Institute of Technology,academic,US,In Situ Generated Silver Nanoparticles on Boron Nitride Nanosheets Followed by Silane Modification in High‐Performance Epoxy Nanocomposites for Advanced Packaging Applications,2025,https://doi.org/10.1002/aelm.202500245,Advanced Electronic Materials,middle,advanced packaging thermal resistance high power,1,0,16
Wenchuan Tao,,Southern University of Science and Technology,academic,CN,Numerical Investigation on Electrothermal Performance of AlGaN/GaN HEMTs with Nanocrystalline Diamond/SiNx Trench Dual-Passivation Layers,2025,https://doi.org/10.3390/nano15080574,Nanomaterials,middle,GaN HEMT self-heating junction temperature,1,0,16
Wenhao Gao,0000-0002-6506-8044,Central South University,academic,CN,Transient liquid phase sintering with nanophase reinforcement enables silver joints with low thermal resistance and high shear strength,2025,https://doi.org/10.1016/j.intermet.2025.109059,Intermetallics,middle,advanced packaging thermal resistance high power,1,0,16
Wenjing Jiang,0000-0002-5528-8182,Institute of Microelectronics,academic,SG,GaN HEMTs on 4H-SiC/Diamond Engineered Substrate With Enhanced Heat Dissipation,2025,https://doi.org/10.1109/led.2025.3635043,IEEE Electron Device Letters,middle,thermal boundary resistance GaN diamond,1,0,16
Wenyi Zhang,0000-0003-4227-0749,Northwestern Polytechnical University,academic,CN,Liquid metal microfluidic cooling system for high-efficiency thermal management via learning-based genetic algorithm,2025,https://doi.org/10.1016/j.engappai.2025.112324,Engineering Applications of Artificial Intelligence,middle,near-junction thermal management high power density,1,0,16
Wen‐Hsi Lee,,National Cheng Kung University,academic,TW,In Situ Generated Silver Nanoparticles on Boron Nitride Nanosheets Followed by Silane Modification in High‐Performance Epoxy Nanocomposites for Advanced Packaging Applications,2025,https://doi.org/10.1002/aelm.202500245,Advanced Electronic Materials,middle,advanced packaging thermal resistance high power,1,0,16
Wolalorm Makafui Zudor,,Kwame Nkrumah University of Science and Technology,academic,GH,"Wide-Bandgap Semiconductors: A Critical Analysis of GaN, SiC, AlGaN, Diamond, and Ga2O3 Synthesis Methods, Challenges, and Prospective Technological Innovations",2025,https://doi.org/10.70322/ism.2025.10011,Intelligent and sustainable manufacturing,middle,GaN-on-diamond thermal management,1,0,16
Woo Young Park,0009-0000-1662-9821,University of Illinois Urbana-Champaign,academic,US,Ultra-low thermal resistance and pressure drop copper and copper-tungsten diamond-shaped pin fin cold plates for liquid cooling of electronics,2025,https://doi.org/10.1016/j.ijheatmasstransfer.2025.128080,International Journal of Heat and Mass Transfer,middle,diamond heat spreader electronics,1,0,16
Xiang Sun,0000-0002-7619-9648,Wuhan University,academic,CN,Heat transport exploration through the GaN/diamond interfaces using machine learning potential,2025,https://doi.org/10.1016/j.ijheatmasstransfer.2025.126724,International Journal of Heat and Mass Transfer,middle,GaN-on-diamond thermal management,1,0,16
Xiangang Xu,,Shandong University,academic,CN,"Toward Integration of Dense, Contiguous, and Low‐Stress Capping Diamond on GaN/AlGaN Layer Using Two‐Step Growth Process",2025,https://doi.org/10.1002/sia.7394,Surface and Interface Analysis,middle,GaN-on-diamond thermal management,1,0,16
Xiangjie Xing,,Institute of Microelectronics,academic,SG,GaN HEMTs on 4H-SiC/Diamond Engineered Substrate With Enhanced Heat Dissipation,2025,https://doi.org/10.1109/led.2025.3635043,IEEE Electron Device Letters,middle,thermal boundary resistance GaN diamond,1,0,16
Xiangming Dong,0000-0002-7995-2201,Donghua University,academic,CN,Interface-Driven Electrothermal Degradation in GaN-on-Diamond High Electron Mobility Transistors,2025,https://doi.org/10.3390/nano15141114,Nanomaterials,middle,GaN-on-diamond thermal management,1,0,16
Xianhe Liu,0000-0002-3508-1440,Xidian University,academic,CN,Recent Advances in Device-Level Thermal Management Technologies for Wide Bandgap Semiconductor: A Review,2025,https://doi.org/10.1109/ted.2025.3562506,IEEE Transactions on Electron Devices,middle,advanced packaging thermal resistance high power,1,0,16
Xiaodan Yu,,Nantong University,academic,CN,Atomic-scale substitutional defect engineering for significant enhancement of thermal transport at GaN/diamond interfaces,2025,https://doi.org/10.1016/j.carbon.2025.121221,Carbon,middle,GaN-on-diamond thermal management,1,0,16
Xiaofei Zhang,0000-0001-9961-507X,Academy of Military Medical Sciences,academic,CN,Design and Fabrication of Embedded Microchannel Cooling Solutions for High-Power-Density Semiconductor Devices,2025,https://doi.org/10.3390/mi16080908,Micromachines,middle,near-junction thermal management high power density,1,0,16
Xiaohua Li,0000-0003-3664-7837,Shenzhen University,academic,CN,GaN-on-diamond technology for next-generation power devices,2025,https://doi.org/10.1007/s44275-024-00022-z,Moore and More,middle,GaN-on-diamond thermal management,1,0,16
Xiaohua Ma,0000-0002-5546-8458,Xidian University,academic,CN,Enhanced cooling model for GaN HEMT based on thermoelectric cooler,2025,https://doi.org/10.1016/j.applthermaleng.2025.125576,Applied Thermal Engineering,middle,GaN HEMT self-heating junction temperature,1,0,16
Xiaowei Hu,0000-0002-5708-7018,Central South University,academic,CN,Transient liquid phase sintering with nanophase reinforcement enables silver joints with low thermal resistance and high shear strength,2025,https://doi.org/10.1016/j.intermet.2025.109059,Intermetallics,middle,advanced packaging thermal resistance high power,1,0,16
Xiaoxin Zhang,,Shanghai University,academic,CN,Atomic-scale substitutional defect engineering for significant enhancement of thermal transport at GaN/diamond interfaces,2025,https://doi.org/10.1016/j.carbon.2025.121221,Carbon,middle,GaN-on-diamond thermal management,1,0,16
Xiaoyu Zhang,0000-0002-3227-5071,Shandong University,academic,CN,"Toward Integration of Dense, Contiguous, and Low‐Stress Capping Diamond on GaN/AlGaN Layer Using Two‐Step Growth Process",2025,https://doi.org/10.1002/sia.7394,Surface and Interface Analysis,middle,GaN-on-diamond thermal management,1,0,16
Xin Feng,0009-0003-7147-8730,Xidian University,academic,CN,Recent Advances in Device-Level Thermal Management Technologies for Wide Bandgap Semiconductor: A Review,2025,https://doi.org/10.1109/ted.2025.3562506,IEEE Transactions on Electron Devices,middle,advanced packaging thermal resistance high power,1,0,16
Xin Lan,0000-0003-1741-7091,Shandong University,academic,CN,Transistor-level thermal management in wide and ultra-wide bandgap power semiconductor transistors: A review,2025,https://doi.org/10.1016/j.ijthermalsci.2025.110200,International Journal of Thermal Sciences,middle,near-junction thermal management high power density,1,0,16
Xin Luo,0009-0003-4133-893X,University of Science and Technology of China,academic,CN,Synergistic Liquid Metal-Diamond-Reinforced Poly(ionic liquid) Composites for High Thermal Conductivity and Excellent Reliability,2025,https://doi.org/10.1021/acsami.5c07014,ACS Applied Materials & Interfaces,middle,advanced packaging thermal resistance high power,1,0,16
Xin Luo (428648),,,unknown,,Synergistic LiquidMetal-Diamond-Reinforced Poly(ionicliquid) Composites for High Thermal Conductivity and Excellent Reliability,2025,https://doi.org/10.1021/acsami.5c07014.s001,Figshare,middle,advanced packaging thermal resistance high power,1,0,16
Xin Zou,0000-0002-8844-4866,Huazhong University of Science and Technology,academic,CN,Fabrication of Multilayer Ceramic Substrates via Low-Temperature Cu–Cu Bonding Using Gold Passivation Layer,2025,https://doi.org/10.1109/led.2025.3613288,IEEE Electron Device Letters,middle,advanced packaging thermal resistance high power,1,0,16
Xingyu Chen,0009-0001-9846-772X,China University of Geosciences (Beijing),academic,CN,Influence of temperature on the bonding behavior of GaN on diamond with Ta-Au interlayer: Insights from molecular dynamics simulations,2025,https://doi.org/10.1016/j.diamond.2025.113013,Diamond and Related Materials,middle,GaN-on-diamond thermal management,1,0,16
Xinhua Wang,0000-0002-6592-7515,Institute of Microelectronics,academic,SG,GaN HEMTs on 4H-SiC/Diamond Engineered Substrate With Enhanced Heat Dissipation,2025,https://doi.org/10.1109/led.2025.3635043,IEEE Electron Device Letters,middle,thermal boundary resistance GaN diamond,1,0,16
Xinyi Tang,0000-0002-7223-1321,Southern University of Science and Technology,academic,CN,Numerical Investigation on Electrothermal Performance of AlGaN/GaN HEMTs with Nanocrystalline Diamond/SiNx Trench Dual-Passivation Layers,2025,https://doi.org/10.3390/nano15080574,Nanomaterials,middle,GaN HEMT self-heating junction temperature,1,0,16
Xinyu Liu,0000-0002-8165-2259,Beijing University of Chemical Technology,academic,CN,<scp>3D</scp> Printed Boron Nitride‐Filled Continuous Carbon Fiber/Epoxy Resin Composites With Ultra‐High Thermal Conductivity and Favorable Mechanical Property,2025,https://doi.org/10.1002/pc.70182,Polymer Composites,middle,advanced packaging thermal resistance high power,1,0,16
Xinyu Wang,0000-0003-4143-334X,Peking University,academic,CN,Transistor-level thermal management in wide and ultra-wide bandgap power semiconductor transistors: A review,2025,https://doi.org/10.1016/j.ijthermalsci.2025.110200,International Journal of Thermal Sciences,middle,near-junction thermal management high power density,1,0,16
Xinyun Zhang,,Beijing University of Chemical Technology,academic,CN,<scp>3D</scp> Printed Boron Nitride‐Filled Continuous Carbon Fiber/Epoxy Resin Composites With Ultra‐High Thermal Conductivity and Favorable Mechanical Property,2025,https://doi.org/10.1002/pc.70182,Polymer Composites,middle,advanced packaging thermal resistance high power,1,0,16
Xinyun Zhang,,Beijing University of Chemical Technology,academic,CN,<scp>3D</scp> Printed Boron Nitride‐Filled Continuous Carbon Fiber/Epoxy Resin Composites With Ultra‐High Thermal Conductivity and Favorable Mechanical Property,2025,https://doi.org/10.1002/pc.70182,Polymer Composites,middle,advanced packaging thermal resistance high power,1,0,16
Xiufei Hu,,Shandong University,academic,CN,"Toward Integration of Dense, Contiguous, and Low‐Stress Capping Diamond on GaN/AlGaN Layer Using Two‐Step Growth Process",2025,https://doi.org/10.1002/sia.7394,Surface and Interface Analysis,middle,GaN-on-diamond thermal management,1,0,16
Xiwei Wang,0000-0002-5850-0126,Shandong University,academic,CN,"Toward Integration of Dense, Contiguous, and Low‐Stress Capping Diamond on GaN/AlGaN Layer Using Two‐Step Growth Process",2025,https://doi.org/10.1002/sia.7394,Surface and Interface Analysis,middle,GaN-on-diamond thermal management,1,0,16
Xudong Liu,,Harbin Institute of Technology,academic,CN,Anchoring sulfur migration to mitigate Kirkendall voids in nano-twinned copper interconnections for robust and reliable packaging,2025,https://doi.org/10.1016/j.jmst.2024.12.057,Journal of Material Science and Technology,middle,advanced packaging thermal resistance high power,1,0,16
Xuefeng Zheng,0000-0001-9474-047X,Xidian University,academic,CN,Enhanced cooling model for GaN HEMT based on thermoelectric cooler,2025,https://doi.org/10.1016/j.applthermaleng.2025.125576,Applied Thermal Engineering,middle,GaN HEMT self-heating junction temperature,1,0,16
Xueyu Hu,0000-0002-1248-4896,Georgia Institute of Technology,academic,US,In Situ Generated Silver Nanoparticles on Boron Nitride Nanosheets Followed by Silane Modification in High‐Performance Epoxy Nanocomposites for Advanced Packaging Applications,2025,https://doi.org/10.1002/aelm.202500245,Advanced Electronic Materials,middle,advanced packaging thermal resistance high power,1,0,16
Yadong Lv,0000-0003-3903-4040,Ingenierie des Materiaux polymeres,academic,FR,Failure from Within: Volatiles from polymer aging trigger electronic corrosion,2025,https://doi.org/10.1016/j.polymdegradstab.2025.111779,Polymer Degradation and Stability,middle,advanced packaging thermal resistance high power,1,0,16
Yan Peng,0000-0002-1942-2719,Shandong University,academic,CN,"Toward Integration of Dense, Contiguous, and Low‐Stress Capping Diamond on GaN/AlGaN Layer Using Two‐Step Growth Process",2025,https://doi.org/10.1002/sia.7394,Surface and Interface Analysis,middle,GaN-on-diamond thermal management,1,0,16
Yan Zhang,,Institute of Microelectronics,academic,SG,GaN HEMTs on 4H-SiC/Diamond Engineered Substrate With Enhanced Heat Dissipation,2025,https://doi.org/10.1109/led.2025.3635043,IEEE Electron Device Letters,middle,thermal boundary resistance GaN diamond,1,0,16
Yanfeng Yang,,Beijing University of Chemical Technology,academic,CN,<scp>3D</scp> Printed Boron Nitride‐Filled Continuous Carbon Fiber/Epoxy Resin Composites With Ultra‐High Thermal Conductivity and Favorable Mechanical Property,2025,https://doi.org/10.1002/pc.70182,Polymer Composites,middle,advanced packaging thermal resistance high power,1,0,16
Yang Fan,,Xi'an Jiaotong University,academic,CN,Accurate operando measurement of AlGaN/GaN HEMTs channel temperature and optimization of thermal design,2025,https://doi.org/10.1088/1361-6528/adafaf,Nanotechnology,middle,GaN-on-diamond thermal management,1,0,16
Yang Peng,0000-0002-1282-9487,Huazhong University of Science and Technology,academic,CN,Fabrication of Multilayer Ceramic Substrates via Low-Temperature Cu–Cu Bonding Using Gold Passivation Layer,2025,https://doi.org/10.1109/led.2025.3613288,IEEE Electron Device Letters,middle,advanced packaging thermal resistance high power,1,0,16
Yang Shen,0000-0003-1510-848X,Tsinghua University,academic,CN,Modulating Self-Heating Effects in GaN HEMTs Using Slant Field Plate,2025,https://doi.org/10.1109/ted.2025.3546594,IEEE Transactions on Electron Devices,middle,near-junction thermal management high power density,1,0,16
Yanhua Niu,0000-0002-8093-908X,Ingenierie des Materiaux polymeres,academic,FR,Failure from Within: Volatiles from polymer aging trigger electronic corrosion,2025,https://doi.org/10.1016/j.polymdegradstab.2025.111779,Polymer Degradation and Stability,middle,advanced packaging thermal resistance high power,1,0,16
Yanlei Hu,0000-0003-1964-0043,University of Science and Technology of China,academic,CN,Laser-induced broad-spectrum strong absorption multiscale carbon-based nanofilms for photonic debonding based on the spatial confinement effect,2025,https://doi.org/10.1088/2631-7990/ae1db8,International Journal of Extreme Manufacturing,middle,advanced packaging thermal resistance high power,1,0,16
Yao Li,0000-0001-5785-3117,,unknown,,GaN-based lateral diode with nanocrystalline diamond passivation layer,2025,https://doi.org/10.7498/aps.74.20250523,Acta Physica Sinica,middle,GaN-on-diamond thermal management,1,0,16
Ye Liu,0000-0003-3143-3629,Chinese Academy of Sciences,academic,CN,Thermal Performance of Two-phase Loop Thermosiyphon under Different Filling Ratios and Heat Transfer Distances,2025,https://doi.org/10.47176/jafm.18.12.3642,Journal of Applied Fluid Mechanics,middle,advanced packaging thermal resistance high power,1,0,16
Yiding Yu,0000-0002-4138-128X,Central South University,academic,CN,Transient liquid phase sintering with nanophase reinforcement enables silver joints with low thermal resistance and high shear strength,2025,https://doi.org/10.1016/j.intermet.2025.109059,Intermetallics,middle,advanced packaging thermal resistance high power,1,0,16
Yifan Liu,0000-0003-3034-9628,Donghua University,academic,CN,Interface-Driven Electrothermal Degradation in GaN-on-Diamond High Electron Mobility Transistors,2025,https://doi.org/10.3390/nano15141114,Nanomaterials,middle,GaN-on-diamond thermal management,1,0,16
Yifei Li,0000-0002-9503-3467,Xi'an Jiaotong University,academic,CN,Electron-phonon coupled nonequilibrium thermal transport in Cu/GaN heterojunctions with fractal rough interfaces,2025,https://doi.org/10.1103/bbhd-4jwg,Physical review. B./Physical review. B,middle,thermal boundary resistance GaN diamond,1,0,16
Yiming Gong,,Chongqing University,academic,CN,Transient Thermal Characterization and Assessment of Power Module With Encapsulated Phase Change Material Toward Overload Capability,2025,https://doi.org/10.1109/tpel.2025.3594604,IEEE Transactions on Power Electronics,middle,advanced packaging thermal resistance high power,1,0,16
Yingzhe Wang,0000-0002-8113-6852,Xidian University,academic,CN,Enhanced cooling model for GaN HEMT based on thermoelectric cooler,2025,https://doi.org/10.1016/j.applthermaleng.2025.125576,Applied Thermal Engineering,middle,GaN HEMT self-heating junction temperature,1,0,16
Yitao Shen,,University of Science and Technology of China,academic,CN,Ultra-thin spray cooling for high-power-density silicon chips,2025,https://doi.org/10.70401/tx.2026.0014,Thermo-X,middle,near-junction thermal management high power density,1,0,16
Yongdie Deng,,China Academy of Engineering Physics,academic,CN,Failure from Within: Volatiles from polymer aging trigger electronic corrosion,2025,https://doi.org/10.1016/j.polymdegradstab.2025.111779,Polymer Degradation and Stability,middle,advanced packaging thermal resistance high power,1,0,16
Yongji LAI,,,unknown,,"Stress in CVD Diamond Films: Generation, Suppression, Application, and Measurement",2025,https://doi.org/10.15541/jim20250094,Journal of Inorganic Materials,middle,GaN-on-diamond thermal management,1,0,16
Yongjuan Wu,0000-0003-0335-9767,Northwestern Polytechnical University,academic,CN,Liquid metal microfluidic cooling system for high-efficiency thermal management via learning-based genetic algorithm,2025,https://doi.org/10.1016/j.engappai.2025.112324,Engineering Applications of Artificial Intelligence,middle,near-junction thermal management high power density,1,0,16
Yu Xu,0000-0003-3360-8998,Shenzhen University,academic,CN,GaN-on-diamond technology for next-generation power devices,2025,https://doi.org/10.1007/s44275-024-00022-z,Moore and More,middle,GaN-on-diamond thermal management,1,0,16
Yu-chen Liu (4899244),,,unknown,,Sonochemical Synthesisof Submicrometer Ga-Based Particles for Cu-to-Cu Interconnection,2025,https://doi.org/10.1021/acsaelm.5c01346.s001,Figshare,middle,advanced packaging thermal resistance high power,1,0,16
Yucheng Xiong,0000-0002-1714-6773,Donghua University,academic,CN,Interface-Driven Electrothermal Degradation in GaN-on-Diamond High Electron Mobility Transistors,2025,https://doi.org/10.3390/nano15141114,Nanomaterials,middle,GaN-on-diamond thermal management,1,0,16
Yue HAO,,,unknown,,GaN-based lateral diode with nanocrystalline diamond passivation layer,2025,https://doi.org/10.7498/aps.74.20250523,Acta Physica Sinica,middle,GaN-on-diamond thermal management,1,0,16
Yunqing Tang,0000-0003-1836-8674,Shandong University,academic,CN,Mechanism analysis of strengthening interfacial thermal conductance of w-AlN/Graphene/3C-SiC typical heterostructure by graphene interlayer bonding,2025,https://doi.org/10.1016/j.ceramint.2025.02.116,Ceramics International,middle,GaN-on-diamond thermal management,1,0,16
Yunxiang Xing,,University of Electronic Science and Technology of China,academic,CN,"Nonmonotonic Instability of <i>V</i> <sub>TH</sub> and <i>R</i> <sub>ds,on</sub> in 650 V Schottky-Type p-GaN Gate HEMTs Under Short-Circuit: The Effect of Electric Field and Thermal Dynamics",2025,https://doi.org/10.1109/ted.2025.3632816,IEEE Transactions on Electron Devices,middle,GaN HEMT self-heating junction temperature,1,0,16
Yunzhu Ma,0000-0003-2759-7129,Central South University,academic,CN,Transient liquid phase sintering with nanophase reinforcement enables silver joints with low thermal resistance and high shear strength,2025,https://doi.org/10.1016/j.intermet.2025.109059,Intermetallics,middle,advanced packaging thermal resistance high power,1,0,16
Yunzhu Ma,0000-0002-8163-507X,Central South University,academic,CN,Multi-step transient liquid phase bonding of Ag-In-Sn composite solders joints for low interfacial thermal resistance and enhanced mechanical integrity,2025,https://doi.org/10.1016/j.matchar.2025.115599,Materials Characterization,middle,advanced packaging thermal resistance high power,1,0,16
Zengli Huang,0000-0002-1201-3509,Shenzhen University,academic,CN,GaN-on-diamond technology for next-generation power devices,2025,https://doi.org/10.1007/s44275-024-00022-z,Moore and More,middle,GaN-on-diamond thermal management,1,0,16
Zhaoyu Lin,,Chinese Academy of Sciences,academic,CN,Synergistic Liquid Metal-Diamond-Reinforced Poly(ionic liquid) Composites for High Thermal Conductivity and Excellent Reliability,2025,https://doi.org/10.1021/acsami.5c07014,ACS Applied Materials & Interfaces,middle,advanced packaging thermal resistance high power,1,0,16
Zhaoyu Lin (170763),,,unknown,,Synergistic LiquidMetal-Diamond-Reinforced Poly(ionicliquid) Composites for High Thermal Conductivity and Excellent Reliability,2025,https://doi.org/10.1021/acsami.5c07014.s001,Figshare,middle,advanced packaging thermal resistance high power,1,0,16
Zhe Huang,0009-0005-8057-4454,Central South University,academic,CN,Multi-step transient liquid phase bonding of Ag-In-Sn composite solders joints for low interfacial thermal resistance and enhanced mechanical integrity,2025,https://doi.org/10.1016/j.matchar.2025.115599,Materials Characterization,middle,advanced packaging thermal resistance high power,1,0,16
Zheng Zeng,0000-0002-1501-4400,Chongqing University,academic,CN,Transient Thermal Characterization and Assessment of Power Module With Encapsulated Phase Change Material Toward Overload Capability,2025,https://doi.org/10.1109/tpel.2025.3594604,IEEE Transactions on Power Electronics,middle,advanced packaging thermal resistance high power,1,0,16
Zhenyu Lei,0000-0002-5980-9141,Huazhong University of Science and Technology,academic,CN,Fabrication of Multilayer Ceramic Substrates via Low-Temperature Cu–Cu Bonding Using Gold Passivation Layer,2025,https://doi.org/10.1109/led.2025.3613288,IEEE Electron Device Letters,middle,advanced packaging thermal resistance high power,1,0,16
Zhiguo Yan,0000-0001-7375-0724,Chinese Academy of Sciences,academic,CN,Thermal Performance of Two-phase Loop Thermosiyphon under Different Filling Ratios and Heat Transfer Distances,2025,https://doi.org/10.47176/jafm.18.12.3642,Journal of Applied Fluid Mechanics,middle,advanced packaging thermal resistance high power,1,0,16
Zhihan Zhang,0000-0003-1954-123X,"University of California, Los Angeles",academic,US,Advancing Thermal Management Technology for Power Semiconductors through Materials and Interface Engineering,2025,https://doi.org/10.1021/accountsmr.4c00349,Accounts of Materials Research,middle,GaN-on-diamond thermal management,1,0,16
Zhihong Liu,0009-0009-9560-3368,Xidian University,academic,CN,Recent Advances in Device-Level Thermal Management Technologies for Wide Bandgap Semiconductor: A Review,2025,https://doi.org/10.1109/ted.2025.3562506,IEEE Transactions on Electron Devices,middle,advanced packaging thermal resistance high power,1,0,16
Zhiqiang Li,0000-0001-8611-0742,North University of China,academic,CN,Liquid metal microfluidic cooling system for high-efficiency thermal management via learning-based genetic algorithm,2025,https://doi.org/10.1016/j.engappai.2025.112324,Engineering Applications of Artificial Intelligence,middle,near-junction thermal management high power density,1,0,16
Zhirui Xu,,Huazhong University of Science and Technology,academic,CN,Fabrication of Multilayer Ceramic Substrates via Low-Temperature Cu–Cu Bonding Using Gold Passivation Layer,2025,https://doi.org/10.1109/led.2025.3613288,IEEE Electron Device Letters,middle,advanced packaging thermal resistance high power,1,0,16
Zhixin Chen,0000-0001-6453-0447,Zhejiang University,academic,CN,Safe-Operation-Area Extended IGBT Module With Enhanced Near-Junction Thermal Capacitance and Advanced Cooling for Transient High-Current Operation,2025,https://doi.org/10.1109/tpel.2025.3615245,IEEE Transactions on Power Electronics,middle,advanced packaging thermal resistance high power,1,0,16
Ziang Wang,0000-0001-6640-8461,Shandong University,academic,CN,"Toward Integration of Dense, Contiguous, and Low‐Stress Capping Diamond on GaN/AlGaN Layer Using Two‐Step Growth Process",2025,https://doi.org/10.1002/sia.7394,Surface and Interface Analysis,middle,GaN-on-diamond thermal management,1,0,16
Zihao Huang,0009-0000-3304-0138,Shenzhen University,academic,CN,GaN-on-diamond technology for next-generation power devices,2025,https://doi.org/10.1007/s44275-024-00022-z,Moore and More,middle,GaN-on-diamond thermal management,1,0,16
Ziyang Wang,0000-0001-6130-6212,Southern University of Science and Technology,academic,CN,Numerical Investigation on Electrothermal Performance of AlGaN/GaN HEMTs with Nanocrystalline Diamond/SiNx Trench Dual-Passivation Layers,2025,https://doi.org/10.3390/nano15080574,Nanomaterials,middle,GaN HEMT self-heating junction temperature,1,0,16
Zonghao Liu,0000-0003-4743-6971,Shandong University,academic,CN,"Toward Integration of Dense, Contiguous, and Low‐Stress Capping Diamond on GaN/AlGaN Layer Using Two‐Step Growth Process",2025,https://doi.org/10.1002/sia.7394,Surface and Interface Analysis,middle,GaN-on-diamond thermal management,1,0,16
Zujun Peng,0000-0003-3646-9209,Ministry of Industry and Information Technology,academic,CN,Thermal structure analysis of the TP-HDPS in High-Power Chip: Their application to GaN HEMTs,2025,https://doi.org/10.1016/j.ijheatmasstransfer.2025.126756,International Journal of Heat and Mass Transfer,middle,GaN-on-diamond thermal management,1,0,16
А. В. Касперович,0000-0003-4403-6235,Stanford University,academic,US,Diamond thermal matrix demonstration for two-tier 3D integrated circuits,2025,https://doi.org/10.1063/5.0260085,APL Materials,middle,GaN-on-diamond thermal management,1,0,16
И. А. Панкин,0000-0003-2784-4839,Southern Federal University,academic,RU,Diamond-based composites with embedded core-shell β-NaGdF4:Eu nanoparticles: synthesis and luminescent characteristics,2025,https://doi.org/10.1016/j.diamond.2025.113062,Diamond and Related Materials,middle,diamond photonics thermal integration,1,0,16
К. Н. Болдырев,0000-0002-3784-7294,Institute of Spectroscopy,academic,RU,Diamond-based composites with embedded core-shell β-NaGdF4:Eu nanoparticles: synthesis and luminescent characteristics,2025,https://doi.org/10.1016/j.diamond.2025.113062,Diamond and Related Materials,middle,diamond photonics thermal integration,1,0,16
A. Linder,0000-0001-7145-4147,University of Chicago,academic,US,Direct-bonded diamond membranes for heterogeneous quantum and electronic technologies,2024,https://doi.org/10.1038/s41467-024-53150-3,Nature Communications,middle,diamond photonics thermal integration,1,0,8
Aaron P. Esser‐Kahn,0000-0003-1273-0951,University of Chicago,academic,US,Direct-bonded diamond membranes for heterogeneous quantum and electronic technologies,2024,https://doi.org/10.1038/s41467-024-53150-3,Nature Communications,middle,diamond photonics thermal integration,1,0,8
Aleš Chvála,0000-0002-4764-0756,Slovak University of Technology in Bratislava,academic,SK,Improved Thermal Performance of InGaAs/GaAs Nanomembrane HEMTs Transferred onto Various Substrates by Epitaxial Lift-Off,2024,https://doi.org/10.1021/acsaelm.4c00659,ACS Applied Electronic Materials,middle,thermal boundary resistance GaN diamond,1,0,8
Amun Jarzembski,0000-0001-6639-635X,Sandia National Laboratories,academic,US,Thermal Transport and Mechanical Stress Mapping of a Compression Bonded GaN/Diamond Interface for Vertical Power Devices,2024,https://doi.org/10.1021/acsami.3c17778,ACS Applied Materials & Interfaces,middle,GaN-on-diamond thermal management,1,0,8
Amy Butcher,0000-0002-9441-1606,University of Chicago,academic,US,Direct-bonded diamond membranes for heterogeneous quantum and electronic technologies,2024,https://doi.org/10.1038/s41467-024-53150-3,Nature Communications,middle,diamond photonics thermal integration,1,0,8
Anchita Addhya,,University of Chicago,academic,US,Direct-bonded diamond membranes for heterogeneous quantum and electronic technologies,2024,https://doi.org/10.1038/s41467-024-53150-3,Nature Communications,middle,diamond photonics thermal integration,1,0,8
Anna Kasperovich,,Stanford University,academic,US,Lossless Phonon Transition Through GaN‐Diamond and Si‐Diamond Interfaces,2024,https://doi.org/10.1002/aelm.202400146,Advanced Electronic Materials,middle,GaN-on-diamond thermal management,1,0,8
Anthony E. McDonald,0000-0003-0607-1945,Sandia National Laboratories,academic,US,Thermal Transport and Mechanical Stress Mapping of a Compression Bonded GaN/Diamond Interface for Vertical Power Devices,2024,https://doi.org/10.1021/acsami.3c17778,ACS Applied Materials & Interfaces,middle,GaN-on-diamond thermal management,1,0,8
Baoxing Xu,0000-0002-2591-8737,University of Virginia,academic,US,Mechanical regulation to interfacial thermal transport in GaN/diamond heterostructures for thermal switch,2024,https://doi.org/10.1039/d4nh00245h,Nanoscale Horizons,middle,GaN-on-diamond thermal management,1,0,8
Bin Li,0000-0002-4028-0938,South China University of Technology,academic,CN,Electro-Thermal Co-Optimization Design of GaN MMIC PA,2024,https://doi.org/10.3390/electronics13234796,Electronics,middle,GaN HEMT self-heating junction temperature,1,0,8
Biwei Meng,0009-0001-9942-8837,Wuhan University,academic,CN,Improved Thermal Performance of InGaAs/GaAs Nanomembrane HEMTs Transferred onto Various Substrates by Epitaxial Lift-Off,2024,https://doi.org/10.1021/acsaelm.4c00659,ACS Applied Electronic Materials,middle,thermal boundary resistance GaN diamond,1,0,8
C. Jagadish,0000-0003-1528-9479,Australian National University,academic,AU,Recent Advances in Semiconductor Materials and Devices,2024,https://doi.org/10.1002/pssr.202400198,physica status solidi (RRL) - Rapid Research Letters,middle,diamond photonics thermal integration,1,0,8
Cai-Fu Li,,Jiangnan University,academic,CN,Low-temperature copper sinter-joining technology for power electronics packaging: A review,2024,https://doi.org/10.1016/j.jmatprotec.2024.118526,Journal of Materials Processing Technology,middle,advanced packaging thermal resistance high power,1,0,8
Cai‐Fu Li,0000-0003-2618-9449,Jiangnan University,academic,CN,Low-temperature copper sinter-joining technology for power electronics packaging: A review,2024,https://doi.org/10.1016/j.jmatprotec.2024.118526,Journal of Materials Processing Technology,middle,advanced packaging thermal resistance high power,1,0,8
Chuanju Wang,0000-0001-9966-6694,King Abdullah University of Science and Technology,academic,SA,Monolithic Integrated Micro-Thin-Film Thermocouples for On-Chip Temperature Measurement of GaN HEMTs,2024,https://doi.org/10.1109/ted.2024.3487815,IEEE Transactions on Electron Devices,middle,GaN HEMT self-heating junction temperature,1,0,8
Chuantong Chen,0000-0002-2365-4387,Jiangnan University,academic,CN,Low-temperature copper sinter-joining technology for power electronics packaging: A review,2024,https://doi.org/10.1016/j.jmatprotec.2024.118526,Journal of Materials Processing Technology,middle,advanced packaging thermal resistance high power,1,0,8
Clayton DeVault,0000-0001-9544-5384,Argonne National Laboratory,academic,US,Direct-bonded diamond membranes for heterogeneous quantum and electronic technologies,2024,https://doi.org/10.1038/s41467-024-53150-3,Nature Communications,middle,diamond photonics thermal integration,1,0,8
D. D. Awschalom,0000-0002-8591-2687,Argonne National Laboratory,academic,US,Direct-bonded diamond membranes for heterogeneous quantum and electronic technologies,2024,https://doi.org/10.1038/s41467-024-53150-3,Nature Communications,middle,diamond photonics thermal integration,1,0,8
D. Rich,0000-0002-7515-1466,Stanford University,academic,US,Lossless Phonon Transition Through GaN‐Diamond and Si‐Diamond Interfaces,2024,https://doi.org/10.1002/aelm.202400146,Advanced Electronic Materials,middle,GaN-on-diamond thermal management,1,0,8
David J. Smith,0000-0002-8810-4386,Arizona State University,academic,US,Lossless Phonon Transition Through GaN‐Diamond and Si‐Diamond Interfaces,2024,https://doi.org/10.1002/aelm.202400146,Advanced Electronic Materials,middle,GaN-on-diamond thermal management,1,0,8
Devansh Saraswat,0000-0001-5699-9667,Stanford University,academic,US,Lossless Phonon Transition Through GaN‐Diamond and Si‐Diamond Interfaces,2024,https://doi.org/10.1002/aelm.202400146,Advanced Electronic Materials,middle,GaN-on-diamond thermal management,1,0,8
Dou Xu,0009-0000-9523-9687,Jiangnan University,academic,CN,Low-temperature copper sinter-joining technology for power electronics packaging: A review,2024,https://doi.org/10.1016/j.jmatprotec.2024.118526,Journal of Materials Processing Technology,middle,advanced packaging thermal resistance high power,1,0,8
Elbara Ziade,0000-0002-4902-0497,Sandia National Laboratories,academic,US,Thermal Transport and Mechanical Stress Mapping of a Compression Bonded GaN/Diamond Interface for Vertical Power Devices,2024,https://doi.org/10.1021/acsami.3c17778,ACS Applied Materials & Interfaces,middle,GaN-on-diamond thermal management,1,0,8
Evan Z. Toth,0000-0002-8934-2669,Northeastern University,academic,US,Transferable Percolated Particle Monolayers Derived from Marangoni Flows for Thermally Conductive Dielectric Coatings,2024,https://doi.org/10.1021/acsami.4c14039,ACS Applied Materials & Interfaces,middle,diamond heat spreader electronics,1,0,8
F. Joseph Heremans,0000-0003-3337-7958,Argonne National Laboratory,academic,US,Direct-bonded diamond membranes for heterogeneous quantum and electronic technologies,2024,https://doi.org/10.1038/s41467-024-53150-3,Nature Communications,middle,diamond photonics thermal integration,1,0,8
Fan Zhou,,Nanjing University of Science and Technology,academic,CN,Integrated manifold microchannels and near-junction cooling for enhanced thermal management in 3D heterogeneous packaging technology,2024,https://doi.org/10.1016/j.energy.2024.132263,Energy,middle,near-junction thermal management high power density,1,0,8
Fangyuan Sun,,University of Science and Technology Beijing,academic,CN,Synthesis of nano-diamond film on GaN surface with low thermal boundary resistance and high thermal conductivity,2024,https://doi.org/10.1016/j.carbon.2024.119491,Carbon,middle,thermal boundary resistance GaN diamond,1,0,8
Fangzhen Li,0009-0000-8593-7713,Jinling Institute of Technology,academic,CN,Effect of surface vacancy defects on the phonon thermal transport across GaN/diamond interface,2024,https://doi.org/10.1016/j.surfin.2024.105666,Surfaces and Interfaces,middle,GaN-on-diamond thermal management,1,0,8
Fedor Hrubišák,0009-0002-7434-6242,Slovak Academy of Sciences,academic,SK,Improved Thermal Performance of InGaAs/GaAs Nanomembrane HEMTs Transferred onto Various Substrates by Epitaxial Lift-Off,2024,https://doi.org/10.1021/acsaelm.4c00659,ACS Applied Electronic Materials,middle,thermal boundary resistance GaN diamond,1,0,8
Fengwen Mu,0000-0001-7396-9347,Chinese Academy of Sciences,academic,CN,Record-Low thermal boundary resistance at bonded GaN/diamond interface by controlling ultrathin heterogeneous amorphous layer,2024,https://doi.org/10.1016/j.actamat.2024.120458,Acta Materialia,middle,thermal boundary resistance GaN diamond,1,0,8
Fengyuan Mao,0009-0004-2679-0706,South China University of Technology,academic,CN,Electro-Thermal Co-Optimization Design of GaN MMIC PA,2024,https://doi.org/10.3390/electronics13234796,Electronics,middle,GaN HEMT self-heating junction temperature,1,0,8
Fridrich Egyenes,0000-0003-0771-771X,Slovak Academy of Sciences,academic,SK,Improved Thermal Performance of InGaAs/GaAs Nanomembrane HEMTs Transferred onto Various Substrates by Epitaxial Lift-Off,2024,https://doi.org/10.1021/acsaelm.4c00659,ACS Applied Electronic Materials,middle,thermal boundary resistance GaN diamond,1,0,8
Guangyu Zhu,0000-0002-4468-258X,Nanchang University,academic,CN,A Novel Room-Temperature Flexible Phase Change Material for Solar Energy Photothermal Conversion and Battery Thermal Management,2024,https://doi.org/10.1021/acssuschemeng.3c08489,ACS Sustainable Chemistry & Engineering,middle,advanced packaging thermal resistance high power,1,0,8
Guangzhao Mao,0000-0001-9308-3922,Australian Research Council,academic,AU,Materials Research at the University of New South Wales Over the Last 75 Years,2024,https://doi.org/10.1002/adma.202415007,Advanced Materials,middle,advanced packaging thermal resistance high power,1,0,8
Guoliang Ma,,Wuhan University,academic,CN,"Comparison of SiN<sub><i>x</i></sub> Dielectric Layer Grown by Plasma‐Enhanced Chemical Vapor Deposition, Low‐Pressure Chemical Vapor Deposition, and Metal‐Organic Chemical Vapor Deposition in Diamond‐ and GaN‐Based Integrated Devices",2024,https://doi.org/10.1002/pssb.202400052,physica status solidi (b),middle,thermal boundary resistance GaN diamond,1,0,8
Guoqing Chang,0000-0003-1180-3127,Nanyang Technological University,academic,SG,Significantly Enhanced Interfacial Thermal Conductance across GaN/Diamond Interfaces Utilizing Al<sub><i>x</i></sub>Ga<sub>1–<i>x</i></sub>N as a Phonon Bridge,2024,https://doi.org/10.1021/acsami.4c13702,ACS Applied Materials & Interfaces,middle,GaN-on-diamond thermal management,1,0,8
Henry T. Aller,0000-0001-6419-7277,"University of Maryland, College Park",academic,US,Lossless Phonon Transition Through GaN‐Diamond and Si‐Diamond Interfaces,2024,https://doi.org/10.1002/aelm.202400146,Advanced Electronic Materials,middle,GaN-on-diamond thermal management,1,0,8
Ian Hammock,0000-0002-1740-1500,University of Chicago,academic,US,Direct-bonded diamond membranes for heterogeneous quantum and electronic technologies,2024,https://doi.org/10.1038/s41467-024-53150-3,Nature Communications,middle,diamond photonics thermal integration,1,0,8
J. Fedor,0000-0001-8667-5305,Slovak Academy of Sciences,academic,SK,Improved Thermal Performance of InGaAs/GaAs Nanomembrane HEMTs Transferred onto Various Substrates by Epitaxial Lift-Off,2024,https://doi.org/10.1021/acsaelm.4c00659,ACS Applied Electronic Materials,middle,thermal boundary resistance GaN diamond,1,0,8
Jabir Ali Siddique,0000-0002-9335-6799,Korea University of Science and Technology,academic,KR,A comprehensive review of diamond-reinforced metal matrix composites for thermal management in high-performance electronics,2024,https://doi.org/10.1016/j.jmrt.2024.11.171,Journal of Materials Research and Technology,middle,GaN-on-diamond thermal management,1,0,8
Janelle Keionna Mabrey,,Stanford University,academic,US,Lossless Phonon Transition Through GaN‐Diamond and Si‐Diamond Interfaces,2024,https://doi.org/10.1002/aelm.202400146,Advanced Electronic Materials,middle,GaN-on-diamond thermal management,1,0,8
Jaroslav Kováč,0000-0002-4751-4178,Slovak University of Technology in Bratislava,academic,SK,Improved Thermal Performance of InGaAs/GaAs Nanomembrane HEMTs Transferred onto Various Substrates by Epitaxial Lift-Off,2024,https://doi.org/10.1021/acsaelm.4c00659,ACS Applied Electronic Materials,middle,thermal boundary resistance GaN diamond,1,0,8
Jeong-kyu Kim,,Stanford University,academic,US,Lossless Phonon Transition Through GaN‐Diamond and Si‐Diamond Interfaces,2024,https://doi.org/10.1002/aelm.202400146,Advanced Electronic Materials,middle,GaN-on-diamond thermal management,1,0,8
Jiandong Ye,0000-0002-3985-6768,Nanjing University,academic,CN,Significantly Enhanced Interfacial Thermal Conductance across GaN/Diamond Interfaces Utilizing Al<sub><i>x</i></sub>Ga<sub>1–<i>x</i></sub>N as a Phonon Bridge,2024,https://doi.org/10.1021/acsami.4c13702,ACS Applied Materials & Interfaces,middle,GaN-on-diamond thermal management,1,0,8
Jingxiong Chen,0000-0003-3554-537X,South China University of Technology,academic,CN,Optimal Thermal Resistance Model of GaN HEMTs Considering Thickness-Dependent Thermal Conductivity,2024,https://doi.org/10.1109/ted.2024.3474610,IEEE Transactions on Electron Devices,middle,thermal boundary resistance GaN diamond,1,0,8
Julia Deitz,0000-0002-5154-3027,Sandia National Laboratories,academic,US,Thermal Transport and Mechanical Stress Mapping of a Compression Bonded GaN/Diamond Interface for Vertical Power Devices,2024,https://doi.org/10.1021/acsami.3c17778,ACS Applied Materials & Interfaces,middle,GaN-on-diamond thermal management,1,0,8
Kai Wang,0000-0002-5822-0618,South China University of Technology,academic,CN,Optimal Thermal Resistance Model of GaN HEMTs Considering Thickness-Dependent Thermal Conductivity,2024,https://doi.org/10.1109/ted.2024.3474610,IEEE Transactions on Electron Devices,middle,thermal boundary resistance GaN diamond,1,0,8
Kaicheng Pan,0000-0001-5196-0675,"University of California, Los Angeles",academic,US,Wafer-scale bonded GaN–AlN with high interface thermal conductance,2024,https://doi.org/10.1063/5.0206263,Applied Physics Letters,middle,near-junction thermal management high power density,1,0,8
Kang Wang,0000-0002-7178-1225,Dongguan University of Technology,academic,CN,A comprehensive review of diamond-reinforced metal matrix composites for thermal management in high-performance electronics,2024,https://doi.org/10.1016/j.jmrt.2024.11.171,Journal of Materials Research and Technology,middle,GaN-on-diamond thermal management,1,0,8
Ke Huang,0000-0002-2681-530X,University of Science and Technology Beijing,academic,CN,Synthesis of nano-diamond film on GaN surface with low thermal boundary resistance and high thermal conductivity,2024,https://doi.org/10.1016/j.carbon.2024.119491,Carbon,middle,thermal boundary resistance GaN diamond,1,0,8
Kenny Huynh,0000-0003-3692-4240,"University of California, Los Angeles",academic,US,Wafer-scale bonded GaN–AlN with high interface thermal conductance,2024,https://doi.org/10.1063/5.0206263,Applied Physics Letters,middle,near-junction thermal management high power density,1,0,8
Kyeongjae Cho,0000-0003-2698-7774,The University of Texas at Dallas,academic,US,Lossless Phonon Transition Through GaN‐Diamond and Si‐Diamond Interfaces,2024,https://doi.org/10.1002/aelm.202400146,Advanced Electronic Materials,middle,GaN-on-diamond thermal management,1,0,8
Lan Fu,0000-0002-9070-8373,Australian National University,academic,AU,Recent Advances in Semiconductor Materials and Devices,2024,https://doi.org/10.1002/pssr.202400198,physica status solidi (RRL) - Rapid Research Letters,middle,diamond photonics thermal integration,1,0,8
Leng Zhang,0000-0002-6453-4111,Jinling Institute of Technology,academic,CN,Effect of surface vacancy defects on the phonon thermal transport across GaN/diamond interface,2024,https://doi.org/10.1016/j.surfin.2024.105666,Surfaces and Interfaces,middle,GaN-on-diamond thermal management,1,0,8
Ling Yang,0000-0001-7284-8180,Xidian University,academic,CN,"Comparison of SiN<sub><i>x</i></sub> Dielectric Layer Grown by Plasma‐Enhanced Chemical Vapor Deposition, Low‐Pressure Chemical Vapor Deposition, and Metal‐Organic Chemical Vapor Deposition in Diamond‐ and GaN‐Based Integrated Devices",2024,https://doi.org/10.1002/pssb.202400052,physica status solidi (b),middle,thermal boundary resistance GaN diamond,1,0,8
Lingyu Zhu,0000-0002-0379-4059,State Key Laboratory of Electrical Insulation and Power Equipment,academic,,Intelligent Condition Monitoring of Multiple Thermal Degradation of IGBT Modules Based on Case Temperature Matrix,2024,https://doi.org/10.1109/tpel.2024.3415439,IEEE Transactions on Power Electronics,middle,IGBT module baseplate thermal fatigue,1,0,8
Linhui Zhou,0000-0003-0601-1600,University of Wisconsin–Madison,academic,US,Understanding of multiway heat extraction using peripheral diamond in an AlGaN/GaN high electron mobility transistor by electrothermal simulations,2024,https://doi.org/10.1088/1361-6641/ad4a66,Semiconductor Science and Technology,middle,thermal boundary resistance GaN diamond,1,0,8
M. Florovič,0000-0002-9402-2598,Slovak University of Technology in Bratislava,academic,SK,Improved Thermal Performance of InGaAs/GaAs Nanomembrane HEMTs Transferred onto Various Substrates by Epitaxial Lift-Off,2024,https://doi.org/10.1021/acsaelm.4c00659,ACS Applied Electronic Materials,middle,thermal boundary resistance GaN diamond,1,0,8
M. Ťapajna,0000-0003-1099-2050,Slovak Academy of Sciences,academic,SK,Improved Thermal Performance of InGaAs/GaAs Nanomembrane HEMTs Transferred onto Various Substrates by Epitaxial Lift-Off,2024,https://doi.org/10.1021/acsaelm.4c00659,ACS Applied Electronic Materials,middle,thermal boundary resistance GaN diamond,1,0,8
Mark S. Goorsky,0000-0002-3416-6688,"University of California, Los Angeles",academic,US,Wafer-scale bonded GaN–AlN with high interface thermal conductance,2024,https://doi.org/10.1063/5.0206263,Applied Physics Letters,middle,near-junction thermal management high power density,1,0,8
Matthew Bahr,0009-0007-5959-3938,Sandia National Laboratories,academic,US,Thermal Transport and Mechanical Stress Mapping of a Compression Bonded GaN/Diamond Interface for Vertical Power Devices,2024,https://doi.org/10.1021/acsami.3c17778,ACS Applied Materials & Interfaces,middle,GaN-on-diamond thermal management,1,0,8
Mei Wu,0000-0002-6518-7748,Xidian University,academic,CN,"Comparison of SiN<sub><i>x</i></sub> Dielectric Layer Grown by Plasma‐Enhanced Chemical Vapor Deposition, Low‐Pressure Chemical Vapor Deposition, and Metal‐Organic Chemical Vapor Deposition in Diamond‐ and GaN‐Based Integrated Devices",2024,https://doi.org/10.1002/pssb.202400052,physica status solidi (b),middle,thermal boundary resistance GaN diamond,1,0,8
Mengxia Jiang,,Yangzhou University,academic,CN,Device packaging and integration optimization based on neural network method: Effect of microchannel structure on heat sink performance,2024,https://doi.org/10.1016/j.mssp.2024.108977,Materials Science in Semiconductor Processing,middle,advanced packaging thermal resistance high power,1,0,8
Minming Zou,0000-0003-3456-3613,Zhejiang Business Technology Institute,academic,CN,A Novel Room-Temperature Flexible Phase Change Material for Solar Energy Photothermal Conversion and Battery Thermal Management,2024,https://doi.org/10.1021/acssuschemeng.3c08489,ACS Sustainable Chemistry & Engineering,middle,advanced packaging thermal resistance high power,1,0,8
Mouzhe Xie,0000-0002-2960-644X,University of Chicago,academic,US,Direct-bonded diamond membranes for heterogeneous quantum and electronic technologies,2024,https://doi.org/10.1038/s41467-024-53150-3,Nature Communications,middle,diamond photonics thermal integration,1,0,8
Muhammad Amin Padhiar,0000-0003-0749-7278,Guangzhou University,academic,CN,Simulation investigation of effects of substrate and thermal boundary resistance on performances of AlGaN/GaN HEMTs,2024,https://doi.org/10.1088/1402-4896/ad4b69,Physica Scripta,middle,thermal boundary resistance GaN diamond,1,0,8
Nazar Delegan,0000-0002-1240-6409,Argonne National Laboratory,academic,US,Direct-bonded diamond membranes for heterogeneous quantum and electronic technologies,2024,https://doi.org/10.1038/s41467-024-53150-3,Nature Communications,middle,diamond photonics thermal integration,1,0,8
P. Eliáš,,Slovak Academy of Sciences,academic,SK,Improved Thermal Performance of InGaAs/GaAs Nanomembrane HEMTs Transferred onto Various Substrates by Epitaxial Lift-Off,2024,https://doi.org/10.1021/acsaelm.4c00659,ACS Applied Electronic Materials,middle,thermal boundary resistance GaN diamond,1,0,8
Patrick E. Hopkins,0000-0002-3403-743X,University of Virginia,academic,US,Lossless Phonon Transition Through GaN‐Diamond and Si‐Diamond Interfaces,2024,https://doi.org/10.1002/aelm.202400146,Advanced Electronic Materials,middle,GaN-on-diamond thermal management,1,0,8
Peng Gao,0000-0001-7140-3155,Nankai University,academic,CN,Advanced Packaging Technology of GaN HEMT Module for High-Power and High-Frequency Applications: A Review,2024,https://doi.org/10.1109/tcpmt.2024.3447079,IEEE Transactions on Components Packaging and Manufacturing Technology,middle,advanced packaging thermal resistance high power,1,0,8
Peter C. Maurer,0000-0001-9033-5135,Argonne National Laboratory,academic,US,Direct-bonded diamond membranes for heterogeneous quantum and electronic technologies,2024,https://doi.org/10.1038/s41467-024-53150-3,Nature Communications,middle,diamond photonics thermal integration,1,0,8
Ping Lu,0000-0002-9369-7462,Sandia National Laboratories,academic,US,Thermal Transport and Mechanical Stress Mapping of a Compression Bonded GaN/Diamond Interface for Vertical Power Devices,2024,https://doi.org/10.1021/acsami.3c17778,ACS Applied Materials & Interfaces,middle,GaN-on-diamond thermal management,1,0,8
Ping Wang,0000-0002-4716-5457,Xidian University,academic,CN,"Comparison of SiN<sub><i>x</i></sub> Dielectric Layer Grown by Plasma‐Enhanced Chemical Vapor Deposition, Low‐Pressure Chemical Vapor Deposition, and Metal‐Organic Chemical Vapor Deposition in Diamond‐ and GaN‐Based Integrated Devices",2024,https://doi.org/10.1002/pssb.202400052,physica status solidi (b),middle,thermal boundary resistance GaN diamond,1,0,8
Qian Fan,,Southeast University,academic,CN,Polycrystalline Diamond Film Growth on Gallium Nitride with Low Boundary Thermal Resistance,2024,https://doi.org/10.3390/coatings14111457,Coatings,middle,GaN-on-diamond thermal management,1,0,8
Qiulang Cui,,Yangzhou University,academic,CN,Device packaging and integration optimization based on neural network method: Effect of microchannel structure on heat sink performance,2024,https://doi.org/10.1016/j.mssp.2024.108977,Materials Science in Semiconductor Processing,middle,advanced packaging thermal resistance high power,1,0,8
R. Kúdela,,Slovak Academy of Sciences,academic,SK,Improved Thermal Performance of InGaAs/GaAs Nanomembrane HEMTs Transferred onto Various Substrates by Epitaxial Lift-Off,2024,https://doi.org/10.1021/acsaelm.4c00659,ACS Applied Electronic Materials,middle,thermal boundary resistance GaN diamond,1,0,8
Ramandeep Mandia,0000-0001-8005-6204,Arizona State University,academic,US,Lossless Phonon Transition Through GaN‐Diamond and Si‐Diamond Interfaces,2024,https://doi.org/10.1002/aelm.202400146,Advanced Electronic Materials,middle,GaN-on-diamond thermal management,1,0,8
Renjie He,,Huazhong University of Science and Technology,academic,CN,Mechanical regulation to interfacial thermal transport in GaN/diamond heterostructures for thermal switch,2024,https://doi.org/10.1039/d4nh00245h,Nanoscale Horizons,middle,GaN-on-diamond thermal management,1,0,8
Renxiang Cheng,0000-0001-6613-0957,Jinling Institute of Technology,academic,CN,Effect of surface vacancy defects on the phonon thermal transport across GaN/diamond interface,2024,https://doi.org/10.1016/j.surfin.2024.105666,Surfaces and Interfaces,middle,GaN-on-diamond thermal management,1,0,8
Rong Chen,0000-0001-7371-1338,Huazhong University of Science and Technology,academic,CN,Mechanical regulation to interfacial thermal transport in GaN/diamond heterostructures for thermal switch,2024,https://doi.org/10.1039/d4nh00245h,Nanoscale Horizons,middle,GaN-on-diamond thermal management,1,0,8
Rose Amal,0000-0001-9561-4918,Australian Research Council,academic,AU,Materials Research at the University of New South Wales Over the Last 75 Years,2024,https://doi.org/10.1002/adma.202415007,Advanced Materials,middle,advanced packaging thermal resistance high power,1,0,8
Rulei Guo,0009-0009-2306-6970,The University of Tokyo,academic,JP,Record-Low thermal boundary resistance at bonded GaN/diamond interface by controlling ultrathin heterogeneous amorphous layer,2024,https://doi.org/10.1016/j.actamat.2024.120458,Acta Materialia,middle,thermal boundary resistance GaN diamond,1,0,8
Samuel Graham,0000-0002-1299-1636,"University of Maryland, College Park",academic,US,Lossless Phonon Transition Through GaN‐Diamond and Si‐Diamond Interfaces,2024,https://doi.org/10.1002/aelm.202400146,Advanced Electronic Materials,middle,GaN-on-diamond thermal management,1,0,8
Saravanan Yuvaraja,0000-0001-9187-0543,King Abdullah University of Science and Technology,academic,SA,Monolithic Integrated Micro-Thin-Film Thermocouples for On-Chip Temperature Measurement of GaN HEMTs,2024,https://doi.org/10.1109/ted.2024.3487815,IEEE Transactions on Electron Devices,middle,GaN HEMT self-heating junction temperature,1,0,8
Shengchang Ji,0000-0001-9293-9549,State Key Laboratory of Electrical Insulation and Power Equipment,academic,,Intelligent Condition Monitoring of Multiple Thermal Degradation of IGBT Modules Based on Case Temperature Matrix,2024,https://doi.org/10.1109/tpel.2024.3415439,IEEE Transactions on Power Electronics,middle,IGBT module baseplate thermal fatigue,1,0,8
Shiqian Hu,0000-0002-6667-4476,Yunnan University,academic,CN,Record-Low thermal boundary resistance at bonded GaN/diamond interface by controlling ultrathin heterogeneous amorphous layer,2024,https://doi.org/10.1016/j.actamat.2024.120458,Acta Materialia,middle,thermal boundary resistance GaN diamond,1,0,8
Shubhra S. Pasayat,0000-0002-7371-9038,University of Wisconsin–Madison,academic,US,Understanding of multiway heat extraction using peripheral diamond in an AlGaN/GaN high electron mobility transistor by electrothermal simulations,2024,https://doi.org/10.1088/1361-6641/ad4a66,Semiconductor Science and Technology,middle,thermal boundary resistance GaN diamond,1,0,8
Sifan Tan,,Nanchang University,academic,CN,A Novel Room-Temperature Flexible Phase Change Material for Solar Energy Photothermal Conversion and Battery Thermal Management,2024,https://doi.org/10.1021/acssuschemeng.3c08489,ACS Sustainable Chemistry & Engineering,middle,advanced packaging thermal resistance high power,1,0,8
Soumen Mandal,0000-0001-8912-1439,Cardiff University,academic,GB,Synthesis of nano-diamond film on GaN surface with low thermal boundary resistance and high thermal conductivity,2024,https://doi.org/10.1016/j.carbon.2024.119491,Carbon,middle,thermal boundary resistance GaN diamond,1,0,8
Stella Wang,0000-0003-4626-5875,University of Chicago,academic,US,Direct-bonded diamond membranes for heterogeneous quantum and electronic technologies,2024,https://doi.org/10.1038/s41467-024-53150-3,Nature Communications,middle,diamond photonics thermal integration,1,0,8
Subhasish Mitra,0000-0002-5572-5194,Stanford University,academic,US,Lossless Phonon Transition Through GaN‐Diamond and Si‐Diamond Interfaces,2024,https://doi.org/10.1002/aelm.202400146,Advanced Electronic Materials,middle,GaN-on-diamond thermal management,1,0,8
Swarnav Mukhopadhyay,0000-0002-9980-3916,University of Wisconsin–Madison,academic,US,Understanding of multiway heat extraction using peripheral diamond in an AlGaN/GaN high electron mobility transistor by electrothermal simulations,2024,https://doi.org/10.1088/1361-6641/ad4a66,Semiconductor Science and Technology,middle,thermal boundary resistance GaN diamond,1,0,8
Taesoon Hwang,0000-0002-1264-1265,The University of Texas at Dallas,academic,US,Lossless Phonon Transition Through GaN‐Diamond and Si‐Diamond Interfaces,2024,https://doi.org/10.1002/aelm.202400146,Advanced Electronic Materials,middle,GaN-on-diamond thermal management,1,0,8
Tanvi D. Deshmukh,,University of Chicago,academic,US,Direct-bonded diamond membranes for heterogeneous quantum and electronic technologies,2024,https://doi.org/10.1038/s41467-024-53150-3,Nature Communications,middle,diamond photonics thermal integration,1,0,8
Thomas Andres Rodriguez,,Stanford University,academic,US,Lossless Phonon Transition Through GaN‐Diamond and Si‐Diamond Interfaces,2024,https://doi.org/10.1002/aelm.202400146,Advanced Electronic Materials,middle,GaN-on-diamond thermal management,1,0,8
Thomas W. Pfeifer,0000-0002-1941-1278,University of Virginia,academic,US,Lossless Phonon Transition Through GaN‐Diamond and Si‐Diamond Interfaces,2024,https://doi.org/10.1002/aelm.202400146,Advanced Electronic Materials,middle,GaN-on-diamond thermal management,1,0,8
Timothy S. Fisher,0000-0002-8909-313X,"University of California, Los Angeles",academic,US,Wafer-scale bonded GaN–AlN with high interface thermal conductance,2024,https://doi.org/10.1063/5.0206263,Applied Physics Letters,middle,near-junction thermal management high power density,1,0,8
Uri Zvi,0009-0004-9075-1939,University of Chicago,academic,US,Direct-bonded diamond membranes for heterogeneous quantum and electronic technologies,2024,https://doi.org/10.1038/s41467-024-53150-3,Nature Communications,middle,diamond photonics thermal integration,1,0,8
Weibo Hu,0000-0002-3991-7575,Nankai University,academic,CN,Advanced Packaging Technology of GaN HEMT Module for High-Power and High-Frequency Applications: A Review,2024,https://doi.org/10.1109/tcpmt.2024.3447079,IEEE Transactions on Components Packaging and Manufacturing Technology,middle,advanced packaging thermal resistance high power,1,0,8
Weicheng Wang,0000-0002-2961-2997,State Key Laboratory of Electrical Insulation and Power Equipment,academic,,Intelligent Condition Monitoring of Multiple Thermal Degradation of IGBT Modules Based on Case Temperature Matrix,2024,https://doi.org/10.1109/tpel.2024.3415439,IEEE Transactions on Power Electronics,middle,IGBT module baseplate thermal fatigue,1,0,8
Wenjing Chen,0009-0004-6196-0467,Nanchang University,academic,CN,A Novel Room-Temperature Flexible Phase Change Material for Solar Energy Photothermal Conversion and Battery Thermal Management,2024,https://doi.org/10.1021/acssuschemeng.3c08489,ACS Sustainable Chemistry & Engineering,middle,advanced packaging thermal resistance high power,1,0,8
Wenxing Luo,,Nanchang University,academic,CN,A Novel Room-Temperature Flexible Phase Change Material for Solar Energy Photothermal Conversion and Battery Thermal Management,2024,https://doi.org/10.1021/acssuschemeng.3c08489,ACS Sustainable Chemistry & Engineering,middle,advanced packaging thermal resistance high power,1,0,8
Wenxiu Wang,,Jinling Institute of Technology,academic,CN,Effect of surface vacancy defects on the phonon thermal transport across GaN/diamond interface,2024,https://doi.org/10.1016/j.surfin.2024.105666,Surfaces and Interfaces,middle,GaN-on-diamond thermal management,1,0,8
Wyatt Hodges,0000-0003-0386-8908,Sandia National Laboratories,academic,US,Thermal Transport and Mechanical Stress Mapping of a Compression Bonded GaN/Diamond Interface for Vertical Power Devices,2024,https://doi.org/10.1021/acsami.3c17778,ACS Applied Materials & Interfaces,middle,GaN-on-diamond thermal management,1,0,8
Xianfeng Ni,,Southeast University,academic,CN,Polycrystalline Diamond Film Growth on Gallium Nitride with Low Boundary Thermal Resistance,2024,https://doi.org/10.3390/coatings14111457,Coatings,middle,GaN-on-diamond thermal management,1,0,8
Xiang Zheng,0000-0002-8727-376X,University of Bristol,academic,GB,Lossless Phonon Transition Through GaN‐Diamond and Si‐Diamond Interfaces,2024,https://doi.org/10.1002/aelm.202400146,Advanced Electronic Materials,middle,GaN-on-diamond thermal management,1,0,8
Xiao Tang,0000-0002-0138-7206,King Abdullah University of Science and Technology,academic,SA,Monolithic Integrated Micro-Thin-Film Thermocouples for On-Chip Temperature Measurement of GaN HEMTs,2024,https://doi.org/10.1109/ted.2024.3487815,IEEE Transactions on Electron Devices,middle,GaN HEMT self-heating junction temperature,1,0,8
Xiaofei Yu,0000-0002-8366-1052,University of Chicago,academic,US,Direct-bonded diamond membranes for heterogeneous quantum and electronic technologies,2024,https://doi.org/10.1038/s41467-024-53150-3,Nature Communications,middle,diamond photonics thermal integration,1,0,8
Xiaohua Ma,0000-0002-1331-6253,Xidian University,academic,CN,"Comparison of SiN<sub><i>x</i></sub> Dielectric Layer Grown by Plasma‐Enhanced Chemical Vapor Deposition, Low‐Pressure Chemical Vapor Deposition, and Metal‐Organic Chemical Vapor Deposition in Diamond‐ and GaN‐Based Integrated Devices",2024,https://doi.org/10.1002/pssb.202400052,physica status solidi (b),middle,thermal boundary resistance GaN diamond,1,0,8
Xiaowu Hu,0000-0003-2144-8851,Nanchang University,academic,CN,A Novel Room-Temperature Flexible Phase Change Material for Solar Energy Photothermal Conversion and Battery Thermal Management,2024,https://doi.org/10.1021/acssuschemeng.3c08489,ACS Sustainable Chemistry & Engineering,middle,advanced packaging thermal resistance high power,1,0,8
Xinhua Wang,0000-0002-6592-7515,Chinese Academy of Sciences,academic,CN,Synthesis of nano-diamond film on GaN surface with low thermal boundary resistance and high thermal conductivity,2024,https://doi.org/10.1016/j.carbon.2024.119491,Carbon,middle,thermal boundary resistance GaN diamond,1,0,8
Xudong Wang,0000-0002-8718-6287,Nankai University,academic,CN,Advanced Packaging Technology of GaN HEMT Module for High-Power and High-Frequency Applications: A Review,2024,https://doi.org/10.1109/tcpmt.2024.3447079,IEEE Transactions on Components Packaging and Manufacturing Technology,middle,advanced packaging thermal resistance high power,1,0,8
Y J Liu,0009-0009-6895-949X,Yunnan University,academic,CN,Record-Low thermal boundary resistance at bonded GaN/diamond interface by controlling ultrathin heterogeneous amorphous layer,2024,https://doi.org/10.1016/j.actamat.2024.120458,Acta Materialia,middle,thermal boundary resistance GaN diamond,1,0,8
Yangjing Xia,0009-0006-9978-1514,Yangzhou University,academic,CN,Device packaging and integration optimization based on neural network method: Effect of microchannel structure on heat sink performance,2024,https://doi.org/10.1016/j.mssp.2024.108977,Materials Science in Semiconductor Processing,middle,advanced packaging thermal resistance high power,1,0,8
Yanwei Wen,0000-0002-6471-6142,Huazhong University of Science and Technology,academic,CN,Mechanical regulation to interfacial thermal transport in GaN/diamond heterostructures for thermal switch,2024,https://doi.org/10.1039/d4nh00245h,Nanoscale Horizons,middle,GaN-on-diamond thermal management,1,0,8
Yao Li,0000-0003-1239-0969,Xi'an University of Technology,academic,CN,Thermal characteristics analysis of Ga2O3 and GaN devices on different substrates,2024,https://doi.org/10.1016/j.mejo.2024.106266,Microelectronics Journal,middle,GaN-on-diamond thermal management,1,0,8
Yating Gou,0009-0009-5793-8140,State Key Laboratory of Electrical Insulation and Power Equipment,academic,,Intelligent Condition Monitoring of Multiple Thermal Degradation of IGBT Modules Based on Case Temperature Matrix,2024,https://doi.org/10.1109/tpel.2024.3415439,IEEE Transactions on Power Electronics,middle,IGBT module baseplate thermal fatigue,1,0,8
Yifan Li,0009-0004-9510-4861,Huazhong University of Science and Technology,academic,CN,Mechanical regulation to interfacial thermal transport in GaN/diamond heterostructures for thermal switch,2024,https://doi.org/10.1039/d4nh00245h,Nanoscale Horizons,middle,GaN-on-diamond thermal management,1,0,8
Yijun Ge,,"University of California, Los Angeles",academic,US,Wafer-scale bonded GaN–AlN with high interface thermal conductance,2024,https://doi.org/10.1063/5.0206263,Applied Physics Letters,middle,near-junction thermal management high power density,1,0,8
Yizheng Tang,0009-0007-0285-894X,State Key Laboratory of Electrical Insulation and Power Equipment,academic,,Intelligent Condition Monitoring of Multiple Thermal Degradation of IGBT Modules Based on Case Temperature Matrix,2024,https://doi.org/10.1109/tpel.2024.3415439,IEEE Transactions on Power Electronics,middle,IGBT module baseplate thermal fatigue,1,0,8
Yong Yang,0000-0003-3306-1697,Southeast University,academic,CN,Polycrystalline Diamond Film Growth on Gallium Nitride with Low Boundary Thermal Resistance,2024,https://doi.org/10.3390/coatings14111457,Coatings,middle,GaN-on-diamond thermal management,1,0,8
Youhwan Jo,,The University of Texas at Dallas,academic,US,Lossless Phonon Transition Through GaN‐Diamond and Si‐Diamond Interfaces,2024,https://doi.org/10.1002/aelm.202400146,Advanced Electronic Materials,middle,GaN-on-diamond thermal management,1,0,8
Youngguan Jung,,Kumoh National Institute of Technology,academic,KR,Effect of Sn element on the interfacial reinforced AlN/Cu joint brazed by Ag–Cu–Ti–(Snx) filler,2024,https://doi.org/10.1007/s10854-024-12646-w,Journal of Materials Science Materials in Electronics,middle,AlN ceramic substrate thermal conductivity power module,1,0,8
Yuzi Liu,0000-0002-8733-1683,Argonne National Laboratory,academic,US,Direct-bonded diamond membranes for heterogeneous quantum and electronic technologies,2024,https://doi.org/10.1038/s41467-024-53150-3,Nature Communications,middle,diamond photonics thermal integration,1,0,8
Z. Dashevsky,,Ben-Gurion University of the Negev,academic,IL,Development of high performance thermoelectric modules with substrates made by vapor chamber technology,2024,https://doi.org/10.63527/1607-8829-2024-3-64-73,Journal of Thermoelectricity,middle,AlN ceramic substrate thermal conductivity power module,1,0,8
Zachary Piontkowski,0000-0002-6282-0106,Sandia National Laboratories,academic,US,Thermal Transport and Mechanical Stress Mapping of a Compression Bonded GaN/Diamond Interface for Vertical Power Devices,2024,https://doi.org/10.1021/acsami.3c17778,ACS Applied Materials & Interfaces,middle,GaN-on-diamond thermal management,1,0,8
Zixi Li,0000-0002-8965-4953,University of Chicago,academic,US,Direct-bonded diamond membranes for heterogeneous quantum and electronic technologies,2024,https://doi.org/10.1038/s41467-024-53150-3,Nature Communications,middle,diamond photonics thermal integration,1,0,8
