author,orcid,affiliation,affiliation_type,country,paper_title,paper_year,paper_doi,paper_venue,author_position,topic_query,n_relevant_papers,industry_flag,score,query_class,tier,product_line,asset,hook,affil_suspect,affil_suspect_reason,export_review,export_note
Srabanti Chowdhury,0000-0001-8367-0461,Stanford University,academic,US,Performance Enhancement of GaN Super-Lattice Castellated Field-Effect Transistors (SLCFETs) via Topside Integration of Near-Isotropic Polycrystalline Diamond,2025,https://doi.org/10.1109/led.2025.3602825,IEEE Electron Device Letters,last,diamond heat spreader,6,0,60,core,T3,polycrystalline-CVD-diamond-wafer,NONE,,N,,FALSE,
Husam Walwil,0009-0008-1170-6638,Pennsylvania State University,academic,US,High thermal boundary conductance across a GaN/SiC interface characterized via signal-ratio-based dual-frequency time-domain thermoreflectance,2026,https://doi.org/10.1063/5.0303711,Journal of Applied Physics,first,thermal boundary resistance GaN,5,0,60,displacement,T3,GaN-on-diamond,A1,,N,,FALSE,
Daniel Shoemaker,0000-0001-6637-9066,Pennsylvania State University,academic,US,Enhanced Cooling of Multifinger GaN HEMTs via Topside Diamond Integration,2025,https://doi.org/10.1109/led.2025.3588202,IEEE Electron Device Letters,first,diamond heat spreader,5,0,60,core,T3,GaN-on-diamond,A1,,N,,FALSE,
Jiaqi Zhu,0000-0002-2142-7260,Ministry of Education of the People's Republic of China,academic,CN,Modeling optimization and experimental verification of inch-scale heteroepitaxial single-crystal diamond nucleation with 915 MHz MPCVD,2026,https://doi.org/10.1016/j.vacuum.2026.115618,Vacuum,last,single crystal diamond MPCVD,4,0,60,core,T3,single-crystal-CVD-diamond-plate,NONE,,N,,TRUE,affiliation country China: human export review required before any contact
Sukwon Choi,0000-0002-3664-1542,Pennsylvania State University,academic,US,Enhanced Cooling of Multifinger GaN HEMTs via Topside Diamond Integration,2025,https://doi.org/10.1109/led.2025.3588202,IEEE Electron Device Letters,last,diamond heat spreader,4,0,60,core,T3,GaN-on-diamond,A1,,N,,FALSE,
Phani Suresh Paladugu,,Synopsys (United States),industry,US,HBM4 Integration In AI/HPC Chiplet Architectures: Co-Design And Telemetry-Driven Optimization,2026,https://doi.org/10.5281/zenodo.18816182,Journal of International Crisis and Risk Communication Research,first,chiplet package thermal,3,1,52,displacement,T1,polycrystalline-CVD-diamond-wafer,A2,,N,,FALSE,
Jianbo Liang,0000-0001-5320-6377,Osaka Prefecture University,academic,JP,Direct Integration of Polycrystalline Diamond With 3C‐SiC for Enhanced Thermal Management in GaN HEMTs: Impact of Grain Structure and Interface Engineering,2025,https://doi.org/10.1002/admt.202500437,Advanced Materials Technologies,last,GaN diamond thermal,3,0,52,core,T3,polycrystalline-CVD-diamond-wafer,A1,,N,,FALSE,
Zhe Cheng,0000-0001-7827-2979,University of Illinois Urbana-Champaign,academic,US,Interfacial Reaction Boosts Thermal Conductance of Room‐Temperature Integrated Semiconductor Interfaces Stable up to 1100 °C,2024,https://doi.org/10.1002/aelm.202400387,Advanced Electronic Materials,last,diamond thermal conductivity substrate,3,0,44,core,T3,NONE,NONE,,N,,FALSE,
Bo Shen,0000-0002-0825-8001,Peking University,academic,CN,Interfacial Engineering toward Ultralow Thermal Boundary Resistance at Metal–Semiconductor Contacts,2026,https://doi.org/10.1021/acs.nanolett.5c05501,Nano Letters,last,thermal boundary resistance GaN,2,0,44,displacement,T3,NONE,NONE,,N,,TRUE,affiliation country China: human export review required before any contact
Chufei Cheng,,Harbin Institute of Technology,academic,CN,High-temperature stable growth of thick polycrystalline diamond film on GaN enabled by a SiNx/Si double interlayer,2026,https://doi.org/10.1016/j.diamond.2026.113769,Diamond and Related Materials,first,diamond heat spreader,2,0,44,core,T3,polycrystalline-CVD-diamond-wafer,NONE,,N,,TRUE,affiliation country China: human export review required before any contact
"Quni-Gudzinas, Rowan Brad",0009-0002-4317-5604,Q-Flex (United States),industry,US,CRYOGENICALLY STABILIZED SYNTHETIC LATTICE ARCHITECTURE FOR FAULT-TOLERANT QUANTUM COMPUTING,2026,https://doi.org/10.5281/zenodo.17709213,Zenodo (CERN European Organization for Nuclear Research),first,diamond heat spreader,2,1,44,core,T1,UHP-and-engineered-SCD,A6,,N,,FALSE,
Ziling Cai,0009-0007-7945-998X,Fudan University,academic,CN,Interfacial Engineering toward Ultralow Thermal Boundary Resistance at Metal–Semiconductor Contacts,2026,https://doi.org/10.1021/acs.nanolett.5c05501,Nano Letters,first,thermal boundary resistance GaN,2,0,44,displacement,T3,NONE,NONE,,N,,TRUE,affiliation country China: human export review required before any contact
Nan Wu,0000-0003-4295-5473,General Research Institute for Nonferrous Metals (China),industry,CN,Subcooled flow boiling in diamond/Cu microchannel heat sinks for near-junction chip cooling,2025,https://doi.org/10.1016/j.csite.2025.105981,Case Studies in Thermal Engineering,first,diamond thermal conductivity substrate,2,1,44,core,T1,GaN-on-diamond,NONE,,N,,TRUE,affiliation country China: human export review required before any contact
Seokjun Kim,0000-0001-6148-6567,Pennsylvania State University,academic,US,Thermal Characterization and Design of AlN/GaN/AlN HEMTs on Foreign Substrates,2025,https://doi.org/10.1109/led.2025.3548853,IEEE Electron Device Letters,first,GaN diamond thermal,2,0,44,core,T3,NONE,A1,,N,,FALSE,
Shijie Du,0009-0002-6899-3523,General Research Institute for Nonferrous Metals (China),industry,CN,Subcooled flow boiling in diamond/Cu microchannel heat sinks for near-junction chip cooling,2025,https://doi.org/10.1016/j.csite.2025.105981,Case Studies in Thermal Engineering,last,diamond thermal conductivity substrate,2,1,44,core,T1,GaN-on-diamond,NONE,,N,,TRUE,affiliation country China: human export review required before any contact
Tiantian Luan,,Fudan University,academic,CN,Nano‐Scale Phonon Dynamics in GaN: Fundamentals and Strategies for Thermal Transport Modulation,2025,https://doi.org/10.1002/aelm.202500627,Advanced Electronic Materials,first,thermal boundary resistance GaN,2,0,44,displacement,T3,NONE,NONE,,N,,TRUE,affiliation country China: human export review required before any contact
Wenhao Li,0000-0003-3434-9705,Intel (United Kingdom),industry,GB,Cold Sprayed Copper-Diamond Composites for Thermal Management of Semiconductor Packages,2025,https://doi.org/10.4071/001c.128390,IMAPSource Proceedings,first,diamond thermal conductivity substrate,2,1,44,core,T1,copper-diamond-composite,NONE,,N,,FALSE,
Xiaoyang Ji,0000-0002-7263-7014,University of Bristol,academic,GB,Thermal Boundary Resistance Reduction by Interfacial Nanopatterning for GaN-on-Diamond Electronics Applications,2025,https://doi.org/10.1021/acsaelm.5c00119,ACS Applied Electronic Materials,first,diamond thermal conductivity substrate,2,0,44,core,T3,GaN-on-diamond,NONE,,N,,FALSE,
Zonghui Su,,Harbin Institute of Technology,academic,CN,Enhanced thermal conductivity and thermal shock resistance in diamond/copper composites through diamond surface etching,2025,https://doi.org/10.1016/j.matlet.2025.138229,Materials Letters,first,copper diamond composite,2,0,44,core,T3,NONE,NONE,,N,,TRUE,affiliation country China: human export review required before any contact
Mohamadali Malakoutian,0000-0002-5760-0408,"Standford University, Stanford, CA, USA",academic,,Enhanced Thermal Management in GaN Superlattice Castellated Field Effect Transistors,2026,https://doi.org/10.1109/led.2026.3696134,IEEE Electron Device Letters,middle,GaN diamond thermal,5,0,40,core,T4,NONE,NONE,,N,,FALSE,
Kelly Woo,0000-0002-8820-7975,Stanford University,academic,US,Optimization Factors for the Thermal Design of Packaged GaN High-Electron-Mobility Transistors,2026,https://doi.org/10.1109/ted.2026.3667665,IEEE Transactions on Electron Devices,middle,diamond heat spreader,4,0,40,core,T4,NONE,NONE,,N,,FALSE,
Daquan Yu,0000-0001-8065-2612,Xiamen University of Technology,academic,CN,Heterogeneous Integration of Diamond-on-Chip-on-Glass Interposer for Efficient Thermal Management,2024,https://doi.org/10.1109/led.2024.3351990,IEEE Electron Device Letters,last,diamond heat spreader,2,0,36,core,T3,NONE,A2,,N,,TRUE,affiliation country China: human export review required before any contact
Jinchi Sun,0000-0001-5909-7052,University of Illinois Urbana-Champaign,academic,US,Probe beam deflection technique with liquid immersion for fast mapping of thermal conductance,2024,https://doi.org/10.1063/5.0179581,Applied Physics Letters,first,diamond thermal conductivity substrate,2,0,36,core,T3,NONE,NONE,,N,,FALSE,
Liwen Sang,0000-0003-0946-1025,Fudan University,academic,CN,AlN as interlayer for effective thermal dissipation from gallium nitride to CVD diamond using nanocrystalline diamond seeding,2024,https://doi.org/10.1002/ifm2.26,Information & Functional Materials,first,diamond heat spreader,2,0,36,core,T3,NONE,NONE,,N,,TRUE,affiliation country China: human export review required before any contact
Yi Zhong,0009-0003-0637-0985,Xiamen University of Technology,academic,CN,Heterogeneous Integration of Diamond-on-Chip-on-Glass Interposer for Efficient Thermal Management,2024,https://doi.org/10.1109/led.2024.3351990,IEEE Electron Device Letters,first,diamond heat spreader,2,0,36,core,T3,NONE,A2,,N,,TRUE,affiliation country China: human export review required before any contact
Yoshihiro TOMITA,,Intel (United Kingdom),industry,GB,Cold Sprayed Copper-Diamond Composites for Thermal Management of Semiconductor Packages,2024,https://doi.org/10.4071/001c.124091,Journal of Microelectronics and Electronic Packaging,last,diamond thermal conductivity substrate,2,1,36,core,T1,copper-diamond-composite,NONE,,N,,FALSE,
A. Bruschi,0000-0002-0139-6401,Institute for the Science and Technology of Plasmas,academic,IT,Challenges of the DTT ECH Launchers and Options Under Study,2026,https://doi.org/10.1109/tps.2026.3692783,IEEE Transactions on Plasma Science,first,power module baseplate thermal,1,0,36,displacement,T3,NONE,NONE,,N,,FALSE,
Abtin Ataei,0000-0002-1887-9522,Sax Institute,academic,AU,Unified Parametric Optimization Framework for Microchannel Fin Geometries in High-Power Processor Cooling,2026,https://doi.org/10.3390/mi17010086,Micromachines,first,diamond heat spreader,1,0,36,core,T3,NONE,NONE,,N,,FALSE,
Ahmed H. Okilly,0000-0003-2009-9004,Korea University of Technology and Education,academic,KR,Thermal-Stress-Induced Degradation Monitoring and Deep-Neural-Network-Driven Lifetime Prediction of IGBT Modules in a Two-Level SVPWM Inverter,2026,https://doi.org/10.3390/electronics15081678,Electronics,first,IGBT module thermal fatigue,1,0,36,displacement,T3,copper-diamond-composite,A4,,N,,FALSE,
Andrew C. Chang,,Jiangsu Maritime Institute,academic,CN,"Microscopic Mechanism of Glass Surface Activation, Annealing and Etching on Glass–Ti/Cu Interfacial Adhesion",2026,https://doi.org/10.3390/mi17070836,Micromachines,last,chiplet package thermal,1,0,36,displacement,T3,NONE,NONE,,N,,TRUE,affiliation country China: human export review required before any contact
B. McPherson,,Arkansas Power Electronics International,industry,US,Packaging of High Temperature 50 kW SiC Motor Drive Modules for Hybrid-Electric Vehicles,2026,https://doi.org/10.4071/001c.162677,IMAPSource Proceedings,first,die attach thermal resistance,1,1,36,displacement,T4,NONE,A4,,N,,FALSE,
Biqi Cao,,Innovation Team (China),industry,CN,Enabling record-high heat flux in wide-bandgap electronics via in-chip microfluidic cooling on diamond substrates,2026,https://doi.org/10.1007/s11431-025-3150-x,Science China Technological Sciences,first,diamond heat spreader,1,1,36,core,T4,NONE,NONE,,Y,phantom institution: innovation team,TRUE,affiliation country China: human export review required before any contact
Bolotnikov Alexander,,BMI (South Korea),industry,KR,Electrical and Thermal Performance of SiC Wide-Bandgap Power Devices: Influence of Package Configuration,2026,https://doi.org/10.70322/ism.2026.10008,Intelligent and sustainable manufacturing,last,wide bandgap power device packaging,1,1,36,displacement,T4,NONE,NONE,,N,,FALSE,
Chao Yuan,0000-0003-3116-6049,Yangtze University,academic,CN,Simultaneous Measurement of the Thermal Boundary Resistance and Thermal Conductivity of Die-Attach Materials in Sandwich Structures via Multiwavelength Transient Thermoreflectance,2026,https://doi.org/10.1021/acsaelm.6c00280,ACS Applied Electronic Materials,last,die attach thermal resistance,1,0,36,displacement,T3,NONE,NONE,,N,,TRUE,affiliation country China: human export review required before any contact
Chao Yuan,,Wuhan University of Technology,academic,CN,Rapid Forecast of Device Transient Temperature Response at Wafer Level Through Transducer-Less Thermoreflectance Technique,2026,https://doi.org/10.1109/ted.2026.3669874,IEEE Transactions on Electron Devices,last,GaN HEMT thermal management,1,0,36,displacement,T3,polycrystalline-CVD-diamond-wafer,NONE,,N,,TRUE,affiliation country China: human export review required before any contact
Cheng Luo,0009-0004-0043-6215,Precision Research (United States),industry,US,Laser-Assisted Mass Transfer Technology for Microlight-Emitting Diodes,2026,https://doi.org/10.1007/s41871-025-00289-2,Nanomanufacturing and Metrology,first,laser diode thermal management,1,1,36,displacement,T4,NONE,NONE,,N,,FALSE,
Christopher Robben,0000-0002-9958-8312,University of Applied Sciences Wedel,academic,DE,Standard Testwork Methodologies for Sensor-Based Particle Ore Sorting Project Development and Process Optimization,2026,https://doi.org/10.3390/min16070678,Minerals,first,copper diamond composite,1,0,36,core,T3,NONE,NONE,,N,,FALSE,
David Sopp,,Siemens (Germany),industry,DE,Long term transformation of Cu / Sn intermetallic compounds in large solder joints,2026,https://doi.org/10.1016/j.microrel.2026.116082,Microelectronics Reliability,last,power module baseplate thermal,1,1,36,displacement,T4,NONE,NONE,,N,,FALSE,
David Turner,,North Island College,academic,CA,Standard Testwork Methodologies for Sensor-Based Particle Ore Sorting Project Development and Process Optimization,2026,https://doi.org/10.3390/min16070678,Minerals,last,copper diamond composite,1,0,36,core,T3,NONE,NONE,,N,,FALSE,
E. Zakel,,Optech (Canada),industry,CA,Wirebondability and Solderability of NiAu Electroless Front Side Metalized Silicon Wafers Subjected to High Temperature Back End Assembly Process Flows,2026,https://doi.org/10.4071/001c.164932,IMAPSource Proceedings,last,die attach thermal resistance,1,1,36,displacement,T4,NONE,NONE,,N,,FALSE,
F. Ren,0000-0001-9234-019X,University of Florida,academic,US,O2/Ar inductively coupled plasma etching of boron-doped single-crystal diamond,2026,https://doi.org/10.1116/6.0005496,Journal of Vacuum Science & Technology A Vacuum Surfaces and Films,last,diamond thermal conductivity substrate,1,0,36,core,T3,aluminum-diamond-composite,NONE,,N,,FALSE,
Fabio Zanon,0009-0007-2360-9221,Eni (Italy),industry,IT,Challenges of the DTT ECH Launchers and Options Under Study,2026,https://doi.org/10.1109/tps.2026.3692783,IEEE Transactions on Plasma Science,last,power module baseplate thermal,1,1,36,displacement,T4,NONE,NONE,,N,,FALSE,
Gang Yuan,0000-0002-7043-925X,Central South University,academic,CN,Synergistic optimization of plasma uniformity and active species density in MPCVD systems: A study based on multiphysics simulation and response surface methodology,2026,https://doi.org/10.1016/j.vacuum.2026.115568,Vacuum,first,single crystal diamond MPCVD,1,0,36,core,T3,single-crystal-CVD-diamond-plate,NONE,,N,,TRUE,affiliation country China: human export review required before any contact
Gaofeng Wang,,Zhejiang University,academic,CN,Effect of coupled/decoupled turbine guide vanes on reverse-flow combustor and mechanisms of bend-induced hot-streak bias,2026,https://doi.org/10.1016/j.ast.2026.112490,Aerospace Science and Technology,last,near-junction thermal management,1,0,36,displacement,T3,NONE,NONE,,N,,TRUE,affiliation country China: human export review required before any contact
Guo Qi Zhang,,Delft University of Technology,academic,NL,Co-packaged electronics with microfluidics for direct-to-package cooling,2026,https://doi.org/10.1038/s44172-026-00620-9,Communications Engineering,last,chiplet package thermal,1,0,36,displacement,T3,NONE,NONE,,N,,FALSE,
Haiying Li,,Guizhou University,academic,CN,Battery-like asymmetric supercapacitors from vertically aligned Ni5P4/Ni2P nanosheets coated conductive diamond: Design and demonstrator,2026,https://doi.org/10.1016/j.est.2026.123764,Journal of Energy Storage,first,diamond thermal conductivity substrate,1,0,36,core,T3,NONE,NONE,,N,,TRUE,affiliation country China: human export review required before any contact
Haksoon Jung,0000-0003-1567-692X,Ulsan National Institute of Science and Technology,academic,KR,"Advances and Future Challenges in Monolithic 3D Integrated Logic, Power, and Optoelectronics Technologies for Tightly Interconnected Intelligent Systems",2026,https://doi.org/10.1021/acsnano.5c15601,ACS Nano,first,laser diode thermal management,1,0,36,displacement,T3,polycrystalline-CVD-diamond-wafer,A2,,N,,FALSE,
Hanwen Cui,,Wuhan University of Technology,academic,CN,"Wafer Warpage of Silicon Interposer in Manufacturing Processes for High Density 2.5D Advanced Packaging: Causes, Measurement, Analysis and Optimization",2026,https://doi.org/10.1016/j.fmre.2026.05.008,Fundamental Research,first,chiplet package thermal,1,0,36,displacement,T3,polycrystalline-CVD-diamond-wafer,A2,,N,,TRUE,affiliation country China: human export review required before any contact
Henry Martin,0000-0002-2891-3253,Patrick Henry Community College,academic,US,Co-packaged electronics with microfluidics for direct-to-package cooling,2026,https://doi.org/10.1038/s44172-026-00620-9,Communications Engineering,first,chiplet package thermal,1,0,36,displacement,T3,NONE,NONE,,N,,FALSE,
Hongda Zhu,,Harbin Institute of Technology,academic,CN,Modeling optimization and experimental verification of inch-scale heteroepitaxial single-crystal diamond nucleation with 915 MHz MPCVD,2026,https://doi.org/10.1016/j.vacuum.2026.115618,Vacuum,first,single crystal diamond MPCVD,1,0,36,core,T3,single-crystal-CVD-diamond-plate,NONE,,N,,TRUE,affiliation country China: human export review required before any contact
Hsiao-Hsuan Wan,0000-0002-6986-8217,University of Florida,academic,US,O2/Ar inductively coupled plasma etching of boron-doped single-crystal diamond,2026,https://doi.org/10.1116/6.0005496,Journal of Vacuum Science & Technology A Vacuum Surfaces and Films,first,diamond thermal conductivity substrate,1,0,36,core,T3,aluminum-diamond-composite,NONE,,N,,FALSE,
Huarui Sun,0000-0003-1429-0611,Shanxi University,academic,CN,Extracting deeply buried thermal resistance in Au/Au-bonded thick Si-on-diamond,2026,https://doi.org/10.1063/5.0314427,Applied Physics Letters,last,diamond heat spreader,1,0,36,core,T3,NONE,NONE,,N,,TRUE,affiliation country China: human export review required before any contact
J F Xu,,Guizhou University,academic,CN,Battery-like asymmetric supercapacitors from vertically aligned Ni5P4/Ni2P nanosheets coated conductive diamond: Design and demonstrator,2026,https://doi.org/10.1016/j.est.2026.123764,Journal of Energy Storage,last,diamond thermal conductivity substrate,1,0,36,core,T3,NONE,NONE,,N,,TRUE,affiliation country China: human export review required before any contact
J. A. Herbsommer,,Sony (Taiwan),industry,TW,Wirebondability and Solderability of NiAu Electroless Front Side Metalized Silicon Wafers Subjected to High Temperature Back End Assembly Process Flows,2026,https://doi.org/10.4071/001c.164932,IMAPSource Proceedings,first,die attach thermal resistance,1,1,36,displacement,T4,NONE,NONE,,N,,FALSE,
Jeihoon Baek,0000-0002-1186-3739,Korea University of Technology and Education,academic,KR,Thermal-Stress-Induced Degradation Monitoring and Deep-Neural-Network-Driven Lifetime Prediction of IGBT Modules in a Two-Level SVPWM Inverter,2026,https://doi.org/10.3390/electronics15081678,Electronics,last,IGBT module thermal fatigue,1,0,36,displacement,T3,copper-diamond-composite,A4,,N,,FALSE,
Jian Song,0009-0004-8612-5791,Zhejiang University,academic,CN,Effect of coupled/decoupled turbine guide vanes on reverse-flow combustor and mechanisms of bend-induced hot-streak bias,2026,https://doi.org/10.1016/j.ast.2026.112490,Aerospace Science and Technology,first,near-junction thermal management,1,0,36,displacement,T3,NONE,NONE,,N,,TRUE,affiliation country China: human export review required before any contact
Jian Wang,,Nanyang Technological University,academic,SG,Tremella‐Inspired Wrinkled 1T‐MoS <sub>2</sub> @BN for Efficient Thermal Management and Microwave Absorption,2026,https://doi.org/10.1002/adfm.75355,Advanced Functional Materials,first,near-junction thermal management,1,0,36,displacement,T3,NONE,NONE,,N,,FALSE,
Jiaqi Zhu,,Harbin Institute of Technology,academic,CN,High-temperature stable growth of thick polycrystalline diamond film on GaN enabled by a SiNx/Si double interlayer,2026,https://doi.org/10.1016/j.diamond.2026.113769,Diamond and Related Materials,last,diamond heat spreader,1,0,36,core,T3,polycrystalline-CVD-diamond-wafer,NONE,,N,,TRUE,affiliation country China: human export review required before any contact
Jia‐Yue Yang,0000-0002-3678-827X,University of Jinan,academic,CN,Tremella‐Inspired Wrinkled 1T‐MoS <sub>2</sub> @BN for Efficient Thermal Management and Microwave Absorption,2026,https://doi.org/10.1002/adfm.75355,Advanced Functional Materials,last,near-junction thermal management,1,0,36,displacement,T3,NONE,NONE,,N,,TRUE,affiliation country China: human export review required before any contact
Jie Wu,0000-0003-0943-9143,Nanjing University of Posts and Telecommunications,academic,CN,Research on Intelligent Thermal Optimization for Chiplet-Based Heterogeneously Integrated AI Chip Embedded with Leaf-Vein-Inspired Fractal Microchannels,2026,https://doi.org/10.3390/ma19040679,Materials,first,chiplet package thermal,1,0,36,displacement,T3,polycrystalline-CVD-diamond-wafer,A2,,N,,TRUE,affiliation country China: human export review required before any contact
Jie Zhou,0000-0003-1393-3662,University of Wisconsin–Madison,academic,US,Preliminary demonstration of diamond-GaN <i>p–n</i> diodes via grafting,2026,https://doi.org/10.1063/5.0309618,Applied Physics Letters,first,GaN diamond thermal,1,0,36,core,T3,NONE,NONE,,N,,FALSE,
Jinqiang Zhang,,Wind Power Engineering (Japan),industry,JP,High-efficiency power electronic devices based on wide-bandgap semiconductor materials,2026,https://doi.org/10.1007/s43236-026-01335-y,Journal of Power Electronics,first,wide bandgap power device packaging,1,1,36,displacement,T4,NONE,NONE,,N,,FALSE,
John Robinson,0000-0001-6858-2367,University of Wolverhampton,academic,GB,Process driven self-organisation in laser powder bed fusion of copper coated diamond,2026,https://doi.org/10.1016/j.diamond.2026.113591,Diamond and Related Materials,first,copper diamond composite,1,0,36,core,T3,NONE,NONE,,N,,FALSE,
JongSeon Park,,Advanced Laser Technology (United Kingdom),industry,GB,Thermal Optimization and Cooling-Channel Design for a 2-kW Fiber-Laser Cold Plate Considering Distributed Heat Sources and Mechanical Integration Constraints,2026,https://doi.org/10.9766/kimst.2026.29.4.423,Journal of the Korea Institute of Military Science and Technology,last,laser diode thermal management,1,1,36,displacement,T4,NONE,NONE,,N,,FALSE,
K. C. Sheng,,Innovation Team (China),industry,CN,Enabling record-high heat flux in wide-bandgap electronics via in-chip microfluidic cooling on diamond substrates,2026,https://doi.org/10.1007/s11431-025-3150-x,Science China Technological Sciences,last,diamond heat spreader,1,1,36,core,T4,NONE,NONE,,Y,phantom institution: innovation team,TRUE,affiliation country China: human export review required before any contact
Katsuaki Suganuma,0000-0003-2137-9905,The University of Osaka,academic,JP,Study on interfacial mechanism of Ag–Si immiscible sintering for robust migration inhibition,2026,https://doi.org/10.1016/j.matdes.2026.116125,Materials & Design,last,die attach thermal resistance,1,0,36,displacement,T3,NONE,NONE,,N,,FALSE,
Kentaro Nonaka,,NGK Spark Plug (Japan),industry,JP,Epitaxial growth and characterization of AlGaN/GaN HEMT structures on 4 inch directly bonded GaN/SiC substrates,2026,https://doi.org/10.35848/1347-4065/ae6c7c,Japanese Journal of Applied Physics,first,thermal boundary resistance GaN,1,1,36,displacement,T4,NONE,A1,,N,,FALSE,
Kexing Song,,Henan Academy of Sciences,academic,CN,Effect of carbide interface layer construction on the interface structure and thermal conductivity of diamond/copper composites,2026,https://doi.org/10.1016/j.ijrmhm.2026.107849,International Journal of Refractory Metals and Hard Materials,last,copper diamond composite,1,0,36,core,T3,NONE,NONE,,N,,TRUE,affiliation country China: human export review required before any contact
Kim Byongjin,,BMI (South Korea),industry,KR,Electrical and Thermal Performance of SiC Wide-Bandgap Power Devices: Influence of Package Configuration,2026,https://doi.org/10.70322/ism.2026.10008,Intelligent and sustainable manufacturing,first,wide bandgap power device packaging,1,1,36,displacement,T4,NONE,NONE,,N,,FALSE,
Kyounghoon Lee,0000-0002-3836-127X,Hyundai Research Institute,academic,KR,Thermal Optimization and Cooling-Channel Design for a 2-kW Fiber-Laser Cold Plate Considering Distributed Heat Sources and Mechanical Integration Constraints,2026,https://doi.org/10.9766/kimst.2026.29.4.423,Journal of the Korea Institute of Military Science and Technology,first,laser diode thermal management,1,0,36,displacement,T3,NONE,NONE,,N,,FALSE,
Li Ma,0000-0001-6003-1771,Central South University,academic,CN,Synergistic optimization of plasma uniformity and active species density in MPCVD systems: A study based on multiphysics simulation and response surface methodology,2026,https://doi.org/10.1016/j.vacuum.2026.115568,Vacuum,last,single crystal diamond MPCVD,1,0,36,core,T3,single-crystal-CVD-diamond-plate,NONE,,N,,TRUE,affiliation country China: human export review required before any contact
Liang Cao,0000-0001-7453-7060,Anhui University,academic,CN,Thermal-mechanical co-design and optimization of 2.5D chiplet integration,2026,https://doi.org/10.1016/j.microrel.2026.116156,Microelectronics Reliability,first,chiplet package thermal,1,0,36,displacement,T3,polycrystalline-CVD-diamond-wafer,A2,,N,,TRUE,affiliation country China: human export review required before any contact
Lin Gao,,Zhengzhou University of Aeronautics,academic,CN,"Effect of sintering temperature on the microstructure, composition, and heat transfer of the GaN/diamond interface",2026,https://doi.org/10.1016/j.ijheatmasstransfer.2026.128447,International Journal of Heat and Mass Transfer,last,GaN diamond thermal,1,0,36,core,T3,GaN-on-diamond,A1,,N,,TRUE,affiliation country China: human export review required before any contact
Liuchun Zheng,0000-0002-6538-4805,Tiangong University,academic,CN,Bicyclic Structure–Induced Crystallization Suppression in Bio‐Based Long‐Chain Polyamide Toward Simultaneous Toughening and High Optical Transparency,2026,https://doi.org/10.1002/pola.70205,Journal of Polymer Science,last,co-packaged optics thermal,1,0,36,displacement,T3,NONE,NONE,,N,,TRUE,affiliation country China: human export review required before any contact
Marta Rencz,0000-0003-4183-3853,Budapest University of Technology and Economics,academic,HU,Improved Thermal Transient Testing of Wide Bandgap Devices with Extremely Low Channel Resistance,2026,https://doi.org/10.3390/en19112678,Energies,last,wide bandgap power device packaging,1,0,36,displacement,T3,NONE,NONE,,N,,FALSE,
Martin Kuball,0000-0003-3070-1070,University of Bristol,academic,GB,Enhanced Thermal Management in GaN Superlattice Castellated Field Effect Transistors,2026,https://doi.org/10.1109/led.2026.3696134,IEEE Electron Device Letters,last,GaN diamond thermal,1,0,36,core,T3,NONE,NONE,,N,,FALSE,
Merouane Ouhab,,Mitsubishi Electric (France),industry,FR,Power Modules Lifetime Estimation Under Compound Tests,2026,https://doi.org/10.1109/tpel.2026.3688002,IEEE Transactions on Power Electronics,first,power module baseplate thermal,1,1,36,displacement,T2,copper-diamond-composite,A4,,N,,FALSE,
Minho Kim,0009-0001-4236-6794,Linköping University,academic,SE,Impact of AlN buffer thickness on electrical and thermal characteristics of AlGaN/GaN/AlN HEMTs,2026,https://doi.org/10.1063/5.0310464,Applied Physics Letters,first,GaN HEMT thermal management,1,0,36,displacement,T3,NONE,A1,,N,,FALSE,
Oluwarotimi Lawal,,University of Wolverhampton,academic,GB,Process driven self-organisation in laser powder bed fusion of copper coated diamond,2026,https://doi.org/10.1016/j.diamond.2026.113591,Diamond and Related Materials,last,copper diamond composite,1,0,36,core,T3,NONE,NONE,,N,,FALSE,
P. Dreher,,Siemens (Germany),industry,DE,Long term transformation of Cu / Sn intermetallic compounds in large solder joints,2026,https://doi.org/10.1016/j.microrel.2026.116082,Microelectronics Reliability,first,power module baseplate thermal,1,1,36,displacement,T4,NONE,NONE,,N,,FALSE,
Peng Hu,,Wind Power Engineering (Japan),industry,JP,High-efficiency power electronic devices based on wide-bandgap semiconductor materials,2026,https://doi.org/10.1007/s43236-026-01335-y,Journal of Power Electronics,last,wide bandgap power device packaging,1,1,36,displacement,T4,NONE,NONE,,N,,FALSE,
Peng Xu,,Wuhan University,academic,CN,Simultaneous Measurement of the Thermal Boundary Resistance and Thermal Conductivity of Die-Attach Materials in Sandwich Structures via Multiwavelength Transient Thermoreflectance,2026,https://doi.org/10.1021/acsaelm.6c00280,ACS Applied Electronic Materials,first,die attach thermal resistance,1,0,36,displacement,T3,NONE,NONE,,N,,TRUE,affiliation country China: human export review required before any contact
Pharyanshu Kachhawa,0000-0002-2743-5827,University of Bristol,academic,GB,Enhanced Thermal Management in GaN Superlattice Castellated Field Effect Transistors,2026,https://doi.org/10.1109/led.2026.3696134,IEEE Electron Device Letters,first,GaN diamond thermal,1,0,36,core,T3,NONE,NONE,,N,,FALSE,
Qi Liang,,Tiangong University,academic,CN,Bicyclic Structure–Induced Crystallization Suppression in Bio‐Based Long‐Chain Polyamide Toward Simultaneous Toughening and High Optical Transparency,2026,https://doi.org/10.1002/pola.70205,Journal of Polymer Science,first,co-packaged optics thermal,1,0,36,displacement,T3,NONE,NONE,,N,,TRUE,affiliation country China: human export review required before any contact
Qian Lei,0000-0002-4664-9257,Central South University,academic,CN,Thermal transport mechanisms of copper/diamond composites fabricated by micro-alloying powder metallurgy,2026,https://doi.org/10.1016/j.carbon.2026.121739,Carbon,last,copper diamond composite,1,0,36,core,T3,NONE,NONE,,N,,TRUE,affiliation country China: human export review required before any contact
S. Ress,0000-0003-4611-0718,Siemens (Germany),industry,DE,Improved Thermal Transient Testing of Wide Bandgap Devices with Extremely Low Channel Resistance,2026,https://doi.org/10.3390/en19112678,Energies,first,wide bandgap power device packaging,1,1,36,displacement,T4,NONE,NONE,,N,,FALSE,
Satoru Sugiyama,,Hiroshima Prefectural Rehabilitation Center,academic,JP,Multicenter prospective study on the safety and clinical feasibility of tributary vein ablation using a radial fiber,2026,https://doi.org/10.1177/02683555261453487,Phlebology The Journal of Venous Disease,last,laser diode thermal management,1,0,36,displacement,T3,NONE,NONE,,N,,FALSE,
Seokjun Kim,,Pennsylvania State University,academic,US,Optimization Factors for the Thermal Design of Packaged GaN High-Electron-Mobility Transistors,2026,https://doi.org/10.1109/ted.2026.3667665,IEEE Transactions on Electron Devices,first,diamond heat spreader,1,0,36,core,T3,NONE,NONE,,N,,FALSE,
Shiming Li,0000-0003-0977-040X,Wuhan University,academic,CN,Record- low thermal boundary resistance of GaN-on-diamond structure with ultra-high bonding rate via surface reconstruction bonding technique,2026,https://doi.org/10.1016/j.jallcom.2026.186906,Journal of Alloys and Compounds,first,GaN diamond thermal,1,0,36,core,T3,GaN-on-diamond,A1,,N,,TRUE,affiliation country China: human export review required before any contact
Shin Uegaki,,Mitsubishi Electric (Japan),industry,JP,Power Modules Lifetime Estimation Under Compound Tests,2026,https://doi.org/10.1109/tpel.2026.3688002,IEEE Transactions on Power Electronics,last,power module baseplate thermal,1,1,36,displacement,T2,copper-diamond-composite,A4,,N,,FALSE,
Sukwon Choi,,Pennsylvania State University,academic,US,Optimization Factors for the Thermal Design of Packaged GaN High-Electron-Mobility Transistors,2026,https://doi.org/10.1109/ted.2026.3667665,IEEE Transactions on Electron Devices,last,diamond heat spreader,1,0,36,core,T3,NONE,NONE,,N,,FALSE,
Sukwon Choi,,Pennsylvania State University,academic,US,High thermal boundary conductance across a GaN/SiC interface characterized via signal-ratio-based dual-frequency time-domain thermoreflectance,2026,https://doi.org/10.1063/5.0303711,Journal of Applied Physics,last,thermal boundary resistance GaN,1,0,36,displacement,T3,GaN-on-diamond,A1,,N,,FALSE,
T. Otsuka,,ROHM,industry,JP,Packaging of High Temperature 50 kW SiC Motor Drive Modules for Hybrid-Electric Vehicles,2026,https://doi.org/10.4071/001c.162677,IMAPSource Proceedings,last,die attach thermal resistance,1,1,36,displacement,T4,NONE,A4,,N,,FALSE,
Tailong Shi,,Southeast University,academic,CN,"Microscopic Mechanism of Glass Surface Activation, Annealing and Etching on Glass–Ti/Cu Interfacial Adhesion",2026,https://doi.org/10.3390/mi17070836,Micromachines,first,chiplet package thermal,1,0,36,displacement,T3,NONE,NONE,,N,,TRUE,affiliation country China: human export review required before any contact
Takashi Yamamoto,0000-0002-6516-2903,Yamamoto Hospital,academic,JP,Multicenter prospective study on the safety and clinical feasibility of tributary vein ablation using a radial fiber,2026,https://doi.org/10.1177/02683555261453487,Phlebology The Journal of Venous Disease,first,laser diode thermal management,1,0,36,displacement,T3,NONE,NONE,,N,,FALSE,
Takashi Yoshino,,NGK Spark Plug (Japan),industry,JP,Epitaxial growth and characterization of AlGaN/GaN HEMT structures on 4 inch directly bonded GaN/SiC substrates,2026,https://doi.org/10.35848/1347-4065/ae6c7c,Japanese Journal of Applied Physics,last,thermal boundary resistance GaN,1,1,36,displacement,T4,NONE,A1,,N,,FALSE,
Tianping Deng,,Huazhong University of Science and Technology,academic,CN,Permutation-Equivariant Graph Reinforcement Learning for Thermal-Aware Microservice Scheduling in Co-Packaged Optics Data Centers,2026,https://doi.org/10.3390/sym18071182,Symmetry,last,co-packaged optics thermal,1,0,36,displacement,T3,polycrystalline-CVD-diamond-wafer,A5,,N,,TRUE,affiliation country China: human export review required before any contact
Vanya Darakchieva,0000-0002-8112-7411,Linköping University,academic,SE,Impact of AlN buffer thickness on electrical and thermal characteristics of AlGaN/GaN/AlN HEMTs,2026,https://doi.org/10.1063/5.0310464,Applied Physics Letters,last,GaN HEMT thermal management,1,0,36,displacement,T3,NONE,A1,,N,,FALSE,
Weiguo Hu,,Chinese Academy of Sciences,academic,CN,Piezotronic probe modulates the piezoelectric-electric-thermal coupling field in GaN power electronics,2026,https://doi.org/10.1039/d5nh00772k,Nanoscale Horizons,last,GaN HEMT thermal management,1,0,36,displacement,T3,NONE,NONE,,N,,TRUE,affiliation country China: human export review required before any contact
Weiyang Long,,Zhengzhou University,academic,CN,Effect of carbide interface layer construction on the interface structure and thermal conductivity of diamond/copper composites,2026,https://doi.org/10.1016/j.ijrmhm.2026.107849,International Journal of Refractory Metals and Hard Materials,first,copper diamond composite,1,0,36,core,T3,NONE,NONE,,N,,TRUE,affiliation country China: human export review required before any contact
Wenbo Sun,0000-0003-3578-9868,Zhengzhou University of Aeronautics,academic,CN,"Effect of sintering temperature on the microstructure, composition, and heat transfer of the GaN/diamond interface",2026,https://doi.org/10.1016/j.ijheatmasstransfer.2026.128447,International Journal of Heat and Mass Transfer,first,GaN diamond thermal,1,0,36,core,T3,GaN-on-diamond,A1,,N,,TRUE,affiliation country China: human export review required before any contact
Xiangang Xu,,Shandong University,academic,CN,Simulation and Preparation of 2 in. Mosaic Single Crystal Diamond Process via MPCVD,2026,https://doi.org/10.1021/acs.cgd.5c01178,Crystal Growth & Design,last,single crystal diamond MPCVD,1,0,36,core,T3,single-crystal-CVD-diamond-plate,NONE,,N,,TRUE,affiliation country China: human export review required before any contact
Xiaohui Guo,0000-0002-0202-866X,Anhui University,academic,CN,Thermal-mechanical co-design and optimization of 2.5D chiplet integration,2026,https://doi.org/10.1016/j.microrel.2026.116156,Microelectronics Reliability,last,chiplet package thermal,1,0,36,displacement,T3,polycrystalline-CVD-diamond-wafer,A2,,N,,TRUE,affiliation country China: human export review required before any contact
Xiaoyan Zhang,,Central South University,academic,CN,Thermal transport mechanisms of copper/diamond composites fabricated by micro-alloying powder metallurgy,2026,https://doi.org/10.1016/j.carbon.2026.121739,Carbon,first,copper diamond composite,1,0,36,core,T3,NONE,NONE,,N,,TRUE,affiliation country China: human export review required before any contact
Xinyu Liu,,Chinese Academy of Sciences,academic,CN,Investigation of N-polar GaN-diamond heterogeneous integration enabled by in-situ sputtered aluminum nitride interlayer,2026,https://doi.org/10.1016/j.diamond.2026.113310,Diamond and Related Materials,last,diamond thermal conductivity substrate,1,0,36,core,T3,GaN-on-diamond,A2,,N,,TRUE,affiliation country China: human export review required before any contact
Xue-Feng Wu,,Beijing Microelectronics Technology Institute,academic,CN,β-Ga2O3 diodes with ultra-high surge current enabled by Ag/AMB-AlN flip-chip packaging,2026,https://doi.org/10.1016/j.jnlest.2026.100347,Journal of Electronic Science and Technology,last,wide bandgap power device packaging,1,0,36,displacement,T3,NONE,NONE,,N,,TRUE,affiliation country China: human export review required before any contact
Yali Mao,0009-0008-7026-5705,Wuhan University of Technology,academic,CN,Rapid Forecast of Device Transient Temperature Response at Wafer Level Through Transducer-Less Thermoreflectance Technique,2026,https://doi.org/10.1109/ted.2026.3669874,IEEE Transactions on Electron Devices,first,GaN HEMT thermal management,1,0,36,displacement,T3,polycrystalline-CVD-diamond-wafer,NONE,,N,,TRUE,affiliation country China: human export review required before any contact
Yang He,,Harbin Institute of Technology,academic,CN,Extracting deeply buried thermal resistance in Au/Au-bonded thick Si-on-diamond,2026,https://doi.org/10.1063/5.0314427,Applied Physics Letters,first,diamond heat spreader,1,0,36,core,T3,NONE,NONE,,N,,TRUE,affiliation country China: human export review required before any contact
Yang Liu,,National Institute for Materials Science,academic,JP,Study on interfacial mechanism of Ag–Si immiscible sintering for robust migration inhibition,2026,https://doi.org/10.1016/j.matdes.2026.116125,Materials & Design,first,die attach thermal resistance,1,0,36,displacement,T3,NONE,NONE,,N,,FALSE,
Yanlei Hu,,Precision Research (United States),industry,US,Laser-Assisted Mass Transfer Technology for Microlight-Emitting Diodes,2026,https://doi.org/10.1007/s41871-025-00289-2,Nanomanufacturing and Metrology,last,laser diode thermal management,1,1,36,displacement,T4,NONE,NONE,,N,,FALSE,
Ye Tian,,Chinese Academy of Sciences,academic,CN,Investigation of N-polar GaN-diamond heterogeneous integration enabled by in-situ sputtered aluminum nitride interlayer,2026,https://doi.org/10.1016/j.diamond.2026.113310,Diamond and Related Materials,first,diamond thermal conductivity substrate,1,0,36,core,T3,GaN-on-diamond,A2,,N,,TRUE,affiliation country China: human export review required before any contact
Yingzhe Liu,0000-0003-4150-1111,Modern Electron (United States),industry,US,Dielectric properties of high-temperature resistant semi-alicyclic polyimides: Research and application exploration in power devices,2026,https://doi.org/10.1016/j.cej.2026.173496,Chemical Engineering Journal,last,wide bandgap power device packaging,1,1,36,displacement,T4,NONE,NONE,,N,,FALSE,
Young Joon Hong,,Sungkyunkwan University,academic,KR,"Advances and Future Challenges in Monolithic 3D Integrated Logic, Power, and Optoelectronics Technologies for Tightly Interconnected Intelligent Systems",2026,https://doi.org/10.1021/acsnano.5c15601,ACS Nano,last,laser diode thermal management,1,0,36,displacement,T3,polycrystalline-CVD-diamond-wafer,A2,,N,,FALSE,
Yuan Xi,,Chang'an University,academic,CN,Dielectric properties of high-temperature resistant semi-alicyclic polyimides: Research and application exploration in power devices,2026,https://doi.org/10.1016/j.cej.2026.173496,Chemical Engineering Journal,first,wide bandgap power device packaging,1,0,36,displacement,T3,NONE,NONE,,N,,TRUE,affiliation country China: human export review required before any contact
Yue Hao,,Xidian University,academic,CN,Record- low thermal boundary resistance of GaN-on-diamond structure with ultra-high bonding rate via surface reconstruction bonding technique,2026,https://doi.org/10.1016/j.jallcom.2026.186906,Journal of Alloys and Compounds,last,GaN diamond thermal,1,0,36,core,T3,GaN-on-diamond,A1,,N,,TRUE,affiliation country China: human export review required before any contact
Ze-Hao Zhao,,Chinese Academy of Sciences,academic,CN,Towards power device packaging: Development of Cu-Au 10min direct bonding to replace sintered Ag paste using high interface density surface activation layers,2026,https://doi.org/10.1016/j.msea.2026.149812,Materials Science and Engineering A,first,wide bandgap power device packaging,1,0,36,displacement,T3,NONE,NONE,,N,,TRUE,affiliation country China: human export review required before any contact
Zhaofu Zhang,0000-0002-1406-1256,Wuhan University of Technology,academic,CN,"Wafer Warpage of Silicon Interposer in Manufacturing Processes for High Density 2.5D Advanced Packaging: Causes, Measurement, Analysis and Optimization",2026,https://doi.org/10.1016/j.fmre.2026.05.008,Fundamental Research,last,chiplet package thermal,1,0,36,displacement,T3,polycrystalline-CVD-diamond-wafer,A2,,N,,TRUE,affiliation country China: human export review required before any contact
Zhaoqi Qiu,,Wuhan University,academic,CN,Permutation-Equivariant Graph Reinforcement Learning for Thermal-Aware Microservice Scheduling in Co-Packaged Optics Data Centers,2026,https://doi.org/10.3390/sym18071182,Symmetry,first,co-packaged optics thermal,1,0,36,displacement,T3,polycrystalline-CVD-diamond-wafer,A5,,N,,TRUE,affiliation country China: human export review required before any contact
Zhenqiang Ma,0000-0001-9214-1342,University of Wisconsin–Madison,academic,US,Preliminary demonstration of diamond-GaN <i>p–n</i> diodes via grafting,2026,https://doi.org/10.1063/5.0309618,Applied Physics Letters,last,GaN diamond thermal,1,0,36,core,T3,NONE,NONE,,N,,FALSE,
Zhi-Quan Liu,,Chinese Academy of Sciences,academic,CN,Towards power device packaging: Development of Cu-Au 10min direct bonding to replace sintered Ag paste using high interface density surface activation layers,2026,https://doi.org/10.1016/j.msea.2026.149812,Materials Science and Engineering A,last,wide bandgap power device packaging,1,0,36,displacement,T3,NONE,NONE,,N,,TRUE,affiliation country China: human export review required before any contact
Zhihao Guo,0009-0009-5349-2081,Shandong University,academic,CN,Simulation and Preparation of 2 in. Mosaic Single Crystal Diamond Process via MPCVD,2026,https://doi.org/10.1021/acs.cgd.5c01178,Crystal Growth & Design,first,single crystal diamond MPCVD,1,0,36,core,T3,single-crystal-CVD-diamond-plate,NONE,,N,,TRUE,affiliation country China: human export review required before any contact
Zhikuang Cai,,Nanjing University of Posts and Telecommunications,academic,CN,Research on Intelligent Thermal Optimization for Chiplet-Based Heterogeneously Integrated AI Chip Embedded with Leaf-Vein-Inspired Fractal Microchannels,2026,https://doi.org/10.3390/ma19040679,Materials,last,chiplet package thermal,1,0,36,displacement,T3,polycrystalline-CVD-diamond-wafer,A2,,N,,TRUE,affiliation country China: human export review required before any contact
Zi-Lin Hao,,Beijing Microelectronics Technology Institute,academic,CN,β-Ga2O3 diodes with ultra-high surge current enabled by Ag/AMB-AlN flip-chip packaging,2026,https://doi.org/10.1016/j.jnlest.2026.100347,Journal of Electronic Science and Technology,first,wide bandgap power device packaging,1,0,36,displacement,T3,NONE,NONE,,N,,TRUE,affiliation country China: human export review required before any contact
Zilong Dong,0000-0002-6833-9102,Chinese Academy of Sciences,academic,CN,Piezotronic probe modulates the piezoelectric-electric-thermal coupling field in GaN power electronics,2026,https://doi.org/10.1039/d5nh00772k,Nanoscale Horizons,first,GaN HEMT thermal management,1,0,36,displacement,T3,NONE,NONE,,N,,TRUE,affiliation country China: human export review required before any contact
Ali Hajjiah,0000-0002-9736-7372,Kuwait Petroleum Corporation (Kuwait),industry,KW,Simulation of Heat Generation in Reduced Graphene Oxide (RGO)-Contacted Lead-Free Cs3Sb2I9 Perovskite Solar Cells Using COMSOL,2025,https://doi.org/10.1007/s11664-025-12130-z,Journal of Electronic Materials,first,near-junction thermal management,1,1,36,displacement,T4,NONE,NONE,,N,,FALSE,
Anand Murugaiah,,Momentive (Japan),industry,JP,Improved Thermal Management in EV Power Electronics with Boron Nitride Filled Potting Compounds,2025,https://doi.org/10.4071/001c.151769,IMAPSource Proceedings,first,die attach thermal resistance,1,1,36,displacement,T4,NONE,A4,,N,,FALSE,
Andrew M. Knight,0000-0002-7934-4150,University of Calgary,academic,CA,Comprehensive System-Level Thermal Performance and Power Density Optimization in Enclosed Natural Convection PFC-LLC GaN Converters,2025,https://doi.org/10.1109/tia.2025.3532230,IEEE Transactions on Industry Applications,last,thermal boundary resistance GaN,1,0,36,displacement,T3,NONE,NONE,,N,,FALSE,
Anwarul Karim,0009-0002-3946-2141,Pennsylvania State University,academic,US,Thermal Optimization of the Buffer Layer Thickness of GaN HEMTs,2025,https://doi.org/10.1109/ted.2025.3636105,IEEE Transactions on Electron Devices,first,thermal boundary resistance GaN,1,0,36,displacement,T3,NONE,A1,,N,,FALSE,
Atul Kohli,,Whitney Museum of American Art,academic,US,Thermal Performance Comparisons of Advanced Cooling Designs Under Engine Representative Conditions,2025,https://doi.org/10.1115/1.4069495,Journal of Turbomachinery,last,diamond heat spreader,1,0,36,core,T3,NONE,NONE,,N,,FALSE,
Bei Xiang,,Momentive (Japan),industry,JP,Improved Thermal Management in EV Power Electronics with Boron Nitride Filled Potting Compounds,2025,https://doi.org/10.4071/001c.151769,IMAPSource Proceedings,last,die attach thermal resistance,1,1,36,displacement,T4,NONE,A4,,N,,FALSE,
Bernd Dielacher,,EV Group (Austria),industry,AT,Low temperature bonding of diamond heat spreaders for advanced thermal management,2025,https://doi.org/10.35848/1347-4065/adc699,Japanese Journal of Applied Physics,last,diamond heat spreader,1,1,36,core,T2,single-crystal-CVD-diamond-plate,NONE,,N,,FALSE,
C.-T.D. Lo,,Universidad Privada San Francisco de Asís,academic,BO,Advanced Mechanical Analysis Workflow for Chiplets Integration Predictive Design,2025,https://doi.org/10.4071/001c.129007,IMAPSource Proceedings,last,chiplet package thermal,1,0,36,displacement,T3,polycrystalline-CVD-diamond-wafer,A2,,N,,FALSE,
Chao Gu,0000-0001-9407-8586,Shanghai University of Electric Power,academic,CN,Design and Analysis of PCB Embedded SiC Half-Bridge Packaging Cells With Low Thermal Resistance and Parasitic Inductance,2025,https://doi.org/10.1109/tpel.2025.3639926,IEEE Transactions on Power Electronics,first,die attach thermal resistance,1,0,36,displacement,T3,NONE,NONE,,N,,TRUE,affiliation country China: human export review required before any contact
Charles Woychik,,NHanced Semiconductors (United States),industry,US,The Future of Electronics Packaging is Chiplet Architecture,2025,https://doi.org/10.37665/smctrsc40814,SMTA International,last,chiplet package thermal,1,1,36,displacement,T2,polycrystalline-CVD-diamond-wafer,A2,,N,,FALSE,
Chee Ping Lee,,APT Electronics (China),industry,CN,"Advanced Packaging Road Map to 2030: Integrating Memory, Logic, and Systems for Artificial Intelligence",2025,https://doi.org/10.1109/med.2026.3651987,IEEE Electron Devices Magazine,first,chiplet package thermal,1,1,36,displacement,T4,NONE,A2,,N,,TRUE,affiliation country China: human export review required before any contact
Chih-Ming Hung,0009-0005-6613-5834,MediaTek (Taiwan),industry,TW,Heterogeneous Integration in Co-Packaged Optics,2025,https://doi.org/10.1109/jetcas.2025.3590744,IEEE Journal on Emerging and Selected Topics in Circuits and Systems,last,co-packaged optics thermal,1,1,36,displacement,T2,polycrystalline-CVD-diamond-wafer,A5,,N,,FALSE,
Chiharu Moriyama,,Osaka Prefecture University,academic,JP,Direct Integration of Polycrystalline Diamond With 3C‐SiC for Enhanced Thermal Management in GaN HEMTs: Impact of Grain Structure and Interface Engineering,2025,https://doi.org/10.1002/admt.202500437,Advanced Materials Technologies,first,GaN diamond thermal,1,0,36,core,T3,polycrystalline-CVD-diamond-wafer,A1,,N,,FALSE,
Dandan Li,0009-0000-7589-9696,Beijing University of Technology,academic,CN,A study on interfacial structure design and thermal conductivity optimization of diamond/copper composites,2025,https://doi.org/10.1039/d5ma01082a,Materials Advances,first,copper diamond composite,1,0,36,core,T3,NONE,NONE,,N,,TRUE,affiliation country China: human export review required before any contact
Daniel J. Harrison,0009-0006-8510-845X,,unknown,,Dielectric properties of conducting boron-doped diamond,2025,https://doi.org/10.1364/ao.576402,Applied Optics,first,diamond thermal conductivity substrate,1,0,36,core,T4,NONE,NONE,,Y,empty affiliation,FALSE,
David A. Nicholson,,Schrodinger (United States),industry,US,Material Property Simulation for Advanced Packaging,2025,https://doi.org/10.4071/001c.153880,IMAPSource Proceedings,last,chiplet package thermal,1,1,36,displacement,T4,NONE,A2,,N,,FALSE,
Dryver R. Huston,0000-0002-0957-0574,University of Vermont,academic,US,An Approach to Thermal Management and Performance Throttling for Federated Computation on a Low-Cost 3D ESP32-S3 Package Stack,2025,https://doi.org/10.3390/computers14040147,Computers,last,chiplet package thermal,1,0,36,displacement,T3,NONE,NONE,,N,,FALSE,
Ercan M. Dede,0000-0001-6740-5916,Toyota Motor Corporation (Switzerland),industry,CH,"Applications, Design Methods, and Challenges for Additive Manufacturing of Thermal Solutions for Heterogeneous Integration of Electronics",2025,https://doi.org/10.1115/1.4067649,Journal of Electronic Packaging,first,chiplet package thermal,1,1,36,displacement,T4,NONE,A2,,N,,FALSE,
Fakhrozi Che Ani,0000-0001-7023-5591,Western Digital (Japan),industry,JP,Numerical analysis of thermal performance in semi-enclosed electronics: investigating active and passive cooling techniques for SSD-driven single-board devices,2025,https://doi.org/10.1016/j.rineng.2025.106669,Results in Engineering,last,near-junction thermal management,1,1,36,displacement,T4,NONE,NONE,,N,,FALSE,
Feng Wang,,Shanghai University,academic,CN,Atomic-scale substitutional defect engineering for significant enhancement of thermal transport at GaN/diamond interfaces,2025,https://doi.org/10.1016/j.carbon.2025.121221,Carbon,first,GaN diamond thermal,1,0,36,core,T3,GaN-on-diamond,A1,,N,,TRUE,affiliation country China: human export review required before any contact
Fengshun Wu,0000-0001-7516-7727,Huazhong University of Science and Technology,academic,CN,Analytical Modeling and Validation of Thermal Fatigue Failure in Die Attach Structures for Power Electronics Modules,2025,https://doi.org/10.1007/s11664-025-12410-8,Journal of Electronic Materials,last,IGBT module thermal fatigue,1,0,36,displacement,T3,single-crystal-CVD-diamond-plate,A4,,N,,TRUE,affiliation country China: human export review required before any contact
Firat Yasar,0000-0003-4100-4940,Boeing (United States),industry,US,GaN/InN HEMT-Based UV Photodetector on SiC with Hexagonal Boron Nitride Passivation,2025,https://doi.org/10.3390/photonics12100950,Photonics,last,GaN HEMT thermal management,1,1,36,displacement,T4,NONE,A1,,N,,FALSE,
Guoyou Liu,0000-0002-0006-9302,"CRRC Zhuzhou Electric Locomotive Institute Company Ltd., Zhuzhou, China",industry,,Investigation on Creep-Fatigue Interaction Failure of Die-Attach Solder Layers in IGBTs Under Power Cycling,2025,https://doi.org/10.1109/tpel.2025.3530991,IEEE Transactions on Power Electronics,last,die attach thermal resistance,1,1,36,displacement,T2,copper-diamond-composite,NONE,,N,,FALSE,
HAN Huanqing,,Advanced Technology & Materials (China),industry,CN,Preparation and properties of chrome-plated diamond/copper composites,2025,https://doi.org/10.19591/j.cnki.cn11-1974/tf.2024050002,DOAJ (DOAJ: Directory of Open Access Journals),last,copper diamond composite,1,1,36,core,T4,NONE,NONE,,N,,TRUE,affiliation country China: human export review required before any contact
Haisheng Rong,0000-0003-1064-3395,Intel (United States),industry,US,Integrating silicon photonics with complementary metal–oxide–semiconductor technologies,2025,https://doi.org/10.1038/s44287-025-00223-0,Nature Reviews Electrical Engineering,last,co-packaged optics thermal,1,1,36,displacement,T4,NONE,A5,,N,,FALSE,
Hans-Günter Eckel,0009-0009-2666-7309,University of Rostock,academic,DE,Lifetime prediction for power modules in wind-energy converters based on temperature variations in a large area substrate solder connection,2025,https://doi.org/10.1016/j.microrel.2025.115665,Microelectronics Reliability,last,power module baseplate thermal,1,0,36,displacement,T3,copper-diamond-composite,A4,,N,,FALSE,
Hongtu Qian,0000-0003-4597-6325,Dynavax Technologies (Germany),industry,DE,Thermal and microwave performance enhancement of AlGaN/GaN HEMT using an ultra-thin buffer on Si substrate for handset applications,2025,https://doi.org/10.1063/5.0300018,Applied Physics Letters,first,thermal boundary resistance GaN,1,1,36,displacement,T4,NONE,A1,,N,,FALSE,
I. V. Vernik,0009-0009-2852-8919,Seqwater,academic,AU,Single Flux Quantum Circuit Operation at Millikelvin Temperatures,2025,https://doi.org/10.1109/tasc.2025.3639528,IEEE Transactions on Applied Superconductivity,last,near-junction thermal management,1,0,36,displacement,T3,NONE,A6,,N,,FALSE,
Insik Lee,,Korea Advanced Institute of Science and Technology,academic,KR,High efficiency single and multi-phase direct liquid jet-impingement cooling for heterogeneous packaging,2025,https://doi.org/10.1016/j.enconman.2025.120665,Energy Conversion and Management,first,chiplet package thermal,1,0,36,displacement,T3,NONE,NONE,,N,,FALSE,
Jason Walter,,Seqwater,academic,AU,Single Flux Quantum Circuit Operation at Millikelvin Temperatures,2025,https://doi.org/10.1109/tasc.2025.3639528,IEEE Transactions on Applied Superconductivity,first,near-junction thermal management,1,0,36,displacement,T3,NONE,A6,,N,,FALSE,
Jau‐Ji Jou,0000-0002-2172-9912,,unknown,,Design and fabrication of a four-channel CWDM cooled DFB-LD module with OSFP electrical interface for CPO external laser sources,2025,https://doi.org/10.1364/optcon.569826,Optics Continuum,last,co-packaged optics thermal,1,0,36,displacement,T4,NONE,A5,,Y,empty affiliation,FALSE,
Jeong-Kyu Kim,,Stanford University,academic,US,Performance Enhancement of GaN Super-Lattice Castellated Field-Effect Transistors (SLCFETs) via Topside Integration of Near-Isotropic Polycrystalline Diamond,2025,https://doi.org/10.1109/led.2025.3602825,IEEE Electron Device Letters,first,diamond heat spreader,1,0,36,core,T3,polycrystalline-CVD-diamond-wafer,NONE,,N,,FALSE,
Jiajie Fan,0000-0001-5400-737X,Shanghai University of Electric Power,academic,CN,Design and Analysis of PCB Embedded SiC Half-Bridge Packaging Cells With Low Thermal Resistance and Parasitic Inductance,2025,https://doi.org/10.1109/tpel.2025.3639926,IEEE Transactions on Power Electronics,last,die attach thermal resistance,1,0,36,displacement,T3,NONE,NONE,,N,,TRUE,affiliation country China: human export review required before any contact
Jianyu Du,0009-0004-2379-9369,Peking University,academic,CN,Reducing Warpage for Polymer-Based Embedded Silicon Fan-Out (P-eSiFO) Packaging During Thermal Process Loadings,2025,https://doi.org/10.1109/tcpmt.2025.3578042,IEEE Transactions on Components Packaging and Manufacturing Technology,first,chiplet package thermal,1,0,36,displacement,T3,NONE,NONE,,N,,TRUE,affiliation country China: human export review required before any contact
Johanna Swan,,Intel (United Kingdom),industry,GB,Cold Sprayed Copper-Diamond Composites for Thermal Management of Semiconductor Packages,2025,https://doi.org/10.4071/001c.128390,IMAPSource Proceedings,last,diamond thermal conductivity substrate,1,1,36,core,T2,copper-diamond-composite,NONE,,N,,FALSE,
John Foley,,Kulicke & Soffa (United States),industry,US,Advances in Vertical Wire Bonding Enable Low-Cost Shielding and Wafer Level Interconnect Solutions,2025,https://doi.org/10.4071/001c.129015,IMAPSource Proceedings,first,chiplet package thermal,1,1,36,displacement,T2,polycrystalline-CVD-diamond-wafer,NONE,,N,,FALSE,
Katelyn A. Kirchner,,Pennsylvania State University,academic,US,Controlling Thermal Conductivity of Amorphous SiO<sub><i>x</i></sub> Films through Structural Engineering Utilizing Single Crystal Substrate Surfaces,2025,https://doi.org/10.1021/acs.nanolett.5c00646,Nano Letters,first,wide bandgap power device packaging,1,0,36,displacement,T3,NONE,NONE,,N,,FALSE,
Katsuhiro Takao,,Tokyo Electron (Japan),industry,JP,Panel Level Package: Reliability Evaluation of Double-sided Direct Copper Plated Interconnects on Embedded Power Die by Thermal and Electrical Stress Test,2025,https://doi.org/10.4071/001c.151188,IMAPSource Proceedings,first,die attach thermal resistance,1,1,36,displacement,T4,NONE,NONE,,N,,FALSE,
Kerim T. Arat,0000-0002-5446-3006,Quantum Design (United States),industry,US,Multi-Modal Approach for Quality Control and Failure Analysis of Metal Lines for Chiplets Integration,2025,https://doi.org/10.1093/mam/ozaf048.166,Microscopy and Microanalysis,first,chiplet package thermal,1,1,36,displacement,T2,polycrystalline-CVD-diamond-wafer,A2,,N,,FALSE,
Kris Erickson,0000-0002-1265-9123,EndoGastric Solutions (United States),industry,US,"Applications, Design Methods, and Challenges for Additive Manufacturing of Thermal Solutions for Heterogeneous Integration of Electronics",2025,https://doi.org/10.1115/1.4067649,Journal of Electronic Packaging,last,chiplet package thermal,1,1,36,displacement,T4,NONE,A2,,N,,FALSE,
Lars Brusberg,0000-0003-0821-9106,Corning (United States),industry,US,Optical Design and Applications for Ion-Exchanged Glass Waveguide Circuits,2025,https://doi.org/10.1109/tcpmt.2025.3526500,IEEE Transactions on Components Packaging and Manufacturing Technology,first,co-packaged optics thermal,1,1,36,displacement,T4,NONE,NONE,,N,,FALSE,
Lihong Cao,,Universidad Privada San Francisco de Asís,academic,BO,Advanced Mechanical Analysis Workflow for Chiplets Integration Predictive Design,2025,https://doi.org/10.4071/001c.129007,IMAPSource Proceedings,first,chiplet package thermal,1,0,36,displacement,T3,polycrystalline-CVD-diamond-wafer,A2,,N,,FALSE,
Lixiang Zhang,0000-0001-5041-4453,China Electronics Technology Group Corporation,industry,CN,The effect of vacancy defects on the interfacial thermal resistance at the GaN/diamond interfaces: molecular dynamics simulation,2025,https://doi.org/10.1088/1361-651x/adcfb7,Modelling and Simulation in Materials Science and Engineering,last,GaN diamond thermal,1,1,36,core,T2,GaN-on-diamond,A1,,N,,TRUE,affiliation country China: human export review required before any contact
Liyi Li,0000-0003-2154-1036,Southeast University,academic,CN,Study on Stress Distribution and Its Impact on Reliability of SiO2-Based Inorganic Chiplet Gap Filling,2025,https://doi.org/10.3390/mi16121310,Micromachines,last,chiplet package thermal,1,0,36,displacement,T3,polycrystalline-CVD-diamond-wafer,A2,,N,,TRUE,affiliation country China: human export review required before any contact
M. Danner,,EV Group (Austria),industry,AT,Low temperature bonding of diamond heat spreaders for advanced thermal management,2025,https://doi.org/10.35848/1347-4065/adc699,Japanese Journal of Applied Physics,first,diamond heat spreader,1,1,36,core,T2,single-crystal-CVD-diamond-plate,NONE,,N,,FALSE,
M. V. S. Chandrashekhar,,,unknown,,Dielectric properties of conducting boron-doped diamond,2025,https://doi.org/10.1364/ao.576402,Applied Optics,last,diamond thermal conductivity substrate,1,0,36,core,T4,NONE,NONE,,Y,empty affiliation,FALSE,
Madoka Ono,0000-0002-1216-2731,Tohoku University,academic,JP,Controlling Thermal Conductivity of Amorphous SiO<sub><i>x</i></sub> Films through Structural Engineering Utilizing Single Crystal Substrate Surfaces,2025,https://doi.org/10.1021/acs.nanolett.5c00646,Nano Letters,last,wide bandgap power device packaging,1,0,36,displacement,T3,NONE,NONE,,N,,FALSE,
Marian Habbib Adel,0000-0003-4295-9810,"South Institute of Computer Science , Giza , Egypt",industry,,Fiber optic system dispersion compensation management within optical fiber communication channels through the control of all hybrid optical amplifiers: simulative study,2025,https://doi.org/10.1515/joc-2025-0038,Journal of Optical Communications,last,laser diode thermal management,1,1,36,displacement,T4,NONE,NONE,,N,,FALSE,
Martin Kuball,0000-0003-3070-1070,University of Bristol,academic,GB,Thermal Boundary Resistance Reduction by Interfacial Nanopatterning for GaN-on-Diamond Electronics Applications,2025,https://doi.org/10.1021/acsaelm.5c00119,ACS Applied Electronic Materials,last,diamond thermal conductivity substrate,1,0,36,core,T3,GaN-on-diamond,NONE,,N,,FALSE,
Masaya Tanaka,0000-0002-7873-1749,Dai Nippon Printing (Japan),industry,JP,Ultra-High Density RDL on Glass Core Substrate for Heterogenous Integration,2025,https://doi.org/10.4071/001c.129747,IMAPSource Proceedings,last,chiplet package thermal,1,1,36,displacement,T4,NONE,NONE,,N,,FALSE,
Matthew J. Dejneka,,Corning (United States),industry,US,Optical Design and Applications for Ion-Exchanged Glass Waveguide Circuits,2025,https://doi.org/10.1109/tcpmt.2025.3526500,IEEE Transactions on Components Packaging and Manufacturing Technology,last,co-packaged optics thermal,1,1,36,displacement,T4,NONE,NONE,,N,,FALSE,
Mei-Chien Lu,0000-0003-4412-0752,EA Technology,industry,GB,Manufacturing Challenges of Hybrid Bonding for Chiplets Heterogenerous Integration,2025,https://doi.org/10.1115/1.4068767,Journal of Electronic Packaging,first,chiplet package thermal,1,1,36,displacement,T2,polycrystalline-CVD-diamond-wafer,A2,,N,,FALSE,
Mustafa Kilin,,Adıyaman University,academic,TR,GaN/InN HEMT-Based UV Photodetector on SiC with Hexagonal Boron Nitride Passivation,2025,https://doi.org/10.3390/photonics12100950,Photonics,first,GaN HEMT thermal management,1,0,36,displacement,T3,NONE,A1,,N,,FALSE,
Naiqian Zhang,,Dynavax Technologies (Germany),industry,DE,Thermal and microwave performance enhancement of AlGaN/GaN HEMT using an ultra-thin buffer on Si substrate for handset applications,2025,https://doi.org/10.1063/5.0300018,Applied Physics Letters,last,thermal boundary resistance GaN,1,1,36,displacement,T4,NONE,A1,,N,,FALSE,
Nicholas L. Gailey,,Pennsylvania State University,academic,US,Thermal Performance Comparisons of Advanced Cooling Designs Under Engine Representative Conditions,2025,https://doi.org/10.1115/1.4069495,Journal of Turbomachinery,first,diamond heat spreader,1,0,36,core,T3,NONE,NONE,,N,,FALSE,
Nils Zöllner,,Infineon Technologies (Germany),industry,DE,Lifetime prediction for power modules in wind-energy converters based on temperature variations in a large area substrate solder connection,2025,https://doi.org/10.1016/j.microrel.2025.115665,Microelectronics Reliability,first,power module baseplate thermal,1,1,36,displacement,T2,copper-diamond-composite,A4,,N,,FALSE,
Nima E. Gorji,0000-0002-1213-2364,Technological University Dublin,academic,IE,Simulation of Heat Generation in Reduced Graphene Oxide (RGO)-Contacted Lead-Free Cs3Sb2I9 Perovskite Solar Cells Using COMSOL,2025,https://doi.org/10.1007/s11664-025-12130-z,Journal of Electronic Materials,last,near-junction thermal management,1,0,36,displacement,T3,NONE,NONE,,N,,FALSE,
Pavanbabu Arjunamahanthi,0009-0006-2749-7266,University of Florida,academic,US,The Future of Electronics Packaging is Chiplet Architecture,2025,https://doi.org/10.37665/smctrsc40814,SMTA International,first,chiplet package thermal,1,0,36,displacement,T3,polycrystalline-CVD-diamond-wafer,A2,,N,,FALSE,
Pei-Hsun Wang,0000-0003-4940-7306,National Yang Ming Chiao Tung University,academic,TW,Low-loss polymeric waveguides for co-packaged optics on glass substrates,2025,https://doi.org/10.1088/2515-7647/ae079b,Journal of Physics Photonics,last,co-packaged optics thermal,1,0,36,displacement,T3,polycrystalline-CVD-diamond-wafer,A5,,N,,FALSE,
Prahalad M Parthangal,,University of Minnesota,academic,US,"Advanced Packaging Road Map to 2030: Integrating Memory, Logic, and Systems for Artificial Intelligence",2025,https://doi.org/10.1109/med.2026.3651987,IEEE Electron Devices Magazine,last,chiplet package thermal,1,0,36,displacement,T3,NONE,A2,,N,,FALSE,
Qiangqiang Guo,0000-0003-0486-4888,Tsinghua University,academic,CN,Synergistic optimization of material innovation and interface engineering for COD mitigation in high-power GaN-based blue laser diodes,2025,https://doi.org/10.1063/5.0281042,Applied Physics Letters,first,laser diode thermal management,1,0,36,displacement,T3,NONE,A3,,N,,TRUE,affiliation country China: human export review required before any contact
R. Thandaiah Prabu,0000-0002-5727-2977,Saveetha University,academic,IN,Fiber optic system dispersion compensation management within optical fiber communication channels through the control of all hybrid optical amplifiers: simulative study,2025,https://doi.org/10.1515/joc-2025-0038,Journal of Optical Communications,first,laser diode thermal management,1,0,36,displacement,T3,NONE,NONE,,N,,FALSE,
Rahil Samani,0000-0001-7276-1149,University of Calgary,academic,CA,Comprehensive System-Level Thermal Performance and Power Density Optimization in Enclosed Natural Convection PFC-LLC GaN Converters,2025,https://doi.org/10.1109/tia.2025.3532230,IEEE Transactions on Industry Applications,first,thermal boundary resistance GaN,1,0,36,displacement,T3,NONE,NONE,,N,,FALSE,
Raja Swaminathan,,Advanced Micro Devices (Canada),industry,CA,Heterogenous Integration in High Volume: Now and Looking Forward,2025,https://doi.org/10.4071/001c.147811,IMAPSource Proceedings,last,chiplet package thermal,1,1,36,displacement,T4,NONE,NONE,,N,,FALSE,
Ran Yao,0000-0001-5201-9131,Chongqing University,academic,CN,Experimental Investigation on Fatigue Failure Evolution of Press-Pack IGBT Devices Under MMC Operating Conditions,2025,https://doi.org/10.1109/tpel.2025.3557046,IEEE Transactions on Power Electronics,last,IGBT module thermal fatigue,1,0,36,displacement,T3,copper-diamond-composite,A4,,N,,TRUE,affiliation country China: human export review required before any contact
Rohith Soman,0000-0003-4714-5875,Stanford University,academic,US,Integration of top-side low-temperature diamond on AlGaN/GaN RF HEMT for device-level cooling,2025,https://doi.org/10.1063/5.0261673,Applied Physics Letters,first,GaN diamond thermal,1,0,36,core,T3,NONE,A1,,N,,FALSE,
Ruilong Wen,0000-0002-2632-0200,Xi'an Technological University,academic,CN,Research progress in interface optimization and preparation technology of high thermal conductivity diamond/copper composite materials,2025,https://doi.org/10.3389/fmats.2025.1582990,Frontiers in Materials,last,copper diamond composite,1,0,36,core,T3,NONE,NONE,,N,,TRUE,affiliation country China: human export review required before any contact
Ru‐Zhi Wang,0000-0002-5430-2157,Beijing University of Technology,academic,CN,A study on interfacial structure design and thermal conductivity optimization of diamond/copper composites,2025,https://doi.org/10.1039/d5ma01082a,Materials Advances,last,copper diamond composite,1,0,36,core,T3,NONE,NONE,,N,,TRUE,affiliation country China: human export review required before any contact
S. Montant,0000-0001-6324-3147,,unknown,,Bonded Nd:glass laser gain heterostructures under transverse diode pumping for thermal management in high-energy laser amplifiers,2025,https://doi.org/10.1364/oe.579332,Optics Express,last,laser diode thermal management,1,0,36,displacement,T4,NONE,NONE,,Y,empty affiliation,FALSE,
Shaloo Rakheja,0000-0001-7501-275X,University of Illinois Urbana-Champaign,academic,US,An Accurate Electrical and Thermal Co-Simulation Framework for Modeling High-Temperature DC and Pulsed I - V Characteristics of GaN HEMTs,2025,https://doi.org/10.1109/jeds.2025.3528307,IEEE Journal of the Electron Devices Society,last,GaN HEMT thermal management,1,0,36,displacement,T3,NONE,A1,,N,,FALSE,
Shane Lin,,Siliconware Precision Industries (Taiwan),industry,TW,Using FEM Simulation to Predict the Mechanical and Thermal Performance of FO-EB-T Package,2025,https://doi.org/10.4071/001c.129749,IMAPSource Proceedings,first,chiplet package thermal,1,1,36,displacement,T4,NONE,NONE,,N,,FALSE,
Shihan Zhao,0009-0006-9899-1907,Hunan University,academic,CN,Investigation on Creep-Fatigue Interaction Failure of Die-Attach Solder Layers in IGBTs Under Power Cycling,2025,https://doi.org/10.1109/tpel.2025.3530991,IEEE Transactions on Power Electronics,first,die attach thermal resistance,1,0,36,displacement,T3,copper-diamond-composite,NONE,,N,,TRUE,affiliation country China: human export review required before any contact
Stefano Spagna,0000-0002-2727-7718,Quantum Design (United States),industry,US,Multi-Modal Approach for Quality Control and Failure Analysis of Metal Lines for Chiplets Integration,2025,https://doi.org/10.1093/mam/ozaf048.166,Microscopy and Microanalysis,last,chiplet package thermal,1,1,36,displacement,T2,polycrystalline-CVD-diamond-wafer,A2,,N,,FALSE,
Stoyan Stoyanov,0000-0001-6091-1226,University of Greenwich,academic,GB,Modelling the fatigue damage in power components using machine learning technology,2025,https://doi.org/10.1016/j.pedc.2025.100079,Power Electronic Devices and Components,first,IGBT module thermal fatigue,1,0,36,displacement,T3,NONE,NONE,,N,,FALSE,
Takamasa Takano,,Dai Nippon Printing (Japan),industry,JP,Ultra-High Density RDL on Glass Core Substrate for Heterogenous Integration,2025,https://doi.org/10.4071/001c.129747,IMAPSource Proceedings,first,chiplet package thermal,1,1,36,displacement,T4,NONE,NONE,,N,,FALSE,
Thomas Basler,0000-0003-1489-6461,Chemnitz University of Technology,academic,DE,"Power Cycling Testing for Power Semiconductor Switches: Methods, Standards, Limitations, and Outlooks",2025,https://doi.org/10.1109/tpel.2025.3595180,IEEE Transactions on Power Electronics,last,wide bandgap power device packaging,1,0,36,displacement,T3,NONE,NONE,,N,,FALSE,
Thomas Dubé,,,unknown,,Bonded Nd:glass laser gain heterostructures under transverse diode pumping for thermal management in high-energy laser amplifiers,2025,https://doi.org/10.1364/oe.579332,Optics Express,first,laser diode thermal management,1,0,36,displacement,T4,NONE,NONE,,Y,empty affiliation,FALSE,
Wahyu Hidayat,0000-0002-6015-1623,,unknown,,Design and fabrication of a four-channel CWDM cooled DFB-LD module with OSFP electrical interface for CPO external laser sources,2025,https://doi.org/10.1364/optcon.569826,Optics Continuum,first,co-packaged optics thermal,1,0,36,displacement,T4,NONE,A5,,Y,empty affiliation,FALSE,
Wei Lai,0000-0001-8418-3964,Chongqing University,academic,CN,Experimental Investigation on Fatigue Failure Evolution of Press-Pack IGBT Devices Under MMC Operating Conditions,2025,https://doi.org/10.1109/tpel.2025.3557046,IEEE Transactions on Power Electronics,first,IGBT module thermal fatigue,1,0,36,displacement,T3,copper-diamond-composite,A4,,N,,TRUE,affiliation country China: human export review required before any contact
Wei Wang,0000-0002-5257-7675,Peking University,academic,CN,Reducing Warpage for Polymer-Based Embedded Silicon Fan-Out (P-eSiFO) Packaging During Thermal Process Loadings,2025,https://doi.org/10.1109/tcpmt.2025.3578042,IEEE Transactions on Components Packaging and Manufacturing Technology,last,chiplet package thermal,1,0,36,displacement,T3,NONE,NONE,,N,,TRUE,affiliation country China: human export review required before any contact
Wen‐Pin Hsieh,0000-0002-2333-026X,"Institute of Earth Sciences, Academia Sinica",academic,TW,MPCVD diamond thin films as heat spreaders for back end of the line (BEOL) silicon chip fabrication,2025,https://doi.org/10.1016/j.diamond.2025.112999,Diamond and Related Materials,last,diamond heat spreader,1,0,36,core,T3,single-crystal-CVD-diamond-plate,NONE,,N,,FALSE,
William Lambert,,Advanced Micro Devices (Canada),industry,CA,Heterogenous Integration in High Volume: Now and Looking Forward,2025,https://doi.org/10.4071/001c.147811,IMAPSource Proceedings,first,chiplet package thermal,1,1,36,displacement,T4,NONE,NONE,,N,,FALSE,
Woopoung Kim,,Samsung (United States),industry,US,Heterogeneous Packaging Technologies for Chiplet and Memory Integration,2025,https://doi.org/10.4071/001c.129076,IMAPSource Proceedings,last,chiplet package thermal,1,1,36,displacement,T2,polycrystalline-CVD-diamond-wafer,A2,,N,,FALSE,
Xiaolei Zhu,0000-0001-8141-021X,Zhejiang University,academic,CN,A Coherent Compact Thermal Network Model (CTM) for High-Precision and Efficient Temperature Prediction in CoWoS Packaging,2025,https://doi.org/10.1109/tcpmt.2025.3619074,IEEE Transactions on Components Packaging and Manufacturing Technology,last,chiplet package thermal,1,0,36,displacement,T3,NONE,NONE,,N,,TRUE,affiliation country China: human export review required before any contact
Xinghe Luan,0009-0002-8814-3112,Huazhong University of Science and Technology,academic,CN,Analytical Modeling and Validation of Thermal Fatigue Failure in Die Attach Structures for Power Electronics Modules,2025,https://doi.org/10.1007/s11664-025-12410-8,Journal of Electronic Materials,first,IGBT module thermal fatigue,1,0,36,displacement,T3,single-crystal-CVD-diamond-plate,A4,,N,,TRUE,affiliation country China: human export review required before any contact
Xinyu Liu,,Institute of Microelectronics,academic,SG,GaN HEMTs on 4H-SiC/Diamond Engineered Substrate With Enhanced Heat Dissipation,2025,https://doi.org/10.1109/led.2025.3635043,IEEE Electron Device Letters,last,GaN diamond thermal,1,0,36,core,T3,GaN-on-diamond,A1,,N,,FALSE,
Xuejiao Zhang,0009-0006-1748-0516,Shijiazhuang Tiedao University,academic,CN,The effect of vacancy defects on the interfacial thermal resistance at the GaN/diamond interfaces: molecular dynamics simulation,2025,https://doi.org/10.1088/1361-651x/adcfb7,Modelling and Simulation in Materials Science and Engineering,first,GaN diamond thermal,1,0,36,core,T3,GaN-on-diamond,A1,,N,,TRUE,affiliation country China: human export review required before any contact
Y.B. Jang,0000-0002-3535-5042,Mando Corporation (South Korea),industry,KR,Thermo-electrical reliability of power MOSFETs influenced by packaging architecture in stack-die and single-die configurations,2025,https://doi.org/10.1016/j.microrel.2025.115831,Microelectronics Reliability,first,wide bandgap power device packaging,1,1,36,displacement,T4,NONE,NONE,,N,,FALSE,
Y.P. Wang,,Siliconware Precision Industries (Taiwan),industry,TW,Using FEM Simulation to Predict the Mechanical and Thermal Performance of FO-EB-T Package,2025,https://doi.org/10.4071/001c.129749,IMAPSource Proceedings,last,chiplet package thermal,1,1,36,displacement,T4,NONE,NONE,,N,,FALSE,
Yan Li,0000-0002-0640-1783,Samsung (United States),industry,US,Heterogeneous Packaging Technologies for Chiplet and Memory Integration,2025,https://doi.org/10.4071/001c.129076,IMAPSource Proceedings,first,chiplet package thermal,1,1,36,displacement,T2,polycrystalline-CVD-diamond-wafer,A2,,N,,FALSE,
Yan Li,,Samsung (South Korea),industry,KR,Material Property Simulation for Advanced Packaging,2025,https://doi.org/10.4071/001c.153880,IMAPSource Proceedings,first,chiplet package thermal,1,1,36,displacement,T4,NONE,A2,,N,,FALSE,
Yangang Wang,0000-0002-1325-9252,Dynex Semiconductor (United Kingdom),industry,GB,Modelling the fatigue damage in power components using machine learning technology,2025,https://doi.org/10.1016/j.pedc.2025.100079,Power Electronic Devices and Components,last,IGBT module thermal fatigue,1,1,36,displacement,T4,NONE,NONE,,N,,FALSE,
Yaohui Xue,,Modern Electron (United States),industry,US,Research progress in interface optimization and preparation technology of high thermal conductivity diamond/copper composite materials,2025,https://doi.org/10.3389/fmats.2025.1582990,Frontiers in Materials,first,copper diamond composite,1,1,36,core,T4,NONE,NONE,,N,,FALSE,
Yating Wan,0000-0003-2157-2406,King Abdullah University of Science and Technology,academic,SA,Integrating silicon photonics with complementary metal–oxide–semiconductor technologies,2025,https://doi.org/10.1038/s44287-025-00223-0,Nature Reviews Electrical Engineering,first,co-packaged optics thermal,1,0,36,displacement,T3,NONE,A5,,N,,FALSE,
Yi Chang,0000-0003-0112-4139,National Central University,academic,TW,Low-loss polymeric waveguides for co-packaged optics on glass substrates,2025,https://doi.org/10.1088/2515-7647/ae079b,Journal of Physics Photonics,first,co-packaged optics thermal,1,0,36,displacement,T3,polycrystalline-CVD-diamond-wafer,A5,,N,,FALSE,
Yi Liu,0009-0002-3453-4185,University of Vermont,academic,US,An Approach to Thermal Management and Performance Throttling for Federated Computation on a Low-Cost 3D ESP32-S3 Package Stack,2025,https://doi.org/10.3390/computers14040147,Computers,first,chiplet package thermal,1,0,36,displacement,T3,NONE,NONE,,N,,FALSE,
Yi Luo,0000-0002-2267-4642,Tsinghua University,academic,CN,Synergistic optimization of material innovation and interface engineering for COD mitigation in high-power GaN-based blue laser diodes,2025,https://doi.org/10.1063/5.0281042,Applied Physics Letters,last,laser diode thermal management,1,0,36,displacement,T3,NONE,A3,,N,,TRUE,affiliation country China: human export review required before any contact
Yi Zhang,0000-0003-0248-7644,Hong Kong Polytechnic University,academic,HK,"Power Cycling Testing for Power Semiconductor Switches: Methods, Standards, Limitations, and Outlooks",2025,https://doi.org/10.1109/tpel.2025.3595180,IEEE Transactions on Power Electronics,first,wide bandgap power device packaging,1,0,36,displacement,T3,NONE,NONE,,N,,FALSE,
Yicong Dong,0000-0002-1753-9737,University of Illinois Urbana-Champaign,academic,US,An Accurate Electrical and Thermal Co-Simulation Framework for Modeling High-Temperature DC and Pulsed I - V Characteristics of GaN HEMTs,2025,https://doi.org/10.1109/jeds.2025.3528307,IEEE Journal of the Electron Devices Society,first,GaN HEMT thermal management,1,0,36,displacement,T3,NONE,A1,,N,,FALSE,
Yintang Yang,0000-0001-9745-5404,Xidian University,academic,CN,Design and Fabrication of Embedded Microchannel Cooling Solutions for High-Power-Density Semiconductor Devices,2025,https://doi.org/10.3390/mi16080908,Micromachines,last,near-junction thermal management,1,0,36,displacement,T3,NONE,NONE,,N,,TRUE,affiliation country China: human export review required before any contact
Yipei Lei,0009-0000-9746-3690,Institute of Microelectronics,academic,SG,GaN HEMTs on 4H-SiC/Diamond Engineered Substrate With Enhanced Heat Dissipation,2025,https://doi.org/10.1109/led.2025.3635043,IEEE Electron Device Letters,first,GaN diamond thermal,1,0,36,core,T3,GaN-on-diamond,A1,,N,,FALSE,
Yonhua Tzeng,0000-0003-4763-1144,National Cheng Kung University,academic,TW,MPCVD diamond thin films as heat spreaders for back end of the line (BEOL) silicon chip fabrication,2025,https://doi.org/10.1016/j.diamond.2025.112999,Diamond and Related Materials,first,diamond heat spreader,1,0,36,core,T3,single-crystal-CVD-diamond-plate,NONE,,N,,FALSE,
Yoshiaki Aizawa,,Tokyo Electron (Japan),industry,JP,Panel Level Package: Reliability Evaluation of Double-sided Direct Copper Plated Interconnects on Embedded Power Die by Thermal and Electrical Stress Test,2025,https://doi.org/10.4071/001c.151188,IMAPSource Proceedings,last,die attach thermal resistance,1,1,36,displacement,T4,NONE,NONE,,N,,FALSE,
Youngsuk Nam,0000-0002-8807-6418,Korea Advanced Institute of Science and Technology,academic,KR,High efficiency single and multi-phase direct liquid jet-impingement cooling for heterogeneous packaging,2025,https://doi.org/10.1016/j.enconman.2025.120665,Energy Conversion and Management,last,chiplet package thermal,1,0,36,displacement,T3,NONE,NONE,,N,,FALSE,
Yu Fu,0009-0007-0420-4587,Xidian University,academic,CN,Design and Fabrication of Embedded Microchannel Cooling Solutions for High-Power-Density Semiconductor Devices,2025,https://doi.org/10.3390/mi16080908,Micromachines,first,near-junction thermal management,1,0,36,displacement,T3,NONE,NONE,,N,,TRUE,affiliation country China: human export review required before any contact
Yu-Tao Yang,0000-0003-2313-7790,MediaTek (China),industry,CN,Heterogeneous Integration in Co-Packaged Optics,2025,https://doi.org/10.1109/jetcas.2025.3590744,IEEE Journal on Emerging and Selected Topics in Circuits and Systems,first,co-packaged optics thermal,1,1,36,displacement,T2,polycrystalline-CVD-diamond-wafer,A5,,N,,TRUE,affiliation country China: human export review required before any contact
ZHANG Yan,,,unknown,,Preparation and properties of chrome-plated diamond/copper composites,2025,https://doi.org/10.19591/j.cnki.cn11-1974/tf.2024050002,DOAJ (DOAJ: Directory of Open Access Journals),first,copper diamond composite,1,0,36,core,T4,NONE,NONE,,Y,empty affiliation,FALSE,
Zengyi Wang,,Zhejiang University,academic,CN,A Coherent Compact Thermal Network Model (CTM) for High-Precision and Efficient Temperature Prediction in CoWoS Packaging,2025,https://doi.org/10.1109/tcpmt.2025.3619074,IEEE Transactions on Components Packaging and Manufacturing Technology,first,chiplet package thermal,1,0,36,displacement,T3,NONE,NONE,,N,,TRUE,affiliation country China: human export review required before any contact
Zheng Zhang,0009-0008-5481-9384,Universiti Sains Malaysia,academic,MY,Numerical analysis of thermal performance in semi-enclosed electronics: investigating active and passive cooling techniques for SSD-driven single-board devices,2025,https://doi.org/10.1016/j.rineng.2025.106669,Results in Engineering,first,near-junction thermal management,1,0,36,displacement,T3,NONE,NONE,,N,,FALSE,
Zhongming Ren,,Shanghai University,academic,CN,Atomic-scale substitutional defect engineering for significant enhancement of thermal transport at GaN/diamond interfaces,2025,https://doi.org/10.1016/j.carbon.2025.121221,Carbon,last,GaN diamond thermal,1,0,36,core,T3,GaN-on-diamond,A1,,N,,TRUE,affiliation country China: human export review required before any contact
Ziyang Ding,,Southeast University,academic,CN,Study on Stress Distribution and Its Impact on Reliability of SiO2-Based Inorganic Chiplet Gap Filling,2025,https://doi.org/10.3390/mi16121310,Micromachines,first,chiplet package thermal,1,0,36,displacement,T3,polycrystalline-CVD-diamond-wafer,A2,,N,,TRUE,affiliation country China: human export review required before any contact
Bill Zivasatienraj,0000-0002-0522-4869,BAE Systems (United States),industry,US,Optimization Factors for the Thermal Design of Packaged GaN High-Electron-Mobility Transistors,2026,https://doi.org/10.1109/ted.2026.3667665,IEEE Transactions on Electron Devices,middle,diamond heat spreader,3,1,32,core,T4,NONE,NONE,,N,,FALSE,
Bing Dai,0000-0002-1170-4084,Harbin Institute of Technology,academic,CN,Extracting deeply buried thermal resistance in Au/Au-bonded thick Si-on-diamond,2026,https://doi.org/10.1063/5.0314427,Applied Physics Letters,middle,diamond heat spreader,3,0,32,core,T4,NONE,NONE,,N,,TRUE,affiliation country China: human export review required before any contact
Isaac Wildeson,,BAE Systems (United States),industry,US,Optimization Factors for the Thermal Design of Packaged GaN High-Electron-Mobility Transistors,2026,https://doi.org/10.1109/ted.2026.3667665,IEEE Transactions on Electron Devices,middle,diamond heat spreader,3,1,32,core,T4,NONE,NONE,,N,,FALSE,
Eduardo M. Chumbes,0009-0001-2013-7747,RTX (United States),industry,US,Interfacial Thermal Transport in Top-Side Diamond Integrated AlGaN/GaN High Electron Mobility Transistors,2025,https://doi.org/10.1021/acsami.5c13149,ACS Applied Materials & Interfaces,middle,diamond heat spreader,3,1,32,core,T4,NONE,A1,,N,,FALSE,
Jeffrey LaRoche,,RTX (United States),industry,US,Interfacial Thermal Transport in Top-Side Diamond Integrated AlGaN/GaN High Electron Mobility Transistors,2025,https://doi.org/10.1021/acsami.5c13149,ACS Applied Materials & Interfaces,middle,diamond heat spreader,3,1,32,core,T4,NONE,A1,,N,,FALSE,
Maher Tahhan,0000-0003-4608-0926,RTX (United States),industry,US,Interfacial Thermal Transport in Top-Side Diamond Integrated AlGaN/GaN High Electron Mobility Transistors,2025,https://doi.org/10.1021/acsami.5c13149,ACS Applied Materials & Interfaces,middle,diamond heat spreader,3,1,32,core,T4,NONE,A1,,N,,FALSE,
Matthew T. Dejarld,0009-0002-7789-7787,RTX (United States),industry,US,Interfacial Thermal Transport in Top-Side Diamond Integrated AlGaN/GaN High Electron Mobility Transistors,2025,https://doi.org/10.1021/acsami.5c13149,ACS Applied Materials & Interfaces,middle,diamond heat spreader,3,1,32,core,T4,NONE,A1,,N,,FALSE,
Alessandro Sitta,0000-0003-2394-0882,STMicroelectronics (Italy),industry,IT,Effects of the pin-fins cooler roughness on the thermo-fluid dynamics performance of a SiC power module,2024,https://doi.org/10.1016/j.ijft.2024.100609,International Journal of Thermofluids,last,power module baseplate thermal,1,1,28,displacement,T2,copper-diamond-composite,A4,,N,,FALSE,
Baoquan Yao,0000-0001-5108-2673,Harbin Institute of Technology,academic,CN,20 W CW laser operation of Tm:YAP single crystal fiber,2024,https://doi.org/10.1016/j.optlastec.2024.111529,Optics & Laser Technology,last,laser diode thermal management,1,0,28,displacement,T3,NONE,NONE,,N,,TRUE,affiliation country China: human export review required before any contact
Bo Shen,0000-0003-2786-8400,Peking University,academic,CN,AlN as interlayer for effective thermal dissipation from gallium nitride to CVD diamond using nanocrystalline diamond seeding,2024,https://doi.org/10.1002/ifm2.26,Information & Functional Materials,last,diamond heat spreader,1,0,28,core,T3,NONE,NONE,,N,,TRUE,affiliation country China: human export review required before any contact
Cameron Nelson,,Amkor Technology (United States),industry,US,Thermal Management Implications for Heterogeneous Integrated Packaging,2024,https://doi.org/10.4071/001c.116637,IMAPSource Proceedings,first,chiplet package thermal,1,1,28,displacement,T4,NONE,A2,,N,,FALSE,
Chengyi Liao,0009-0009-3878-5994,Chinese Academy of Sciences,academic,CN,Enhanced Fabrication and Assembly of 3-D Chiplets Based on Active Interposer With Frontside Via-Last TSVs,2024,https://doi.org/10.1109/tcpmt.2024.3443858,IEEE Transactions on Components Packaging and Manufacturing Technology,first,chiplet package thermal,1,0,28,displacement,T3,polycrystalline-CVD-diamond-wafer,A2,,N,,TRUE,affiliation country China: human export review required before any contact
Choon Heung Lee,,Jiangsu Changjiang Electronics Technology (China),industry,CN,Study on the Manufacturability of X Dimension Fan Out Integration Package with Organic RDLs (XDFOI-O),2024,https://doi.org/10.4071/001c.115496,Journal of Microelectronics and Electronic Packaging,last,chiplet package thermal,1,1,28,displacement,T4,NONE,NONE,,N,,TRUE,affiliation country China: human export review required before any contact
Collin Hitchcock,,GE Global Research (United States),industry,US,SiC Power Module Packaging Using Printed Electronics Materials and Processes,2024,https://doi.org/10.1109/tcpmt.2024.3453209,IEEE Transactions on Components Packaging and Manufacturing Technology,last,wide bandgap power device packaging,1,1,28,displacement,T2,copper-diamond-composite,A4,,N,,FALSE,
David Coenen,0000-0002-3732-1874,IMEC,academic,BE,Thermal Scaling Analysis of Large Hybrid Laser Arrays for Co-Packaged Optics,2024,https://doi.org/10.1109/jstqe.2024.3444923,IEEE Journal of Selected Topics in Quantum Electronics,first,co-packaged optics thermal,1,0,28,displacement,T3,polycrystalline-CVD-diamond-wafer,A6,,N,,FALSE,
David G. Cahill,0000-0001-5969-3460,University of Illinois Urbana-Champaign,academic,US,Probe beam deflection technique with liquid immersion for fast mapping of thermal conductance,2024,https://doi.org/10.1063/5.0179581,Applied Physics Letters,last,diamond thermal conductivity substrate,1,0,28,core,T3,NONE,NONE,,N,,FALSE,
Degan Xiong,0000-0001-5512-3014,"Hunan Province Engineering Research Center for High Thermal Conductivity Metal-Matrix Composites, Hunan Harvest Technology Development Co., Changsha 410219, China",academic,,An Investigation on the Spark Plasma Sintering Diffusion Bonding of Diamond/Cu Composites with a Cr Interlayer,2024,https://doi.org/10.3390/ma17246026,Materials,last,copper diamond composite,1,0,28,core,T3,NONE,NONE,,N,,FALSE,
Doug Hackler,,American Semiconductor (United States),industry,US,WLCSP Fully Protected Fan-In Reliability,2024,https://doi.org/10.4071/001c.94513,IMAPSource Proceedings,first,chiplet package thermal,1,1,28,displacement,T4,NONE,NONE,,N,,FALSE,
Ed Prack,,American Semiconductor (United States),industry,US,WLCSP Fully Protected Fan-In Reliability,2024,https://doi.org/10.4071/001c.94513,IMAPSource Proceedings,last,chiplet package thermal,1,1,28,displacement,T4,NONE,NONE,,N,,FALSE,
Elke Kraker,0000-0001-7734-5603,Materials Center Leoben (Austria),industry,AT,Correlation of heat transport mechanism and structural properties of GaN high electron mobility transistors,2024,https://doi.org/10.1063/5.0207513,Journal of Applied Physics,last,thermal boundary resistance GaN,1,1,28,displacement,T4,NONE,NONE,,N,,FALSE,
Eric Ouyang,,Jiangsu Changjiang Electronics Technology (China),industry,CN,Power Envelope Analyses of Chiplet Module and System-on-Chip,2024,https://doi.org/10.4071/001c.94297,IMAPSource Proceedings,first,chiplet package thermal,1,1,28,displacement,T2,polycrystalline-CVD-diamond-wafer,A2,,N,,TRUE,affiliation country China: human export review required before any contact
Guocheng LÜ,,Chery Automobile (China),industry,CN,Reliability evaluation of IGBT power module on electric vehicle using big data,2024,https://doi.org/10.1088/1674-4926/45/5/052301,Journal of Semiconductors,last,IGBT module thermal fatigue,1,1,28,displacement,T2,copper-diamond-composite,A4,,N,,TRUE,affiliation country China: human export review required before any contact
Gwendolin Rohner,0000-0001-6680-7331,ETH Zurich,academic,CH,Comparative Evaluation of Three-Phase Three-Level GaN and Seven-Level Si Flying Capacitor Inverters for Integrated Motor Drives Considering Overload Operation,2024,https://doi.org/10.1109/access.2024.3350728,IEEE Access,first,power module baseplate thermal,1,0,28,displacement,T3,NONE,NONE,,N,,FALSE,
Haijie Chen,0000-0003-4838-3816,Jiangsu Changjiang Electronics Technology (China),industry,CN,Study on the Manufacturability of X Dimension Fan Out Integration Package with Organic RDLs (XDFOI-O),2024,https://doi.org/10.4071/001c.115496,Journal of Microelectronics and Electronic Packaging,first,chiplet package thermal,1,1,28,displacement,T4,NONE,NONE,,N,,TRUE,affiliation country China: human export review required before any contact
Herman Oprins,0000-0003-0680-4969,IMEC,academic,BE,Thermal Scaling Analysis of Large Hybrid Laser Arrays for Co-Packaged Optics,2024,https://doi.org/10.1109/jstqe.2024.3444923,IEEE Journal of Selected Topics in Quantum Electronics,last,co-packaged optics thermal,1,0,28,displacement,T3,polycrystalline-CVD-diamond-wafer,A6,,N,,FALSE,
Hui Guo,0000-0002-0383-2481,Xidian University,academic,CN,Study of photoinduced nonthermal melting of 4H-SiC under femtosecond pulse laser irradiation based on time-dependent density functional theory simulations,2024,https://doi.org/10.1063/5.0221305,Journal of Applied Physics,last,diamond thermal conductivity substrate,1,0,28,core,T3,NONE,NONE,,N,,TRUE,affiliation country China: human export review required before any contact
Jessica L. Faust,,Northeastern University,academic,US,Transferable Percolated Particle Monolayers Derived from Marangoni Flows for Thermally Conductive Dielectric Coatings,2024,https://doi.org/10.1021/acsami.4c14039,ACS Applied Materials & Interfaces,first,diamond heat spreader,1,0,28,core,T3,NONE,NONE,,N,,FALSE,
Jinwen Tang,0000-0002-8176-9406,Harbin Institute of Technology,academic,CN,20 W CW laser operation of Tm:YAP single crystal fiber,2024,https://doi.org/10.1016/j.optlastec.2024.111529,Optics & Laser Technology,first,laser diode thermal management,1,0,28,displacement,T3,NONE,NONE,,N,,TRUE,affiliation country China: human export review required before any contact
Johan Driesen,0000-0002-1025-0949,Engie (Belgium),industry,BE,Real-Time MOSFET Condition Monitoring for Variable Mission Profiles With a Dual Extended Kalman Filter,2024,https://doi.org/10.1109/tpel.2024.3480704,IEEE Transactions on Power Electronics,last,die attach thermal resistance,1,1,28,displacement,T4,NONE,NONE,,N,,FALSE,
Johann W. Kolar,0000-0002-6000-7402,ETH Zurich,academic,CH,Comparative Evaluation of Three-Phase Three-Level GaN and Seven-Level Si Flying Capacitor Inverters for Integrated Motor Drives Considering Overload Operation,2024,https://doi.org/10.1109/access.2024.3350728,IEEE Access,last,power module baseplate thermal,1,0,28,displacement,T3,NONE,NONE,,N,,FALSE,
Junfeng Zhao,0000-0003-1756-5369,University Town of Shenzhen,academic,CN,Influence of diamond particle size on the properties of diamond/Al composites fabricated by filtration extrusion,2024,https://doi.org/10.1016/j.heliyon.2024.e37391,Heliyon,first,diamond thermal conductivity substrate,1,0,28,core,T3,NONE,NONE,,N,,TRUE,affiliation country China: human export review required before any contact
Kimiyoshi Ichikawa,0000-0002-8655-3516,Kanazawa University,academic,JP,"Diamond Homoepitaxial Growth Technology toward Wafer Fabrication, Atomically Controlled Surfaces, and Low Resistivity",2024,https://doi.org/10.1021/accountsmr.4c00123,Accounts of Materials Research,first,diamond thermal conductivity substrate,1,0,28,core,T3,NONE,NONE,,N,,FALSE,
Li Liu,0000-0002-4593-9068,Chongqing University,academic,CN,Reliability evaluation of IGBT power module on electric vehicle using big data,2024,https://doi.org/10.1088/1674-4926/45/5/052301,Journal of Semiconductors,first,IGBT module thermal fatigue,1,0,28,displacement,T3,copper-diamond-composite,A4,,N,,TRUE,affiliation country China: human export review required before any contact
Liang Wang,0000-0002-8373-117X,Shenzhen Goodix Technology (China),industry,CN,Influence of diamond particle size on the properties of diamond/Al composites fabricated by filtration extrusion,2024,https://doi.org/10.1016/j.heliyon.2024.e37391,Heliyon,last,diamond thermal conductivity substrate,1,1,28,core,T4,NONE,NONE,,N,,TRUE,affiliation country China: human export review required before any contact
Lisa Mitterhuber,0000-0002-5220-9530,Materials Center Leoben (Austria),industry,AT,Correlation of heat transport mechanism and structural properties of GaN high electron mobility transistors,2024,https://doi.org/10.1063/5.0207513,Journal of Applied Physics,first,thermal boundary resistance GaN,1,1,28,displacement,T4,NONE,NONE,,N,,FALSE,
Luca Donetti,0000-0002-2850-1777,University of Catania,academic,IT,Effects of the pin-fins cooler roughness on the thermo-fluid dynamics performance of a SiC power module,2024,https://doi.org/10.1016/j.ijft.2024.100609,International Journal of Thermofluids,first,power module baseplate thermal,1,0,28,displacement,T3,copper-diamond-composite,A4,,N,,FALSE,
Martijn Deckers,0000-0001-9652-7189,Engie (Belgium),industry,BE,Real-Time MOSFET Condition Monitoring for Variable Mission Profiles With a Dual Extended Kalman Filter,2024,https://doi.org/10.1109/tpel.2024.3480704,IEEE Transactions on Power Electronics,first,die attach thermal resistance,1,1,28,displacement,T4,NONE,NONE,,N,,FALSE,
Norio Tokuda,0000-0003-3313-362X,Kanazawa University,academic,JP,"Diamond Homoepitaxial Growth Technology toward Wafer Fabrication, Atomically Controlled Surfaces, and Low Resistivity",2024,https://doi.org/10.1021/accountsmr.4c00123,Accounts of Materials Research,last,diamond thermal conductivity substrate,1,0,28,core,T3,NONE,NONE,,N,,FALSE,
Per Viklund,,Siemens (Germany),industry,DE,Flexibility of System Technology Co-Optimization (STCO) Demands a Shift-Left Process and Methodology,2024,https://doi.org/10.4071/001c.116295,IMAPSource Proceedings,first,chiplet package thermal,1,1,28,displacement,T4,NONE,NONE,,N,,FALSE,
Pruek Vanna-Iampikul,0000-0002-2897-7142,Burapha University,academic,TH,Glass Interposer Integration of Logic and Memory Chiplets: PPA and Power/Signal Integrity Benefits,2024,https://doi.org/10.1109/tcad.2024.3504361,IEEE Transactions on Computer-Aided Design of Integrated Circuits and Systems,first,chiplet package thermal,1,0,28,displacement,T3,polycrystalline-CVD-diamond-wafer,A2,,N,,FALSE,
Qingdong Wang,,Chinese Academy of Sciences,academic,CN,Enhanced Fabrication and Assembly of 3-D Chiplets Based on Active Interposer With Frontside Via-Last TSVs,2024,https://doi.org/10.1109/tcpmt.2024.3443858,IEEE Transactions on Components Packaging and Manufacturing Technology,last,chiplet package thermal,1,0,28,displacement,T3,polycrystalline-CVD-diamond-wafer,A2,,N,,TRUE,affiliation country China: human export review required before any contact
Randall M. Erb,0000-0002-6351-395X,Northeastern University,academic,US,Transferable Percolated Particle Monolayers Derived from Marangoni Flows for Thermally Conductive Dielectric Coatings,2024,https://doi.org/10.1021/acsami.4c14039,ACS Applied Materials & Interfaces,last,diamond heat spreader,1,0,28,core,T3,NONE,NONE,,N,,FALSE,
Rejoy Surendran,,Henkel (Germany),industry,DE,Enhancing Semiconductor Package Reliability through Mechanical Property Optimization of Pressureless Sintering Die Attach Adhesives,2024,https://doi.org/10.4071/001c.94312,IMAPSource Proceedings,last,wide bandgap power device packaging,1,1,28,displacement,T2,single-crystal-CVD-diamond-plate,NONE,,N,,FALSE,
Riadh Al-Haidari,0009-0005-1917-2878,Binghamton University,academic,US,SiC Power Module Packaging Using Printed Electronics Materials and Processes,2024,https://doi.org/10.1109/tcpmt.2024.3453209,IEEE Transactions on Components Packaging and Manufacturing Technology,first,wide bandgap power device packaging,1,0,28,displacement,T3,copper-diamond-composite,A4,,N,,FALSE,
Sen Yang,0000-0001-5784-2952,Xi'an UniIC Semiconductors (China),industry,CN,Study of photoinduced nonthermal melting of 4H-SiC under femtosecond pulse laser irradiation based on time-dependent density functional theory simulations,2024,https://doi.org/10.1063/5.0221305,Journal of Applied Physics,first,diamond thermal conductivity substrate,1,1,28,core,T4,NONE,NONE,,N,,TRUE,affiliation country China: human export review required before any contact
Seungbae Park,0000-0001-8498-266X,Binghamton University,academic,US,Design Guidelines for 2.5-D Packages Featuring Organic Interposer With Bridges Embedded,2024,https://doi.org/10.1109/tcpmt.2024.3474716,IEEE Transactions on Components Packaging and Manufacturing Technology,last,chiplet package thermal,1,0,28,displacement,T3,NONE,NONE,,N,,FALSE,
Shuhui Huang,0000-0003-3734-5427,General Research Institute for Nonferrous Metals (China),industry,CN,Microstructure and Properties of Aluminum Alloy/Diamond Composite Materials Prepared by Laser Cladding,2024,https://doi.org/10.3390/ma17215280,Materials,first,diamond thermal conductivity substrate,1,1,28,core,T4,NONE,NONE,,N,,TRUE,affiliation country China: human export review required before any contact
Sung Kyu Lim,0000-0002-2267-5282,Georgia Institute of Technology,academic,US,Glass Interposer Integration of Logic and Memory Chiplets: PPA and Power/Signal Integrity Benefits,2024,https://doi.org/10.1109/tcad.2024.3504361,IEEE Transactions on Computer-Aided Design of Integrated Circuits and Systems,last,chiplet package thermal,1,0,28,displacement,T3,polycrystalline-CVD-diamond-wafer,A2,,N,,FALSE,
Takashi Kawamori,,"High Performance Materials Department, Institute for Advanced Integrated Technology",industry,,Highly Functional Materials for Advanced Package,2024,https://doi.org/10.2494/photopolymer.37.335,Journal of Photopolymer Science and Technology,last,chiplet package thermal,1,1,28,displacement,T4,NONE,A2,,N,,FALSE,
Tetsuya Enomoto,,"High Performance Materials Department, Institute for Advanced Integrated Technology",industry,,Highly Functional Materials for Advanced Package,2024,https://doi.org/10.2494/photopolymer.37.335,Journal of Photopolymer Science and Technology,first,chiplet package thermal,1,1,28,displacement,T4,NONE,A2,,N,,FALSE,
Wenjing Zhang,0000-0003-0697-7827,General Research Institute for Nonferrous Metals (China),industry,CN,Microstructure and Properties of Aluminum Alloy/Diamond Composite Materials Prepared by Laser Cladding,2024,https://doi.org/10.3390/ma17215280,Materials,last,diamond thermal conductivity substrate,1,1,28,core,T4,NONE,NONE,,N,,TRUE,affiliation country China: human export review required before any contact
Xiaobin Hao,0000-0003-2616-7899,Harbin Institute of Technology,academic,CN,Optimizing MPCVD systems for diamond growth through advanced microwave transmission theory,2024,https://doi.org/10.1016/j.jcrysgro.2024.128008,Journal of Crystal Growth,first,single crystal diamond MPCVD,1,0,28,core,T3,single-crystal-CVD-diamond-plate,NONE,,N,,TRUE,affiliation country China: human export review required before any contact
Xinyu Liu,0009-0000-3558-8367,Chinese Academy of Sciences,academic,CN,Wafer-scale N-polar GaN heterogeneous structure fabricated by surface active bonding and laser lift-off,2024,https://doi.org/10.1016/j.jallcom.2024.176253,Journal of Alloys and Compounds,last,thermal boundary resistance GaN,1,0,28,displacement,T3,NONE,A1,,N,,TRUE,affiliation country China: human export review required before any contact
Xuan Hong,0000-0002-9849-6256,Henkel (Germany),industry,DE,Enhancing Semiconductor Package Reliability through Mechanical Property Optimization of Pressureless Sintering Die Attach Adhesives,2024,https://doi.org/10.4071/001c.94312,IMAPSource Proceedings,first,wide bandgap power device packaging,1,1,28,displacement,T2,single-crystal-CVD-diamond-plate,NONE,,N,,FALSE,
Xue-Qi Lv,,China National Nuclear Corporation,academic,CN,Influence of different vibration directions on the solder layer fatigue in IGBT modules,2024,https://doi.org/10.1016/j.microrel.2024.115526,Microelectronics Reliability,last,IGBT module thermal fatigue,1,0,28,displacement,T3,copper-diamond-composite,A4,,N,,TRUE,affiliation country China: human export review required before any contact
Yangyang Lai,0000-0002-3616-9217,Binghamton University,academic,US,Design Guidelines for 2.5-D Packages Featuring Organic Interposer With Bridges Embedded,2024,https://doi.org/10.1109/tcpmt.2024.3474716,IEEE Transactions on Components Packaging and Manufacturing Technology,first,chiplet package thermal,1,0,28,displacement,T3,NONE,NONE,,N,,FALSE,
Ye Tian,0000-0002-9138-872X,Chinese Academy of Sciences,academic,CN,Wafer-scale N-polar GaN heterogeneous structure fabricated by surface active bonding and laser lift-off,2024,https://doi.org/10.1016/j.jallcom.2024.176253,Journal of Alloys and Compounds,first,thermal boundary resistance GaN,1,0,28,displacement,T3,NONE,A1,,N,,TRUE,affiliation country China: human export review required before any contact
Yifan Jian,0000-0001-7988-7385,China National Nuclear Corporation,academic,CN,Influence of different vibration directions on the solder layer fatigue in IGBT modules,2024,https://doi.org/10.1016/j.microrel.2024.115526,Microelectronics Reliability,first,IGBT module thermal fatigue,1,0,28,displacement,T3,copper-diamond-composite,A4,,N,,TRUE,affiliation country China: human export review required before any contact
Ying Zhou,0000-0002-0597-4950,Nanjing University of Aeronautics and Astronautics,academic,CN,An Investigation on the Spark Plasma Sintering Diffusion Bonding of Diamond/Cu Composites with a Cr Interlayer,2024,https://doi.org/10.3390/ma17246026,Materials,first,copper diamond composite,1,0,28,core,T3,NONE,NONE,,N,,TRUE,affiliation country China: human export review required before any contact
Yonghyuk Jeong,,Jiangsu Changjiang Electronics Technology (China),industry,CN,Power Envelope Analyses of Chiplet Module and System-on-Chip,2024,https://doi.org/10.4071/001c.94297,IMAPSource Proceedings,last,chiplet package thermal,1,1,28,displacement,T2,polycrystalline-CVD-diamond-wafer,A2,,N,,TRUE,affiliation country China: human export review required before any contact
Brian Novak,0000-0002-8624-7631,Northrop Grumman (United States),industry,US,Enhanced Thermal Management in GaN Superlattice Castellated Field Effect Transistors,2026,https://doi.org/10.1109/led.2026.3696134,IEEE Electron Device Letters,middle,GaN diamond thermal,2,1,24,core,T4,NONE,NONE,,N,,FALSE,
Fengwen Mu,,Tianjin Energy Investment Group (China),industry,CN,Investigation of N-polar GaN-diamond heterogeneous integration enabled by in-situ sputtered aluminum nitride interlayer,2026,https://doi.org/10.1016/j.diamond.2026.113310,Diamond and Related Materials,middle,diamond thermal conductivity substrate,2,1,24,core,T2,GaN-on-diamond,A2,,N,,TRUE,affiliation country China: human export review required before any contact
James W. Pomeroy,0000-0003-3443-8759,University of Bristol,academic,GB,Enhanced Thermal Management in GaN Superlattice Castellated Field Effect Transistors,2026,https://doi.org/10.1109/led.2026.3696134,IEEE Electron Device Letters,middle,GaN diamond thermal,2,0,24,core,T4,NONE,NONE,,N,,FALSE,
Jeong-kyu Kim,0000-0001-9457-3448,Stanford University,academic,US,Optimization Factors for the Thermal Design of Packaged GaN High-Electron-Mobility Transistors,2026,https://doi.org/10.1109/ted.2026.3667665,IEEE Transactions on Electron Devices,middle,diamond heat spreader,2,0,24,core,T4,NONE,NONE,,N,,FALSE,
Puneet Srivastava,0000-0001-8066-3135,BAE Systems (United States),industry,US,Optimization Factors for the Thermal Design of Packaged GaN High-Electron-Mobility Transistors,2026,https://doi.org/10.1109/ted.2026.3667665,IEEE Transactions on Electron Devices,middle,diamond heat spreader,2,1,24,core,T4,NONE,NONE,,N,,FALSE,
Sen Zhang,0000-0002-6922-5633,Harbin Institute of Technology,academic,CN,Modeling optimization and experimental verification of inch-scale heteroepitaxial single-crystal diamond nucleation with 915 MHz MPCVD,2026,https://doi.org/10.1016/j.vacuum.2026.115618,Vacuum,middle,single crystal diamond MPCVD,2,0,24,core,T4,single-crystal-CVD-diamond-plate,NONE,,N,,TRUE,affiliation country China: human export review required before any contact
Shamima Afroz,0009-0007-8773-5518,Northrop Grumman (United States),industry,US,Enhanced Thermal Management in GaN Superlattice Castellated Field Effect Transistors,2026,https://doi.org/10.1109/led.2026.3696134,IEEE Electron Device Letters,middle,GaN diamond thermal,2,1,24,core,T4,NONE,NONE,,N,,FALSE,
Yicun Li,0000-0003-1304-6166,Harbin Institute of Technology,academic,CN,Modeling optimization and experimental verification of inch-scale heteroepitaxial single-crystal diamond nucleation with 915 MHz MPCVD,2026,https://doi.org/10.1016/j.vacuum.2026.115618,Vacuum,middle,single crystal diamond MPCVD,2,0,24,core,T4,single-crystal-CVD-diamond-plate,NONE,,N,,TRUE,affiliation country China: human export review required before any contact
Yiqun Wang,0000-0002-4400-9379,Yangtze University,academic,CN,Simultaneous Measurement of the Thermal Boundary Resistance and Thermal Conductivity of Die-Attach Materials in Sandwich Structures via Multiwavelength Transient Thermoreflectance,2026,https://doi.org/10.1021/acsaelm.6c00280,ACS Applied Electronic Materials,middle,die attach thermal resistance,2,0,24,displacement,T4,NONE,NONE,,N,,TRUE,affiliation country China: human export review required before any contact
Yiwen Song,0000-0002-9253-889X,Pennsylvania State University,academic,US,High thermal boundary conductance across a GaN/SiC interface characterized via signal-ratio-based dual-frequency time-domain thermoreflectance,2026,https://doi.org/10.1063/5.0303711,Journal of Applied Physics,middle,thermal boundary resistance GaN,2,0,24,displacement,T4,GaN-on-diamond,A1,,N,,FALSE,
Yutao Fang,0000-0001-5814-3133,Fudan University,academic,CN,Interfacial Engineering toward Ultralow Thermal Boundary Resistance at Metal–Semiconductor Contacts,2026,https://doi.org/10.1021/acs.nanolett.5c05501,Nano Letters,middle,thermal boundary resistance GaN,2,0,24,displacement,T4,NONE,NONE,,N,,TRUE,affiliation country China: human export review required before any contact
Feras Eid,,Intel (United Kingdom),industry,GB,Cold Sprayed Copper-Diamond Composites for Thermal Management of Semiconductor Packages,2025,https://doi.org/10.4071/001c.128390,IMAPSource Proceedings,middle,diamond thermal conductivity substrate,2,1,24,core,T2,copper-diamond-composite,NONE,,N,,FALSE,
M. Sun,0009-0007-3535-0640,General Research Institute for Nonferrous Metals (China),industry,CN,Subcooled flow boiling in diamond/Cu microchannel heat sinks for near-junction chip cooling,2025,https://doi.org/10.1016/j.csite.2025.105981,Case Studies in Thermal Engineering,middle,diamond thermal conductivity substrate,2,1,24,core,T2,GaN-on-diamond,NONE,,N,,TRUE,affiliation country China: human export review required before any contact
Naoteru Shigekawa,0000-0001-7454-8640,Osaka Prefecture University,academic,JP,Direct Integration of Polycrystalline Diamond With 3C‐SiC for Enhanced Thermal Management in GaN HEMTs: Impact of Grain Structure and Interface Engineering,2025,https://doi.org/10.1002/admt.202500437,Advanced Materials Technologies,middle,GaN diamond thermal,2,0,24,core,T4,polycrystalline-CVD-diamond-wafer,A1,,N,,FALSE,
Rohith Soman,0000-0003-2585-1939,Stanford University,academic,US,Interfacial Thermal Transport in Top-Side Diamond Integrated AlGaN/GaN High Electron Mobility Transistors,2025,https://doi.org/10.1021/acsami.5c13149,ACS Applied Materials & Interfaces,middle,diamond heat spreader,2,0,24,core,T4,NONE,A1,,N,,FALSE,
Thomas Andres Rodriguez,,Stanford University,academic,US,Performance Enhancement of GaN Super-Lattice Castellated Field-Effect Transistors (SLCFETs) via Topside Integration of Near-Isotropic Polycrystalline Diamond,2025,https://doi.org/10.1109/led.2025.3602825,IEEE Electron Device Letters,middle,diamond heat spreader,2,0,24,core,T4,polycrystalline-CVD-diamond-wafer,NONE,,N,,FALSE,
Wenxin Cao,0009-0005-6207-2709,Harbin Institute of Technology,academic,CN,Enhanced thermal conductivity and thermal shock resistance in diamond/copper composites through diamond surface etching,2025,https://doi.org/10.1016/j.matlet.2025.138229,Materials Letters,middle,copper diamond composite,2,0,24,core,T4,NONE,NONE,,N,,TRUE,affiliation country China: human export review required before any contact
Yutaka Ohno,0000-0003-3998-4409,Tohoku Agricultural Research Center,academic,JP,Direct Integration of Polycrystalline Diamond With 3C‐SiC for Enhanced Thermal Management in GaN HEMTs: Impact of Grain Structure and Interface Engineering,2025,https://doi.org/10.1002/admt.202500437,Advanced Materials Technologies,middle,GaN diamond thermal,2,0,24,core,T4,polycrystalline-CVD-diamond-wafer,A1,,N,,FALSE,
Zhijie Ye,0000-0003-2343-6643,Harbin Institute of Technology,academic,CN,Enhanced thermal conductivity and thermal shock resistance in diamond/copper composites through diamond surface etching,2025,https://doi.org/10.1016/j.matlet.2025.138229,Materials Letters,middle,copper diamond composite,2,0,24,core,T4,NONE,NONE,,N,,TRUE,affiliation country China: human export review required before any contact
Zhongnan Xie,,General Research Institute for Nonferrous Metals (China),industry,CN,Subcooled flow boiling in diamond/Cu microchannel heat sinks for near-junction chip cooling,2025,https://doi.org/10.1016/j.csite.2025.105981,Case Studies in Thermal Engineering,middle,diamond thermal conductivity substrate,2,1,24,core,T2,GaN-on-diamond,NONE,,N,,TRUE,affiliation country China: human export review required before any contact
Zifeng Huang,0009-0005-7397-9963,Integrated Optoelectronics (Norway),industry,NO,Direct Integration of Polycrystalline Diamond With 3C‐SiC for Enhanced Thermal Management in GaN HEMTs: Impact of Grain Structure and Interface Engineering,2025,https://doi.org/10.1002/admt.202500437,Advanced Materials Technologies,middle,GaN diamond thermal,2,1,24,core,T2,polycrystalline-CVD-diamond-wafer,A1,,N,,FALSE,
Hiroki Uratani,0000-0002-8411-3429,Air Water (Japan),industry,JP,Interfacial Reaction Boosts Thermal Conductance of Room‐Temperature Integrated Semiconductor Interfaces Stable up to 1100 °C,2024,https://doi.org/10.1002/aelm.202400387,Advanced Electronic Materials,middle,diamond thermal conductivity substrate,2,1,16,core,T4,NONE,NONE,,N,,FALSE,
Mingchuan Zhang,0000-0002-2523-1089,"Xiamen Sky Semiconductor Technology Company Ltd., Xiamen, China",industry,,Heterogeneous Integration of Diamond-on-Chip-on-Glass Interposer for Efficient Thermal Management,2024,https://doi.org/10.1109/led.2024.3351990,IEEE Electron Device Letters,middle,diamond heat spreader,2,1,16,core,T4,NONE,A2,,N,,FALSE,
Ran He,,Huawei Technologies (China),industry,CN,Heterogeneous Integration of Diamond-on-Chip-on-Glass Interposer for Efficient Thermal Management,2024,https://doi.org/10.1109/led.2024.3351990,IEEE Electron Device Letters,middle,diamond heat spreader,2,1,16,core,T4,NONE,A2,,N,,TRUE,affiliation country China: human export review required before any contact
Shuchao Bao,,Xiamen University of Technology,academic,CN,Heterogeneous Integration of Diamond-on-Chip-on-Glass Interposer for Efficient Thermal Management,2024,https://doi.org/10.1109/led.2024.3351990,IEEE Electron Device Letters,middle,diamond heat spreader,2,0,16,core,T4,NONE,A2,,N,,TRUE,affiliation country China: human export review required before any contact
Wenbiao Ruan,,"Xiamen Sky Semiconductor Technology Company Ltd., Xiamen, China",industry,,Heterogeneous Integration of Diamond-on-Chip-on-Glass Interposer for Efficient Thermal Management,2024,https://doi.org/10.1109/led.2024.3351990,IEEE Electron Device Letters,middle,diamond heat spreader,2,1,16,core,T4,NONE,A2,,N,,FALSE,
Yoshiki Sakaida,,Air Water (Japan),industry,JP,Interfacial Reaction Boosts Thermal Conductance of Room‐Temperature Integrated Semiconductor Interfaces Stable up to 1100 °C,2024,https://doi.org/10.1002/aelm.202400387,Advanced Electronic Materials,middle,diamond thermal conductivity substrate,2,1,16,core,T4,NONE,NONE,,N,,FALSE,
A. Lostetter,,Arkansas Power Electronics International,industry,US,Packaging of High Temperature 50 kW SiC Motor Drive Modules for Hybrid-Electric Vehicles,2026,https://doi.org/10.4071/001c.162677,IMAPSource Proceedings,middle,die attach thermal resistance,1,1,16,displacement,T4,NONE,A4,,N,,FALSE,
A. Mantooth,,University of Arkansas at Fayetteville,academic,US,Packaging of High Temperature 50 kW SiC Motor Drive Modules for Hybrid-Electric Vehicles,2026,https://doi.org/10.4071/001c.162677,IMAPSource Proceedings,middle,die attach thermal resistance,1,0,16,displacement,T4,NONE,A4,,N,,FALSE,
A. Pepato,0000-0002-7885-9654,Istituto Nazionale di Fisica Nucleare,academic,IT,Challenges of the DTT ECH Launchers and Options Under Study,2026,https://doi.org/10.1109/tps.2026.3692783,IEEE Transactions on Plasma Science,middle,power module baseplate thermal,1,0,16,displacement,T4,NONE,NONE,,N,,FALSE,
A. Salvitti,0000-0002-0195-758X,"National Agency for New Technologies, Energy and Sustainable Economic Development",academic,IT,Challenges of the DTT ECH Launchers and Options Under Study,2026,https://doi.org/10.1109/tps.2026.3692783,IEEE Transactions on Plasma Science,middle,power module baseplate thermal,1,0,16,displacement,T4,NONE,NONE,,N,,FALSE,
A. Simonetto,0000-0001-8827-8901,Institute for the Science and Technology of Plasmas,academic,IT,Challenges of the DTT ECH Launchers and Options Under Study,2026,https://doi.org/10.1109/tps.2026.3692783,IEEE Transactions on Plasma Science,middle,power module baseplate thermal,1,0,16,displacement,T4,NONE,NONE,,N,,FALSE,
Aaron Hardy,0000-0001-5056-2229,Fraunhofer USA,academic,US,Preliminary demonstration of diamond-GaN <i>p–n</i> diodes via grafting,2026,https://doi.org/10.1063/5.0309618,Applied Physics Letters,middle,GaN diamond thermal,1,0,16,core,T4,NONE,NONE,,N,,FALSE,
Aaron Vance,0000-0002-7770-5370,University of Wolverhampton,academic,GB,Process driven self-organisation in laser powder bed fusion of copper coated diamond,2026,https://doi.org/10.1016/j.diamond.2026.113591,Diamond and Related Materials,middle,copper diamond composite,1,0,16,core,T4,NONE,NONE,,N,,FALSE,
Abul Arafat,0000-0003-3232-4184,University of Wolverhampton,academic,GB,Process driven self-organisation in laser powder bed fusion of copper coated diamond,2026,https://doi.org/10.1016/j.diamond.2026.113591,Diamond and Related Materials,middle,copper diamond composite,1,0,16,core,T4,NONE,NONE,,N,,FALSE,
Afra Romano,,"National Agency for New Technologies, Energy and Sustainable Economic Development",academic,IT,Challenges of the DTT ECH Launchers and Options Under Study,2026,https://doi.org/10.1109/tps.2026.3692783,IEEE Transactions on Plasma Science,middle,power module baseplate thermal,1,0,16,displacement,T4,NONE,NONE,,N,,FALSE,
Ahmad Baroutaji,0000-0002-4717-1216,Prince Mohammad bin Fahd University,academic,SA,Process driven self-organisation in laser powder bed fusion of copper coated diamond,2026,https://doi.org/10.1016/j.diamond.2026.113591,Diamond and Related Materials,middle,copper diamond composite,1,0,16,core,T4,NONE,NONE,,N,,FALSE,
Alfredo Pagliaro,,Politecnico di Milano,academic,IT,Challenges of the DTT ECH Launchers and Options Under Study,2026,https://doi.org/10.1109/tps.2026.3692783,IEEE Transactions on Plasma Science,middle,power module baseplate thermal,1,0,16,displacement,T4,NONE,NONE,,N,,FALSE,
Arun Arjunan,0000-0001-5493-0957,University of Wolverhampton,academic,GB,Process driven self-organisation in laser powder bed fusion of copper coated diamond,2026,https://doi.org/10.1016/j.diamond.2026.113591,Diamond and Related Materials,middle,copper diamond composite,1,0,16,core,T4,NONE,NONE,,N,,FALSE,
Asif Khan,,University of South Carolina,academic,US,Enhanced Thermal Management in GaN Superlattice Castellated Field Effect Transistors,2026,https://doi.org/10.1109/led.2026.3696134,IEEE Electron Device Letters,middle,GaN diamond thermal,1,0,16,core,T4,NONE,NONE,,N,,FALSE,
B. Reese,,Arkansas Power Electronics International,industry,US,Packaging of High Temperature 50 kW SiC Motor Drive Modules for Hybrid-Electric Vehicles,2026,https://doi.org/10.4071/001c.162677,IMAPSource Proceedings,middle,die attach thermal resistance,1,1,16,displacement,T4,NONE,A4,,N,,FALSE,
B. Rowden,,University of Arkansas at Fayetteville,academic,US,Packaging of High Temperature 50 kW SiC Motor Drive Modules for Hybrid-Electric Vehicles,2026,https://doi.org/10.4071/001c.162677,IMAPSource Proceedings,middle,die attach thermal resistance,1,0,16,displacement,T4,NONE,A4,,N,,FALSE,
Bin Hou,,Xidian University,academic,CN,Record- low thermal boundary resistance of GaN-on-diamond structure with ultra-high bonding rate via surface reconstruction bonding technique,2026,https://doi.org/10.1016/j.jallcom.2026.186906,Journal of Alloys and Compounds,middle,GaN diamond thermal,1,0,16,core,T4,GaN-on-diamond,A1,,N,,TRUE,affiliation country China: human export review required before any contact
Bing Dai,,Harbin Institute of Technology,academic,CN,High-temperature stable growth of thick polycrystalline diamond film on GaN enabled by a SiNx/Si double interlayer,2026,https://doi.org/10.1016/j.diamond.2026.113769,Diamond and Related Materials,middle,diamond heat spreader,1,0,16,core,T4,polycrystalline-CVD-diamond-wafer,NONE,,N,,TRUE,affiliation country China: human export review required before any contact
Bing Wu,,Wuhan University,academic,CN,"Wafer Warpage of Silicon Interposer in Manufacturing Processes for High Density 2.5D Advanced Packaging: Causes, Measurement, Analysis and Optimization",2026,https://doi.org/10.1016/j.fmre.2026.05.008,Fundamental Research,middle,chiplet package thermal,1,0,16,displacement,T4,polycrystalline-CVD-diamond-wafer,A2,,N,,TRUE,affiliation country China: human export review required before any contact
Bingjun Wang,0000-0002-9682-7779,Chinese Academy of Sciences,academic,CN,Piezotronic probe modulates the piezoelectric-electric-thermal coupling field in GaN power electronics,2026,https://doi.org/10.1039/d5nh00772k,Nanoscale Horizons,middle,GaN HEMT thermal management,1,0,16,displacement,T4,NONE,NONE,,N,,TRUE,affiliation country China: human export review required before any contact
Bo Xu,0000-0003-3867-9648,Fiberhome Technology Group (China),industry,CN,Permutation-Equivariant Graph Reinforcement Learning for Thermal-Aware Microservice Scheduling in Co-Packaged Optics Data Centers,2026,https://doi.org/10.3390/sym18071182,Symmetry,middle,co-packaged optics thermal,1,1,16,displacement,T2,polycrystalline-CVD-diamond-wafer,A5,,N,,TRUE,affiliation country China: human export review required before any contact
Bong Gyu Shin,0000-0002-5368-2602,Sungkyunkwan University,academic,KR,"Advances and Future Challenges in Monolithic 3D Integrated Logic, Power, and Optoelectronics Technologies for Tightly Interconnected Intelligent Systems",2026,https://doi.org/10.1021/acsnano.5c15601,ACS Nano,middle,laser diode thermal management,1,0,16,displacement,T4,polycrystalline-CVD-diamond-wafer,A2,,N,,FALSE,
Boon S. Ooi,0000-0001-9606-5578,Rensselaer Polytechnic Institute,academic,US,Preliminary demonstration of diamond-GaN <i>p–n</i> diodes via grafting,2026,https://doi.org/10.1063/5.0309618,Applied Physics Letters,middle,GaN diamond thermal,1,0,16,core,T4,NONE,NONE,,N,,FALSE,
Byung‐Sung Kim,0000-0003-3084-6499,Samsung (South Korea),industry,KR,"Advances and Future Challenges in Monolithic 3D Integrated Logic, Power, and Optoelectronics Technologies for Tightly Interconnected Intelligent Systems",2026,https://doi.org/10.1021/acsnano.5c15601,ACS Nano,middle,laser diode thermal management,1,1,16,displacement,T2,polycrystalline-CVD-diamond-wafer,A2,,N,,FALSE,
C.T. Walker,,Oclaro (United Kingdom),industry,GB,Process driven self-organisation in laser powder bed fusion of copper coated diamond,2026,https://doi.org/10.1016/j.diamond.2026.113591,Diamond and Related Materials,middle,copper diamond composite,1,1,16,core,T4,NONE,NONE,,N,,FALSE,
Carlo Cesari,,Enel (Italy),industry,IT,Challenges of the DTT ECH Launchers and Options Under Study,2026,https://doi.org/10.1109/tps.2026.3692783,IEEE Transactions on Plasma Science,middle,power module baseplate thermal,1,1,16,displacement,T4,NONE,NONE,,N,,FALSE,
Chameekara T. Wanniarachchi,0000-0002-9421-2551,University of Wolverhampton,academic,GB,Process driven self-organisation in laser powder bed fusion of copper coated diamond,2026,https://doi.org/10.1016/j.diamond.2026.113591,Diamond and Related Materials,middle,copper diamond composite,1,0,16,core,T4,NONE,NONE,,N,,FALSE,
Changsoo Kim,0000-0002-5940-5649,Sungkyunkwan University,academic,KR,"Advances and Future Challenges in Monolithic 3D Integrated Logic, Power, and Optoelectronics Technologies for Tightly Interconnected Intelligent Systems",2026,https://doi.org/10.1021/acsnano.5c15601,ACS Nano,middle,laser diode thermal management,1,0,16,displacement,T4,polycrystalline-CVD-diamond-wafer,A2,,N,,FALSE,
Chao Chen,,Hefei University of Technology,academic,CN,Laser-Assisted Mass Transfer Technology for Microlight-Emitting Diodes,2026,https://doi.org/10.1007/s41871-025-00289-2,Nanomanufacturing and Metrology,middle,laser diode thermal management,1,0,16,displacement,T4,NONE,NONE,,N,,TRUE,affiliation country China: human export review required before any contact
Chao Yuan,0000-0002-1681-7694,Wuhan University,academic,CN,Investigation of N-polar GaN-diamond heterogeneous integration enabled by in-situ sputtered aluminum nitride interlayer,2026,https://doi.org/10.1016/j.diamond.2026.113310,Diamond and Related Materials,middle,diamond thermal conductivity substrate,1,0,16,core,T4,GaN-on-diamond,A2,,N,,TRUE,affiliation country China: human export review required before any contact
Chao Yuan,,Wuhan University,academic,CN,Record- low thermal boundary resistance of GaN-on-diamond structure with ultra-high bonding rate via surface reconstruction bonding technique,2026,https://doi.org/10.1016/j.jallcom.2026.186906,Journal of Alloys and Compounds,middle,GaN diamond thermal,1,0,16,core,T4,GaN-on-diamond,A1,,N,,TRUE,affiliation country China: human export review required before any contact
Chen Li,,Tongfu Microelectronics (China),industry,CN,Research on Intelligent Thermal Optimization for Chiplet-Based Heterogeneously Integrated AI Chip Embedded with Leaf-Vein-Inspired Fractal Microchannels,2026,https://doi.org/10.3390/ma19040679,Materials,middle,chiplet package thermal,1,1,16,displacement,T2,polycrystalline-CVD-diamond-wafer,A2,,N,,TRUE,affiliation country China: human export review required before any contact
Chen-Yi Dai,,Beijing Microelectronics Technology Institute,academic,CN,β-Ga2O3 diodes with ultra-high surge current enabled by Ag/AMB-AlN flip-chip packaging,2026,https://doi.org/10.1016/j.jnlest.2026.100347,Journal of Electronic Science and Technology,middle,wide bandgap power device packaging,1,0,16,displacement,T4,NONE,NONE,,N,,TRUE,affiliation country China: human export review required before any contact
Chenyu Wang,0000-0003-1250-9317,"University at Buffalo, State University of New York",academic,US,Preliminary demonstration of diamond-GaN <i>p–n</i> diodes via grafting,2026,https://doi.org/10.1063/5.0309618,Applied Physics Letters,middle,GaN diamond thermal,1,0,16,core,T4,NONE,NONE,,N,,FALSE,
Ching-Ping Wong,,Georgia Institute of Technology,academic,US,"Wafer Warpage of Silicon Interposer in Manufacturing Processes for High Density 2.5D Advanced Packaging: Causes, Measurement, Analysis and Optimization",2026,https://doi.org/10.1016/j.fmre.2026.05.008,Fundamental Research,middle,chiplet package thermal,1,0,16,displacement,T4,polycrystalline-CVD-diamond-wafer,A2,,N,,FALSE,
Chuantong Chen,0000-0002-2365-4387,The University of Osaka,academic,JP,Study on interfacial mechanism of Ag–Si immiscible sintering for robust migration inhibition,2026,https://doi.org/10.1016/j.matdes.2026.116125,Materials & Design,middle,die attach thermal resistance,1,0,16,displacement,T4,NONE,NONE,,N,,FALSE,
Connor S. Bailey,0000-0001-7036-5425,Northrop Grumman (United States),industry,US,Preliminary demonstration of diamond-GaN <i>p–n</i> diodes via grafting,2026,https://doi.org/10.1063/5.0309618,Applied Physics Letters,middle,GaN diamond thermal,1,1,16,core,T4,NONE,NONE,,N,,FALSE,
Daniele Busi,0000-0003-1427-8954,Politecnico di Milano,academic,IT,Challenges of the DTT ECH Launchers and Options Under Study,2026,https://doi.org/10.1109/tps.2026.3692783,IEEE Transactions on Plasma Science,middle,power module baseplate thermal,1,0,16,displacement,T4,NONE,NONE,,N,,FALSE,
Dat Q. Tran,,Linköping University,academic,SE,Impact of AlN buffer thickness on electrical and thermal characteristics of AlGaN/GaN/AlN HEMTs,2026,https://doi.org/10.1063/5.0310464,Applied Physics Letters,middle,GaN HEMT thermal management,1,0,16,displacement,T4,NONE,A1,,N,,FALSE,
Deockho Kim,,Korea Electric Power Corporation (South Korea),industry,KR,Thermal-Stress-Induced Degradation Monitoring and Deep-Neural-Network-Driven Lifetime Prediction of IGBT Modules in a Two-Level SVPWM Inverter,2026,https://doi.org/10.3390/electronics15081678,Electronics,middle,IGBT module thermal fatigue,1,1,16,displacement,T2,copper-diamond-composite,A4,,N,,FALSE,
Dingwen Tong,0009-0006-5586-6102,Precision Research (United States),industry,US,Laser-Assisted Mass Transfer Technology for Microlight-Emitting Diodes,2026,https://doi.org/10.1007/s41871-025-00289-2,Nanomanufacturing and Metrology,middle,laser diode thermal management,1,1,16,displacement,T4,NONE,NONE,,N,,FALSE,
Donglin Cao,0000-0003-3100-4752,Harbin Institute of Technology,academic,CN,High-temperature stable growth of thick polycrystalline diamond film on GaN enabled by a SiNx/Si double interlayer,2026,https://doi.org/10.1016/j.diamond.2026.113769,Diamond and Related Materials,middle,diamond heat spreader,1,0,16,core,T4,polycrystalline-CVD-diamond-wafer,NONE,,N,,TRUE,affiliation country China: human export review required before any contact
Edsger C. P. Smits,0009-0009-4790-0923,Netherlands Organisation for Applied Scientific Research,academic,NL,Co-packaged electronics with microfluidics for direct-to-package cooling,2026,https://doi.org/10.1038/s44172-026-00620-9,Communications Engineering,middle,chiplet package thermal,1,0,16,displacement,T4,NONE,NONE,,N,,FALSE,
Eleonora Gajetti,0000-0003-1250-7223,Politecnico di Torino,academic,IT,Challenges of the DTT ECH Launchers and Options Under Study,2026,https://doi.org/10.1109/tps.2026.3692783,IEEE Transactions on Plasma Science,middle,power module baseplate thermal,1,0,16,displacement,T4,NONE,NONE,,N,,FALSE,
F. Fanale,0000-0002-4419-5722,Institute for the Science and Technology of Plasmas,academic,IT,Challenges of the DTT ECH Launchers and Options Under Study,2026,https://doi.org/10.1109/tps.2026.3692783,IEEE Transactions on Plasma Science,middle,power module baseplate thermal,1,0,16,displacement,T4,NONE,NONE,,N,,FALSE,
Fuming Fan,,Fiberhome Technology Group (China),industry,CN,Permutation-Equivariant Graph Reinforcement Learning for Thermal-Aware Microservice Scheduling in Co-Packaged Optics Data Centers,2026,https://doi.org/10.3390/sym18071182,Symmetry,middle,co-packaged optics thermal,1,1,16,displacement,T2,polycrystalline-CVD-diamond-wafer,A5,,N,,TRUE,affiliation country China: human export review required before any contact
G. Granucci,0000-0002-6958-7028,Institute for the Science and Technology of Plasmas,academic,IT,Challenges of the DTT ECH Launchers and Options Under Study,2026,https://doi.org/10.1109/tps.2026.3692783,IEEE Transactions on Plasma Science,middle,power module baseplate thermal,1,0,16,displacement,T4,NONE,NONE,,N,,FALSE,
Gaoming Xiang,0000-0002-3789-1789,University of Jinan,academic,CN,Tremella‐Inspired Wrinkled 1T‐MoS <sub>2</sub> @BN for Efficient Thermal Management and Microwave Absorption,2026,https://doi.org/10.1002/adfm.75355,Advanced Functional Materials,middle,near-junction thermal management,1,0,16,displacement,T4,NONE,NONE,,N,,TRUE,affiliation country China: human export review required before any contact
George Przybylek,,Sony (Taiwan),industry,TW,Wirebondability and Solderability of NiAu Electroless Front Side Metalized Silicon Wafers Subjected to High Temperature Back End Assembly Process Flows,2026,https://doi.org/10.4071/001c.164932,IMAPSource Proceedings,middle,die attach thermal resistance,1,1,16,displacement,T4,NONE,NONE,,N,,FALSE,
Giacomo Favero,0000-0001-5325-9313,Istituto Nazionale di Fisica Nucleare,academic,IT,Challenges of the DTT ECH Launchers and Options Under Study,2026,https://doi.org/10.1109/tps.2026.3692783,IEEE Transactions on Plasma Science,middle,power module baseplate thermal,1,0,16,displacement,T4,NONE,NONE,,N,,FALSE,
Guangmou Cao,,Tiangong University,academic,CN,Bicyclic Structure–Induced Crystallization Suppression in Bio‐Based Long‐Chain Polyamide Toward Simultaneous Toughening and High Optical Transparency,2026,https://doi.org/10.1002/pola.70205,Journal of Polymer Science,middle,co-packaged optics thermal,1,0,16,displacement,T4,NONE,NONE,,N,,TRUE,affiliation country China: human export review required before any contact
Guangwei Weng,,Guizhou University,academic,CN,Battery-like asymmetric supercapacitors from vertically aligned Ni5P4/Ni2P nanosheets coated conductive diamond: Design and demonstrator,2026,https://doi.org/10.1016/j.est.2026.123764,Journal of Energy Storage,middle,diamond thermal conductivity substrate,1,0,16,core,T4,NONE,NONE,,N,,TRUE,affiliation country China: human export review required before any contact
Guibin Liu,,Nanjing University of Posts and Telecommunications,academic,CN,Research on Intelligent Thermal Optimization for Chiplet-Based Heterogeneously Integrated AI Chip Embedded with Leaf-Vein-Inspired Fractal Microchannels,2026,https://doi.org/10.3390/ma19040679,Materials,middle,chiplet package thermal,1,0,16,displacement,T4,polycrystalline-CVD-diamond-wafer,A2,,N,,TRUE,affiliation country China: human export review required before any contact
Guodong Zhang,,Taiwan Semiconductor Manufacturing Company (China),industry,CN,"Microscopic Mechanism of Glass Surface Activation, Annealing and Etching on Glass–Ti/Cu Interfacial Adhesion",2026,https://doi.org/10.3390/mi17070836,Micromachines,middle,chiplet package thermal,1,1,16,displacement,T4,NONE,NONE,,N,,TRUE,affiliation country China: human export review required before any contact
Guoliang Ma,0009-0008-9535-1976,Wuhan University,academic,CN,Investigation of N-polar GaN-diamond heterogeneous integration enabled by in-situ sputtered aluminum nitride interlayer,2026,https://doi.org/10.1016/j.diamond.2026.113310,Diamond and Related Materials,middle,diamond thermal conductivity substrate,1,0,16,core,T4,GaN-on-diamond,A2,,N,,TRUE,affiliation country China: human export review required before any contact
Guoling Peng,,Central South University,academic,CN,Synergistic optimization of plasma uniformity and active species density in MPCVD systems: A study based on multiphysics simulation and response surface methodology,2026,https://doi.org/10.1016/j.vacuum.2026.115568,Vacuum,middle,single crystal diamond MPCVD,1,0,16,core,T4,single-crystal-CVD-diamond-plate,NONE,,N,,TRUE,affiliation country China: human export review required before any contact
Guoshang Zhang,,Henan Academy of Sciences,academic,CN,Effect of carbide interface layer construction on the interface structure and thermal conductivity of diamond/copper composites,2026,https://doi.org/10.1016/j.ijrmhm.2026.107849,International Journal of Refractory Metals and Hard Materials,middle,copper diamond composite,1,0,16,core,T4,NONE,NONE,,N,,TRUE,affiliation country China: human export review required before any contact
Gyumin Kim,,Ulsan National Institute of Science and Technology,academic,KR,"Advances and Future Challenges in Monolithic 3D Integrated Logic, Power, and Optoelectronics Technologies for Tightly Interconnected Intelligent Systems",2026,https://doi.org/10.1021/acsnano.5c15601,ACS Nano,middle,laser diode thermal management,1,0,16,displacement,T4,polycrystalline-CVD-diamond-wafer,A2,,N,,FALSE,
Gábor Farkas,0000-0002-9537-9695,Siemens (Germany),industry,DE,Improved Thermal Transient Testing of Wide Bandgap Devices with Extremely Low Channel Resistance,2026,https://doi.org/10.3390/en19112678,Energies,middle,wide bandgap power device packaging,1,1,16,displacement,T4,NONE,NONE,,N,,FALSE,
H Zhang,,Advanced Optical Systems (United States),industry,US,Synergistic optimization of plasma uniformity and active species density in MPCVD systems: A study based on multiphysics simulation and response surface methodology,2026,https://doi.org/10.1016/j.vacuum.2026.115568,Vacuum,middle,single crystal diamond MPCVD,1,1,16,core,T2,single-crystal-CVD-diamond-plate,NONE,,N,,FALSE,
H. Yu,,University of Jinan,academic,CN,Tremella‐Inspired Wrinkled 1T‐MoS <sub>2</sub> @BN for Efficient Thermal Management and Microwave Absorption,2026,https://doi.org/10.1002/adfm.75355,Advanced Functional Materials,middle,near-junction thermal management,1,0,16,displacement,T4,NONE,NONE,,N,,TRUE,affiliation country China: human export review required before any contact
Haiding Sun,,University of Science and Technology of China,academic,CN,Rapid Forecast of Device Transient Temperature Response at Wafer Level Through Transducer-Less Thermoreflectance Technique,2026,https://doi.org/10.1109/ted.2026.3669874,IEEE Transactions on Electron Devices,middle,GaN HEMT thermal management,1,0,16,displacement,T4,polycrystalline-CVD-diamond-wafer,NONE,,N,,TRUE,affiliation country China: human export review required before any contact
Hanggyo Jung,0000-0002-6009-5254,Ulsan National Institute of Science and Technology,academic,KR,"Advances and Future Challenges in Monolithic 3D Integrated Logic, Power, and Optoelectronics Technologies for Tightly Interconnected Intelligent Systems",2026,https://doi.org/10.1021/acsnano.5c15601,ACS Nano,middle,laser diode thermal management,1,0,16,displacement,T4,polycrystalline-CVD-diamond-wafer,A2,,N,,FALSE,
Hao Lu,,Xidian University,academic,CN,Record- low thermal boundary resistance of GaN-on-diamond structure with ultra-high bonding rate via surface reconstruction bonding technique,2026,https://doi.org/10.1016/j.jallcom.2026.186906,Journal of Alloys and Compounds,middle,GaN diamond thermal,1,0,16,core,T4,GaN-on-diamond,A1,,N,,TRUE,affiliation country China: human export review required before any contact
Hao Zhang,0000-0002-5765-940X,Taiwan Semiconductor Manufacturing Company (China),industry,CN,Towards power device packaging: Development of Cu-Au 10min direct bonding to replace sintered Ag paste using high interface density surface activation layers,2026,https://doi.org/10.1016/j.msea.2026.149812,Materials Science and Engineering A,middle,wide bandgap power device packaging,1,1,16,displacement,T4,NONE,NONE,,N,,TRUE,affiliation country China: human export review required before any contact
Haochen Zhang,,University of Science and Technology of China,academic,CN,Rapid Forecast of Device Transient Temperature Response at Wafer Level Through Transducer-Less Thermoreflectance Technique,2026,https://doi.org/10.1109/ted.2026.3669874,IEEE Transactions on Electron Devices,middle,GaN HEMT thermal management,1,0,16,displacement,T4,polycrystalline-CVD-diamond-wafer,NONE,,N,,TRUE,affiliation country China: human export review required before any contact
Haochen Zhang,,Wind Power Engineering (Japan),industry,JP,High-efficiency power electronic devices based on wide-bandgap semiconductor materials,2026,https://doi.org/10.1007/s43236-026-01335-y,Journal of Power Electronics,middle,wide bandgap power device packaging,1,1,16,displacement,T4,NONE,NONE,,N,,FALSE,
Haolun Sun,0009-0003-1237-2979,Xidian University,academic,CN,Record- low thermal boundary resistance of GaN-on-diamond structure with ultra-high bonding rate via surface reconstruction bonding technique,2026,https://doi.org/10.1016/j.jallcom.2026.186906,Journal of Alloys and Compounds,middle,GaN diamond thermal,1,0,16,core,T4,GaN-on-diamond,A1,,N,,TRUE,affiliation country China: human export review required before any contact
Haomeng Ma,,Tiangong University,academic,CN,Bicyclic Structure–Induced Crystallization Suppression in Bio‐Based Long‐Chain Polyamide Toward Simultaneous Toughening and High Optical Transparency,2026,https://doi.org/10.1002/pola.70205,Journal of Polymer Science,middle,co-packaged optics thermal,1,0,16,displacement,T4,NONE,NONE,,N,,TRUE,affiliation country China: human export review required before any contact
Haonan Zhang,0000-0001-9470-5308,Harbin Institute of Technology,academic,CN,Modeling optimization and experimental verification of inch-scale heteroepitaxial single-crystal diamond nucleation with 915 MHz MPCVD,2026,https://doi.org/10.1016/j.vacuum.2026.115618,Vacuum,middle,single crystal diamond MPCVD,1,0,16,core,T4,single-crystal-CVD-diamond-plate,NONE,,N,,TRUE,affiliation country China: human export review required before any contact
Haoran Wu,,Henan Academy of Sciences,academic,CN,Effect of carbide interface layer construction on the interface structure and thermal conductivity of diamond/copper composites,2026,https://doi.org/10.1016/j.ijrmhm.2026.107849,International Journal of Refractory Metals and Hard Materials,middle,copper diamond composite,1,0,16,core,T4,NONE,NONE,,N,,TRUE,affiliation country China: human export review required before any contact
Haoran Zuo,0009-0007-1585-7807,Huazhong University of Science and Technology,academic,CN,Permutation-Equivariant Graph Reinforcement Learning for Thermal-Aware Microservice Scheduling in Co-Packaged Optics Data Centers,2026,https://doi.org/10.3390/sym18071182,Symmetry,middle,co-packaged optics thermal,1,0,16,displacement,T4,polycrystalline-CVD-diamond-wafer,A5,,N,,TRUE,affiliation country China: human export review required before any contact
Heechun Park,0000-0003-2796-518X,Ulsan National Institute of Science and Technology,academic,KR,"Advances and Future Challenges in Monolithic 3D Integrated Logic, Power, and Optoelectronics Technologies for Tightly Interconnected Intelligent Systems",2026,https://doi.org/10.1021/acsnano.5c15601,ACS Nano,middle,laser diode thermal management,1,0,16,displacement,T4,polycrystalline-CVD-diamond-wafer,A2,,N,,FALSE,
Heng Luo,0000-0001-8805-9813,Central South University,academic,CN,Synergistic optimization of plasma uniformity and active species density in MPCVD systems: A study based on multiphysics simulation and response surface methodology,2026,https://doi.org/10.1016/j.vacuum.2026.115568,Vacuum,middle,single crystal diamond MPCVD,1,0,16,core,T4,single-crystal-CVD-diamond-plate,NONE,,N,,TRUE,affiliation country China: human export review required before any contact
Hiroki Kobayashi,0000-0003-3597-1328,NGK Spark Plug (Japan),industry,JP,Epitaxial growth and characterization of AlGaN/GaN HEMT structures on 4 inch directly bonded GaN/SiC substrates,2026,https://doi.org/10.35848/1347-4065/ae6c7c,Japanese Journal of Applied Physics,middle,thermal boundary resistance GaN,1,1,16,displacement,T4,NONE,A1,,N,,FALSE,
Hiroshi Nishikawa,,The University of Osaka,academic,JP,Study on interfacial mechanism of Ag–Si immiscible sintering for robust migration inhibition,2026,https://doi.org/10.1016/j.matdes.2026.116125,Materials & Design,middle,die attach thermal resistance,1,0,16,displacement,T4,NONE,NONE,,N,,FALSE,
Hongda Zhu,,Harbin Institute of Technology,academic,CN,High-temperature stable growth of thick polycrystalline diamond film on GaN enabled by a SiNx/Si double interlayer,2026,https://doi.org/10.1016/j.diamond.2026.113769,Diamond and Related Materials,middle,diamond heat spreader,1,0,16,core,T4,polycrystalline-CVD-diamond-wafer,NONE,,N,,TRUE,affiliation country China: human export review required before any contact
Hongfei Zhang,,Henan Academy of Sciences,academic,CN,Effect of carbide interface layer construction on the interface structure and thermal conductivity of diamond/copper composites,2026,https://doi.org/10.1016/j.ijrmhm.2026.107849,International Journal of Refractory Metals and Hard Materials,middle,copper diamond composite,1,0,16,core,T4,NONE,NONE,,N,,TRUE,affiliation country China: human export review required before any contact
Hoon Hahn Yoon,0000-0002-4081-3343,Gwangju Institute of Science and Technology,academic,KR,"Advances and Future Challenges in Monolithic 3D Integrated Logic, Power, and Optoelectronics Technologies for Tightly Interconnected Intelligent Systems",2026,https://doi.org/10.1021/acsnano.5c15601,ACS Nano,middle,laser diode thermal management,1,0,16,displacement,T4,polycrystalline-CVD-diamond-wafer,A2,,N,,FALSE,
Hua Hong,0000-0001-8966-0846,Southeast University,academic,CN,"Microscopic Mechanism of Glass Surface Activation, Annealing and Etching on Glass–Ti/Cu Interfacial Adhesion",2026,https://doi.org/10.3390/mi17070836,Micromachines,middle,chiplet package thermal,1,0,16,displacement,T4,NONE,NONE,,N,,TRUE,affiliation country China: human export review required before any contact
Huaixin Guo,0000-0003-0702-8180,Collaborative Innovation Center of Advanced Microstructures,academic,CN,Extracting deeply buried thermal resistance in Au/Au-bonded thick Si-on-diamond,2026,https://doi.org/10.1063/5.0314427,Applied Physics Letters,middle,diamond heat spreader,1,0,16,core,T4,NONE,NONE,,N,,TRUE,affiliation country China: human export review required before any contact
Huanwei Duan,,Central South University,academic,CN,Synergistic optimization of plasma uniformity and active species density in MPCVD systems: A study based on multiphysics simulation and response surface methodology,2026,https://doi.org/10.1016/j.vacuum.2026.115568,Vacuum,middle,single crystal diamond MPCVD,1,0,16,core,T4,single-crystal-CVD-diamond-plate,NONE,,N,,TRUE,affiliation country China: human export review required before any contact
Hui Li,0000-0001-9198-3951,Tiangong University,academic,CN,Bicyclic Structure–Induced Crystallization Suppression in Bio‐Based Long‐Chain Polyamide Toward Simultaneous Toughening and High Optical Transparency,2026,https://doi.org/10.1002/pola.70205,Journal of Polymer Science,middle,co-packaged optics thermal,1,0,16,displacement,T4,NONE,NONE,,N,,TRUE,affiliation country China: human export review required before any contact
Huiyu Xu,,Harbin Institute of Technology,academic,CN,Extracting deeply buried thermal resistance in Au/Au-bonded thick Si-on-diamond,2026,https://doi.org/10.1063/5.0314427,Applied Physics Letters,middle,diamond heat spreader,1,0,16,core,T4,NONE,NONE,,N,,TRUE,affiliation country China: human export review required before any contact
Hyung-Jun Kim,,Blue Cross and Blue Shield of Kansas City,academic,US,"Advances and Future Challenges in Monolithic 3D Integrated Logic, Power, and Optoelectronics Technologies for Tightly Interconnected Intelligent Systems",2026,https://doi.org/10.1021/acsnano.5c15601,ACS Nano,middle,laser diode thermal management,1,0,16,displacement,T4,polycrystalline-CVD-diamond-wafer,A2,,N,,FALSE,
Hyungwoo Kim,0000-0002-5727-4892,Blue Cross and Blue Shield of Kansas City,academic,US,"Advances and Future Challenges in Monolithic 3D Integrated Logic, Power, and Optoelectronics Technologies for Tightly Interconnected Intelligent Systems",2026,https://doi.org/10.1021/acsnano.5c15601,ACS Nano,middle,laser diode thermal management,1,0,16,displacement,T4,polycrystalline-CVD-diamond-wafer,A2,,N,,FALSE,
Ilyong Lee,,Korea Electric Power Corporation (South Korea),industry,KR,Thermal-Stress-Induced Degradation Monitoring and Deep-Neural-Network-Driven Lifetime Prediction of IGBT Modules in a Two-Level SVPWM Inverter,2026,https://doi.org/10.3390/electronics15081678,Electronics,middle,IGBT module thermal fatigue,1,1,16,displacement,T2,copper-diamond-composite,A4,,N,,FALSE,
InSoo Kim,,Hyundai Research Institute,academic,KR,Thermal Optimization and Cooling-Channel Design for a 2-kW Fiber-Laser Cold Plate Considering Distributed Heat Sources and Mechanical Integration Constraints,2026,https://doi.org/10.9766/kimst.2026.29.4.423,Journal of the Korea Institute of Military Science and Technology,middle,laser diode thermal management,1,0,16,displacement,T4,NONE,NONE,,N,,FALSE,
J I A H U I Wu,,Yangtze University,academic,CN,Simultaneous Measurement of the Thermal Boundary Resistance and Thermal Conductivity of Die-Attach Materials in Sandwich Structures via Multiwavelength Transient Thermoreflectance,2026,https://doi.org/10.1021/acsaelm.6c00280,ACS Applied Electronic Materials,middle,die attach thermal resistance,1,0,16,displacement,T4,NONE,NONE,,N,,TRUE,affiliation country China: human export review required before any contact
J. Balda,,University of Arkansas at Fayetteville,academic,US,Packaging of High Temperature 50 kW SiC Motor Drive Modules for Hybrid-Electric Vehicles,2026,https://doi.org/10.4071/001c.162677,IMAPSource Proceedings,middle,die attach thermal resistance,1,0,16,displacement,T4,NONE,A4,,N,,FALSE,
J. Bourne,,Arkansas Power Electronics International,industry,US,Packaging of High Temperature 50 kW SiC Motor Drive Modules for Hybrid-Electric Vehicles,2026,https://doi.org/10.4071/001c.162677,IMAPSource Proceedings,middle,die attach thermal resistance,1,1,16,displacement,T4,NONE,A4,,N,,FALSE,
J. C. Liu,,Chinese Academy of Sciences,academic,CN,Towards power device packaging: Development of Cu-Au 10min direct bonding to replace sintered Ag paste using high interface density surface activation layers,2026,https://doi.org/10.1016/j.msea.2026.149812,Materials Science and Engineering A,middle,wide bandgap power device packaging,1,0,16,displacement,T4,NONE,NONE,,N,,TRUE,affiliation country China: human export review required before any contact
J. Hornberger,,Arkansas Power Electronics International,industry,US,Packaging of High Temperature 50 kW SiC Motor Drive Modules for Hybrid-Electric Vehicles,2026,https://doi.org/10.4071/001c.162677,IMAPSource Proceedings,middle,die attach thermal resistance,1,1,16,displacement,T4,NONE,A4,,N,,FALSE,
J. W. Bae,0000-0002-8947-0628,Sungkyunkwan University,academic,KR,"Advances and Future Challenges in Monolithic 3D Integrated Logic, Power, and Optoelectronics Technologies for Tightly Interconnected Intelligent Systems",2026,https://doi.org/10.1021/acsnano.5c15601,ACS Nano,middle,laser diode thermal management,1,0,16,displacement,T4,polycrystalline-CVD-diamond-wafer,A2,,N,,FALSE,
J.J. Kim,0009-0005-1714-4021,Sungkyunkwan University,academic,KR,"Advances and Future Challenges in Monolithic 3D Integrated Logic, Power, and Optoelectronics Technologies for Tightly Interconnected Intelligent Systems",2026,https://doi.org/10.1021/acsnano.5c15601,ACS Nano,middle,laser diode thermal management,1,0,16,displacement,T4,polycrystalline-CVD-diamond-wafer,A2,,N,,FALSE,
Jae-Hoon Han,,Korea Institute of Science and Technology,academic,KR,"Advances and Future Challenges in Monolithic 3D Integrated Logic, Power, and Optoelectronics Technologies for Tightly Interconnected Intelligent Systems",2026,https://doi.org/10.1021/acsnano.5c15601,ACS Nano,middle,laser diode thermal management,1,0,16,displacement,T4,polycrystalline-CVD-diamond-wafer,A2,,N,,FALSE,
Jaehyun Lee,0000-0001-7384-7075,Korea Advanced Institute of Science and Technology,academic,KR,"Advances and Future Challenges in Monolithic 3D Integrated Logic, Power, and Optoelectronics Technologies for Tightly Interconnected Intelligent Systems",2026,https://doi.org/10.1021/acsnano.5c15601,ACS Nano,middle,laser diode thermal management,1,0,16,displacement,T4,polycrystalline-CVD-diamond-wafer,A2,,N,,FALSE,
Jaeyong Jeong,,Korea Advanced Institute of Science and Technology,academic,KR,"Advances and Future Challenges in Monolithic 3D Integrated Logic, Power, and Optoelectronics Technologies for Tightly Interconnected Intelligent Systems",2026,https://doi.org/10.1021/acsnano.5c15601,ACS Nano,middle,laser diode thermal management,1,0,16,displacement,T4,polycrystalline-CVD-diamond-wafer,A2,,N,,FALSE,
Jagori Raychaudhuri,0000-0003-0117-6764,University of Bristol,academic,GB,Enhanced Thermal Management in GaN Superlattice Castellated Field Effect Transistors,2026,https://doi.org/10.1109/led.2026.3696134,IEEE Electron Device Letters,middle,GaN diamond thermal,1,0,16,core,T4,NONE,NONE,,N,,FALSE,
Jiacheng Lyu,,Zhejiang University,academic,CN,Effect of coupled/decoupled turbine guide vanes on reverse-flow combustor and mechanisms of bend-induced hot-streak bias,2026,https://doi.org/10.1016/j.ast.2026.112490,Aerospace Science and Technology,middle,near-junction thermal management,1,0,16,displacement,T4,NONE,NONE,,N,,TRUE,affiliation country China: human export review required before any contact
Jian Dong,0000-0001-6143-2980,University of Jinan,academic,CN,Tremella‐Inspired Wrinkled 1T‐MoS <sub>2</sub> @BN for Efficient Thermal Management and Microwave Absorption,2026,https://doi.org/10.1002/adfm.75355,Advanced Functional Materials,middle,near-junction thermal management,1,0,16,displacement,T4,NONE,NONE,,N,,TRUE,affiliation country China: human export review required before any contact
Jian Liu,,Shandong University,academic,CN,Dielectric properties of high-temperature resistant semi-alicyclic polyimides: Research and application exploration in power devices,2026,https://doi.org/10.1016/j.cej.2026.173496,Chemical Engineering Journal,middle,wide bandgap power device packaging,1,0,16,displacement,T4,NONE,NONE,,N,,TRUE,affiliation country China: human export review required before any contact
Jiangwen Wang,0000-0003-4276-9822,Chinese Academy of Sciences,academic,CN,Piezotronic probe modulates the piezoelectric-electric-thermal coupling field in GaN power electronics,2026,https://doi.org/10.1039/d5nh00772k,Nanoscale Horizons,middle,GaN HEMT thermal management,1,0,16,displacement,T4,NONE,NONE,,N,,TRUE,affiliation country China: human export review required before any contact
Jiaojing Shao,,Guizhou University,academic,CN,Battery-like asymmetric supercapacitors from vertically aligned Ni5P4/Ni2P nanosheets coated conductive diamond: Design and demonstrator,2026,https://doi.org/10.1016/j.est.2026.123764,Journal of Energy Storage,middle,diamond thermal conductivity substrate,1,0,16,core,T4,NONE,NONE,,N,,TRUE,affiliation country China: human export review required before any contact
Jiaqi Zhu,,Harbin Institute of Technology,academic,CN,Extracting deeply buried thermal resistance in Au/Au-bonded thick Si-on-diamond,2026,https://doi.org/10.1063/5.0314427,Applied Physics Letters,middle,diamond heat spreader,1,0,16,core,T4,NONE,NONE,,N,,TRUE,affiliation country China: human export review required before any contact
Jimin Kwon,,Samsung (South Korea),industry,KR,"Advances and Future Challenges in Monolithic 3D Integrated Logic, Power, and Optoelectronics Technologies for Tightly Interconnected Intelligent Systems",2026,https://doi.org/10.1021/acsnano.5c15601,ACS Nano,middle,laser diode thermal management,1,1,16,displacement,T2,polycrystalline-CVD-diamond-wafer,A2,,N,,FALSE,
Jinchao Tong,,Fudan University,academic,CN,Synergistic optimization of plasma uniformity and active species density in MPCVD systems: A study based on multiphysics simulation and response surface methodology,2026,https://doi.org/10.1016/j.vacuum.2026.115568,Vacuum,middle,single crystal diamond MPCVD,1,0,16,core,T4,single-crystal-CVD-diamond-plate,NONE,,N,,TRUE,affiliation country China: human export review required before any contact
Jinfeng Han,,Zhengzhou University,academic,CN,Effect of carbide interface layer construction on the interface structure and thermal conductivity of diamond/copper composites,2026,https://doi.org/10.1016/j.ijrmhm.2026.107849,International Journal of Refractory Metals and Hard Materials,middle,copper diamond composite,1,0,16,core,T4,NONE,NONE,,N,,TRUE,affiliation country China: human export review required before any contact
Jingxin Li,,Central South University,academic,CN,Thermal transport mechanisms of copper/diamond composites fabricated by micro-alloying powder metallurgy,2026,https://doi.org/10.1016/j.carbon.2026.121739,Carbon,middle,copper diamond composite,1,0,16,core,T4,NONE,NONE,,N,,TRUE,affiliation country China: human export review required before any contact
Jingxuan Yang,,Southeast University,academic,CN,"Microscopic Mechanism of Glass Surface Activation, Annealing and Etching on Glass–Ti/Cu Interfacial Adhesion",2026,https://doi.org/10.3390/mi17070836,Micromachines,middle,chiplet package thermal,1,0,16,displacement,T4,NONE,NONE,,N,,TRUE,affiliation country China: human export review required before any contact
Jinkyoung Yoo,0000-0002-9578-6979,Los Alamos National Laboratory,academic,US,"Advances and Future Challenges in Monolithic 3D Integrated Logic, Power, and Optoelectronics Technologies for Tightly Interconnected Intelligent Systems",2026,https://doi.org/10.1021/acsnano.5c15601,ACS Nano,middle,laser diode thermal management,1,0,16,displacement,T4,polycrystalline-CVD-diamond-wafer,A2,,N,,FALSE,
Jiwen Zhao,,Harbin Institute of Technology,academic,CN,Extracting deeply buried thermal resistance in Au/Au-bonded thick Si-on-diamond,2026,https://doi.org/10.1063/5.0314427,Applied Physics Letters,middle,diamond heat spreader,1,0,16,core,T4,NONE,NONE,,N,,TRUE,affiliation country China: human export review required before any contact
Jiwen Zhao,,Harbin Institute of Technology,academic,CN,High-temperature stable growth of thick polycrystalline diamond film on GaN enabled by a SiNx/Si double interlayer,2026,https://doi.org/10.1016/j.diamond.2026.113769,Diamond and Related Materials,middle,diamond heat spreader,1,0,16,core,T4,polycrystalline-CVD-diamond-wafer,NONE,,N,,TRUE,affiliation country China: human export review required before any contact
Jiwook Kwon,,Samsung (South Korea),industry,KR,"Advances and Future Challenges in Monolithic 3D Integrated Logic, Power, and Optoelectronics Technologies for Tightly Interconnected Intelligent Systems",2026,https://doi.org/10.1021/acsnano.5c15601,ACS Nano,middle,laser diode thermal management,1,1,16,displacement,T2,polycrystalline-CVD-diamond-wafer,A2,,N,,FALSE,
Joan M. Redwing,0000-0002-7906-452X,Pennsylvania State University,academic,US,High thermal boundary conductance across a GaN/SiC interface characterized via signal-ratio-based dual-frequency time-domain thermoreflectance,2026,https://doi.org/10.1063/5.0303711,Journal of Applied Physics,middle,thermal boundary resistance GaN,1,0,16,displacement,T4,GaN-on-diamond,A1,,N,,FALSE,
Johannes Seltsam,,Siemens (Germany),industry,DE,Long term transformation of Cu / Sn intermetallic compounds in large solder joints,2026,https://doi.org/10.1016/j.microrel.2026.116082,Microelectronics Reliability,middle,power module baseplate thermal,1,1,16,displacement,T4,NONE,NONE,,N,,FALSE,
Jonathen Malen,,Carnegie Mellon University,academic,US,Enhanced Thermal Management in GaN Superlattice Castellated Field Effect Transistors,2026,https://doi.org/10.1109/led.2026.3696134,IEEE Electron Device Letters,middle,GaN diamond thermal,1,0,16,core,T4,NONE,NONE,,N,,FALSE,
Jongwook Jeon,,Sungkyunkwan University,academic,KR,"Advances and Future Challenges in Monolithic 3D Integrated Logic, Power, and Optoelectronics Technologies for Tightly Interconnected Intelligent Systems",2026,https://doi.org/10.1021/acsnano.5c15601,ACS Nano,middle,laser diode thermal management,1,0,16,displacement,T4,polycrystalline-CVD-diamond-wafer,A2,,N,,FALSE,
Joonghoon Choi,0000-0002-2810-2784,Sungkyunkwan University,academic,KR,"Advances and Future Challenges in Monolithic 3D Integrated Logic, Power, and Optoelectronics Technologies for Tightly Interconnected Intelligent Systems",2026,https://doi.org/10.1021/acsnano.5c15601,ACS Nano,middle,laser diode thermal management,1,0,16,displacement,T4,polycrystalline-CVD-diamond-wafer,A2,,N,,FALSE,
Jung-Hun Seo,0000-0002-5039-2503,"University at Buffalo, State University of New York",academic,US,Preliminary demonstration of diamond-GaN <i>p–n</i> diodes via grafting,2026,https://doi.org/10.1063/5.0309618,Applied Physics Letters,middle,GaN diamond thermal,1,0,16,core,T4,NONE,NONE,,N,,FALSE,
Junichi Utoh,0000-0001-6366-833X,Kumamoto City Hospital,academic,JP,Multicenter prospective study on the safety and clinical feasibility of tributary vein ablation using a radial fiber,2026,https://doi.org/10.1177/02683555261453487,Phlebology The Journal of Venous Disease,middle,laser diode thermal management,1,0,16,displacement,T4,NONE,NONE,,N,,FALSE,
Junji Wei,,Chang'an University,academic,CN,Dielectric properties of high-temperature resistant semi-alicyclic polyimides: Research and application exploration in power devices,2026,https://doi.org/10.1016/j.cej.2026.173496,Chemical Engineering Journal,middle,wide bandgap power device packaging,1,0,16,displacement,T4,NONE,NONE,,N,,TRUE,affiliation country China: human export review required before any contact
Junkui Zhu,0000-0002-6216-281X,Central South University,academic,CN,Synergistic optimization of plasma uniformity and active species density in MPCVD systems: A study based on multiphysics simulation and response surface methodology,2026,https://doi.org/10.1016/j.vacuum.2026.115568,Vacuum,middle,single crystal diamond MPCVD,1,0,16,core,T4,single-crystal-CVD-diamond-plate,NONE,,N,,TRUE,affiliation country China: human export review required before any contact
Junsheng Xia,,Integrated Optoelectronics (Norway),industry,NO,Thermal-mechanical co-design and optimization of 2.5D chiplet integration,2026,https://doi.org/10.1016/j.microrel.2026.116156,Microelectronics Reliability,middle,chiplet package thermal,1,1,16,displacement,T2,polycrystalline-CVD-diamond-wafer,A2,,N,,FALSE,
Junyi Zhai,,Chinese Academy of Sciences,academic,CN,Piezotronic probe modulates the piezoelectric-electric-thermal coupling field in GaN power electronics,2026,https://doi.org/10.1039/d5nh00772k,Nanoscale Horizons,middle,GaN HEMT thermal management,1,0,16,displacement,T4,NONE,NONE,,N,,TRUE,affiliation country China: human export review required before any contact
K. Okumura,,ROHM,industry,JP,Packaging of High Temperature 50 kW SiC Motor Drive Modules for Hybrid-Electric Vehicles,2026,https://doi.org/10.4071/001c.162677,IMAPSource Proceedings,middle,die attach thermal resistance,1,1,16,displacement,T4,NONE,A4,,N,,FALSE,
Kai Sun,0000-0003-1745-9136,University of Michigan,academic,US,Preliminary demonstration of diamond-GaN <i>p–n</i> diodes via grafting,2026,https://doi.org/10.1063/5.0309618,Applied Physics Letters,middle,GaN diamond thermal,1,0,16,core,T4,NONE,NONE,,N,,FALSE,
Kai Zheng,0000-0003-3168-6909,Semiconductor Manufacturing International (China),industry,CN,"Wafer Warpage of Silicon Interposer in Manufacturing Processes for High Density 2.5D Advanced Packaging: Causes, Measurement, Analysis and Optimization",2026,https://doi.org/10.1016/j.fmre.2026.05.008,Fundamental Research,middle,chiplet package thermal,1,1,16,displacement,T2,polycrystalline-CVD-diamond-wafer,A2,,N,,TRUE,affiliation country China: human export review required before any contact
Kaijie Gu,,Henan Academy of Sciences,academic,CN,Effect of carbide interface layer construction on the interface structure and thermal conductivity of diamond/copper composites,2026,https://doi.org/10.1016/j.ijrmhm.2026.107849,International Journal of Refractory Metals and Hard Materials,middle,copper diamond composite,1,0,16,core,T4,NONE,NONE,,N,,TRUE,affiliation country China: human export review required before any contact
Kaitang Huang,,Frontier Environmental Technology (United States),industry,US,Thermal transport mechanisms of copper/diamond composites fabricated by micro-alloying powder metallurgy,2026,https://doi.org/10.1016/j.carbon.2026.121739,Carbon,middle,copper diamond composite,1,1,16,core,T4,NONE,NONE,,N,,FALSE,
Kang An,0000-0003-4720-0635,North China University of Technology,academic,CN,"Effect of sintering temperature on the microstructure, composition, and heat transfer of the GaN/diamond interface",2026,https://doi.org/10.1016/j.ijheatmasstransfer.2026.128447,International Journal of Heat and Mass Transfer,middle,GaN diamond thermal,1,0,16,core,T4,GaN-on-diamond,A1,,N,,TRUE,affiliation country China: human export review required before any contact
Katharina V. Loske,,University of Florida,academic,US,O2/Ar inductively coupled plasma etching of boron-doped single-crystal diamond,2026,https://doi.org/10.1116/6.0005496,Journal of Vacuum Science & Technology A Vacuum Surfaces and Films,middle,diamond thermal conductivity substrate,1,0,16,core,T4,aluminum-diamond-composite,NONE,,N,,FALSE,
Katherine Fountaine,0000-0002-0414-8227,Northrop Grumman (United States),industry,US,Preliminary demonstration of diamond-GaN <i>p–n</i> diodes via grafting,2026,https://doi.org/10.1063/5.0309618,Applied Physics Letters,middle,GaN diamond thermal,1,1,16,core,T4,NONE,NONE,,N,,FALSE,
Ke Wei,,Chinese Academy of Sciences,academic,CN,Investigation of N-polar GaN-diamond heterogeneous integration enabled by in-situ sputtered aluminum nitride interlayer,2026,https://doi.org/10.1016/j.diamond.2026.113310,Diamond and Related Materials,middle,diamond thermal conductivity substrate,1,0,16,core,T4,GaN-on-diamond,A2,,N,,TRUE,affiliation country China: human export review required before any contact
Kechen Zhao,0000-0002-9613-4622,Harbin Institute of Technology,academic,CN,Extracting deeply buried thermal resistance in Au/Au-bonded thick Si-on-diamond,2026,https://doi.org/10.1063/5.0314427,Applied Physics Letters,middle,diamond heat spreader,1,0,16,core,T4,NONE,NONE,,N,,TRUE,affiliation country China: human export review required before any contact
Kei Sato,,NGK Spark Plug (Japan),industry,JP,Epitaxial growth and characterization of AlGaN/GaN HEMT structures on 4 inch directly bonded GaN/SiC substrates,2026,https://doi.org/10.35848/1347-4065/ae6c7c,Japanese Journal of Applied Physics,middle,thermal boundary resistance GaN,1,1,16,displacement,T4,NONE,A1,,N,,FALSE,
Kesheng Gao,,Songshan Lake Materials Laboratory,academic,CN,Tremella‐Inspired Wrinkled 1T‐MoS <sub>2</sub> @BN for Efficient Thermal Management and Microwave Absorption,2026,https://doi.org/10.1002/adfm.75355,Advanced Functional Materials,middle,near-junction thermal management,1,0,16,displacement,T4,NONE,NONE,,N,,TRUE,affiliation country China: human export review required before any contact
Kibum Kang,0000-0003-1674-1826,Korea Advanced Institute of Science and Technology,academic,KR,"Advances and Future Challenges in Monolithic 3D Integrated Logic, Power, and Optoelectronics Technologies for Tightly Interconnected Intelligent Systems",2026,https://doi.org/10.1021/acsnano.5c15601,ACS Nano,middle,laser diode thermal management,1,0,16,displacement,T4,polycrystalline-CVD-diamond-wafer,A2,,N,,FALSE,
Kim Chandong,,BMI (South Korea),industry,KR,Electrical and Thermal Performance of SiC Wide-Bandgap Power Devices: Influence of Package Configuration,2026,https://doi.org/10.70322/ism.2026.10008,Intelligent and sustainable manufacturing,middle,wide bandgap power device packaging,1,1,16,displacement,T4,NONE,NONE,,N,,FALSE,
Kim H. Esbensen,,PLS Consult (Denmark),industry,DK,Standard Testwork Methodologies for Sensor-Based Particle Ore Sorting Project Development and Process Optimization,2026,https://doi.org/10.3390/min16070678,Minerals,middle,copper diamond composite,1,1,16,core,T4,NONE,NONE,,N,,FALSE,
Koji S. Nakayama,0000-0002-9165-3810,Daicel (Japan),industry,JP,Study on interfacial mechanism of Ag–Si immiscible sintering for robust migration inhibition,2026,https://doi.org/10.1016/j.matdes.2026.116125,Materials & Design,middle,die attach thermal resistance,1,1,16,displacement,T4,NONE,NONE,,N,,FALSE,
Kun Cao,0000-0003-3369-3133,Sun Yat-sen University,academic,CN,Interfacial Engineering toward Ultralow Thermal Boundary Resistance at Metal–Semiconductor Contacts,2026,https://doi.org/10.1021/acs.nanolett.5c05501,Nano Letters,middle,thermal boundary resistance GaN,1,0,16,displacement,T4,NONE,NONE,,N,,TRUE,affiliation country China: human export review required before any contact
Kyuhwe Kang,,Pennsylvania State University,academic,US,Optimization Factors for the Thermal Design of Packaged GaN High-Electron-Mobility Transistors,2026,https://doi.org/10.1109/ted.2026.3667665,IEEE Transactions on Electron Devices,middle,diamond heat spreader,1,0,16,core,T4,NONE,NONE,,N,,FALSE,
L Savoldi,,Politecnico di Torino,academic,IT,Challenges of the DTT ECH Launchers and Options Under Study,2026,https://doi.org/10.1109/tps.2026.3692783,IEEE Transactions on Plasma Science,middle,power module baseplate thermal,1,0,16,displacement,T4,NONE,NONE,,N,,FALSE,
Laili Wang,,Xi'an Jiaotong University,academic,CN,Dielectric properties of high-temperature resistant semi-alicyclic polyimides: Research and application exploration in power devices,2026,https://doi.org/10.1016/j.cej.2026.173496,Chemical Engineering Journal,middle,wide bandgap power device packaging,1,0,16,displacement,T4,NONE,NONE,,N,,TRUE,affiliation country China: human export review required before any contact
Lanfang Zhao,,Aviation Industry Corporation of China (China),industry,CN,Effect of coupled/decoupled turbine guide vanes on reverse-flow combustor and mechanisms of bend-induced hot-streak bias,2026,https://doi.org/10.1016/j.ast.2026.112490,Aerospace Science and Technology,middle,near-junction thermal management,1,1,16,displacement,T4,NONE,NONE,,N,,TRUE,affiliation country China: human export review required before any contact
Lee Byoungok,,BMI (South Korea),industry,KR,Electrical and Thermal Performance of SiC Wide-Bandgap Power Devices: Influence of Package Configuration,2026,https://doi.org/10.70322/ism.2026.10008,Intelligent and sustainable manufacturing,middle,wide bandgap power device packaging,1,1,16,displacement,T4,NONE,NONE,,N,,FALSE,
Lei Jin,0000-0002-0860-2415,AviChina Industry & Technology (China),industry,CN,Battery-like asymmetric supercapacitors from vertically aligned Ni5P4/Ni2P nanosheets coated conductive diamond: Design and demonstrator,2026,https://doi.org/10.1016/j.est.2026.123764,Journal of Energy Storage,middle,diamond thermal conductivity substrate,1,1,16,core,T4,NONE,NONE,,N,,TRUE,affiliation country China: human export review required before any contact
Li Ding,,Chinese Academy of Sciences,academic,CN,Piezotronic probe modulates the piezoelectric-electric-thermal coupling field in GaN power electronics,2026,https://doi.org/10.1039/d5nh00772k,Nanoscale Horizons,middle,GaN HEMT thermal management,1,0,16,displacement,T4,NONE,NONE,,N,,TRUE,affiliation country China: human export review required before any contact
Li Duan,,Chang'an University,academic,CN,Dielectric properties of high-temperature resistant semi-alicyclic polyimides: Research and application exploration in power devices,2026,https://doi.org/10.1016/j.cej.2026.173496,Chemical Engineering Journal,middle,wide bandgap power device packaging,1,0,16,displacement,T4,NONE,NONE,,N,,TRUE,affiliation country China: human export review required before any contact
Li-Yin Gao,,Chinese Academy of Sciences,academic,CN,Towards power device packaging: Development of Cu-Au 10min direct bonding to replace sintered Ag paste using high interface density surface activation layers,2026,https://doi.org/10.1016/j.msea.2026.149812,Materials Science and Engineering A,middle,wide bandgap power device packaging,1,0,16,displacement,T4,NONE,NONE,,N,,TRUE,affiliation country China: human export review required before any contact
Liang Tian,,Xi'an Jiaotong University,academic,CN,Thermal transport mechanisms of copper/diamond composites fabricated by micro-alloying powder metallurgy,2026,https://doi.org/10.1016/j.carbon.2026.121739,Carbon,middle,copper diamond composite,1,0,16,core,T4,NONE,NONE,,N,,TRUE,affiliation country China: human export review required before any contact
Liang Zhang,0000-0002-2694-1779,Sun Yat-sen University,academic,CN,Interfacial Engineering toward Ultralow Thermal Boundary Resistance at Metal–Semiconductor Contacts,2026,https://doi.org/10.1021/acs.nanolett.5c05501,Nano Letters,middle,thermal boundary resistance GaN,1,0,16,displacement,T4,NONE,NONE,,N,,TRUE,affiliation country China: human export review required before any contact
Lifa Zhang,,Nanjing Normal University,academic,CN,Extracting deeply buried thermal resistance in Au/Au-bonded thick Si-on-diamond,2026,https://doi.org/10.1063/5.0314427,Applied Physics Letters,middle,diamond heat spreader,1,0,16,core,T4,NONE,NONE,,N,,TRUE,affiliation country China: human export review required before any contact
Lin Wei,,Guizhou University,academic,CN,Battery-like asymmetric supercapacitors from vertically aligned Ni5P4/Ni2P nanosheets coated conductive diamond: Design and demonstrator,2026,https://doi.org/10.1016/j.est.2026.123764,Journal of Energy Storage,middle,diamond thermal conductivity substrate,1,0,16,core,T4,NONE,NONE,,N,,TRUE,affiliation country China: human export review required before any contact
Ling Yang,,Xidian University,academic,CN,Record- low thermal boundary resistance of GaN-on-diamond structure with ultra-high bonding rate via surface reconstruction bonding technique,2026,https://doi.org/10.1016/j.jallcom.2026.186906,Journal of Alloys and Compounds,middle,GaN diamond thermal,1,0,16,core,T4,GaN-on-diamond,A1,,N,,TRUE,affiliation country China: human export review required before any contact
Linhua Liu,0000-0002-4547-7676,University of Jinan,academic,CN,Tremella‐Inspired Wrinkled 1T‐MoS <sub>2</sub> @BN for Efficient Thermal Management and Microwave Absorption,2026,https://doi.org/10.1002/adfm.75355,Advanced Functional Materials,middle,near-junction thermal management,1,0,16,displacement,T4,NONE,NONE,,N,,TRUE,affiliation country China: human export review required before any contact
Linya Peng,,Central China Normal University,academic,CN,Permutation-Equivariant Graph Reinforcement Learning for Thermal-Aware Microservice Scheduling in Co-Packaged Optics Data Centers,2026,https://doi.org/10.3390/sym18071182,Symmetry,middle,co-packaged optics thermal,1,0,16,displacement,T4,polycrystalline-CVD-diamond-wafer,A5,,N,,TRUE,affiliation country China: human export review required before any contact
Lishu Wu,,"National Key Laboratory of Solid-State Microwave Devices and Circuits, Nanjing, 210016, China",academic,,Investigation of N-polar GaN-diamond heterogeneous integration enabled by in-situ sputtered aluminum nitride interlayer,2026,https://doi.org/10.1016/j.diamond.2026.113310,Diamond and Related Materials,middle,diamond thermal conductivity substrate,1,0,16,core,T4,GaN-on-diamond,A2,,N,,FALSE,
Liu Shengji,,Zhengzhou University of Aeronautics,academic,CN,"Effect of sintering temperature on the microstructure, composition, and heat transfer of the GaN/diamond interface",2026,https://doi.org/10.1016/j.ijheatmasstransfer.2026.128447,International Journal of Heat and Mass Transfer,middle,GaN diamond thermal,1,0,16,core,T4,GaN-on-diamond,A1,,N,,TRUE,affiliation country China: human export review required before any contact
Liwen Sang,,Fudan University,academic,CN,Interfacial Engineering toward Ultralow Thermal Boundary Resistance at Metal–Semiconductor Contacts,2026,https://doi.org/10.1021/acs.nanolett.5c05501,Nano Letters,middle,thermal boundary resistance GaN,1,0,16,displacement,T4,NONE,NONE,,N,,TRUE,affiliation country China: human export review required before any contact
Luke Suter,0009-0009-4323-0790,Fraunhofer USA,academic,US,Preliminary demonstration of diamond-GaN <i>p–n</i> diodes via grafting,2026,https://doi.org/10.1063/5.0309618,Applied Physics Letters,middle,GaN diamond thermal,1,0,16,core,T4,NONE,NONE,,N,,FALSE,
M. Bonesso,0000-0003-3537-8970,Istituto Nazionale di Fisica Nucleare,academic,IT,Challenges of the DTT ECH Launchers and Options Under Study,2026,https://doi.org/10.1109/tps.2026.3692783,IEEE Transactions on Plasma Science,middle,power module baseplate thermal,1,0,16,displacement,T4,NONE,NONE,,N,,FALSE,
M. Sumiya,,National Institute for Materials Science,academic,JP,Interfacial Engineering toward Ultralow Thermal Boundary Resistance at Metal–Semiconductor Contacts,2026,https://doi.org/10.1021/acs.nanolett.5c05501,Nano Letters,middle,thermal boundary resistance GaN,1,0,16,displacement,T4,NONE,NONE,,N,,FALSE,
Mahad Saeed,,Netherlands Bioinformatics Centre,academic,NL,Co-packaged electronics with microfluidics for direct-to-package cooling,2026,https://doi.org/10.1038/s44172-026-00620-9,Communications Engineering,middle,chiplet package thermal,1,0,16,displacement,T4,NONE,NONE,,N,,FALSE,
Manpreet Singh,0000-0002-8218-328X,University of Wolverhampton,academic,GB,Process driven self-organisation in laser powder bed fusion of copper coated diamond,2026,https://doi.org/10.1016/j.diamond.2026.113591,Diamond and Related Materials,middle,copper diamond composite,1,0,16,core,T4,NONE,NONE,,N,,FALSE,
Maogao Gong,,Anhui University,academic,CN,Thermal-mechanical co-design and optimization of 2.5D chiplet integration,2026,https://doi.org/10.1016/j.microrel.2026.116156,Microelectronics Reliability,middle,chiplet package thermal,1,0,16,displacement,T4,polycrystalline-CVD-diamond-wafer,A2,,N,,TRUE,affiliation country China: human export review required before any contact
Marcel Sippel,0009-0005-2055-6617,Siemens (Germany),industry,DE,Long term transformation of Cu / Sn intermetallic compounds in large solder joints,2026,https://doi.org/10.1016/j.microrel.2026.116082,Microelectronics Reliability,middle,power module baseplate thermal,1,1,16,displacement,T4,NONE,NONE,,N,,FALSE,
Marie-Claude Halle,,BP (Canada),industry,CA,Standard Testwork Methodologies for Sensor-Based Particle Ore Sorting Project Development and Process Optimization,2026,https://doi.org/10.3390/min16070678,Minerals,middle,copper diamond composite,1,1,16,core,T4,NONE,NONE,,N,,FALSE,
Martin Appiah,,University of Wolverhampton,academic,GB,Process driven self-organisation in laser powder bed fusion of copper coated diamond,2026,https://doi.org/10.1016/j.diamond.2026.113591,Diamond and Related Materials,middle,copper diamond composite,1,0,16,core,T4,NONE,NONE,,N,,FALSE,
Masahiko Nishijima,0000-0002-5143-7558,The University of Osaka,academic,JP,Study on interfacial mechanism of Ag–Si immiscible sintering for robust migration inhibition,2026,https://doi.org/10.1016/j.matdes.2026.116125,Materials & Design,middle,die attach thermal resistance,1,0,16,displacement,T4,NONE,NONE,,N,,FALSE,
Matteo Turcato,,Istituto Nazionale di Fisica Nucleare,academic,IT,Challenges of the DTT ECH Launchers and Options Under Study,2026,https://doi.org/10.1109/tps.2026.3692783,IEEE Transactions on Plasma Science,middle,power module baseplate thermal,1,0,16,displacement,T4,NONE,NONE,,N,,FALSE,
Matthias Muehle,0000-0003-2819-9069,Fraunhofer USA,academic,US,Preliminary demonstration of diamond-GaN <i>p–n</i> diodes via grafting,2026,https://doi.org/10.1063/5.0309618,Applied Physics Letters,middle,GaN diamond thermal,1,0,16,core,T4,NONE,NONE,,N,,FALSE,
Mei Wu,,Xidian University,academic,CN,Record- low thermal boundary resistance of GaN-on-diamond structure with ultra-high bonding rate via surface reconstruction bonding technique,2026,https://doi.org/10.1016/j.jallcom.2026.186906,Journal of Alloys and Compounds,middle,GaN diamond thermal,1,0,16,core,T4,GaN-on-diamond,A1,,N,,TRUE,affiliation country China: human export review required before any contact
Mei Wu,,Xidian University,academic,CN,Rapid Forecast of Device Transient Temperature Response at Wafer Level Through Transducer-Less Thermoreflectance Technique,2026,https://doi.org/10.1109/ted.2026.3669874,IEEE Transactions on Electron Devices,middle,GaN HEMT thermal management,1,0,16,displacement,T4,polycrystalline-CVD-diamond-wafer,NONE,,N,,TRUE,affiliation country China: human export review required before any contact
Meng Zhang,,Xidian University,academic,CN,Record- low thermal boundary resistance of GaN-on-diamond structure with ultra-high bonding rate via surface reconstruction bonding technique,2026,https://doi.org/10.1016/j.jallcom.2026.186906,Journal of Alloys and Compounds,middle,GaN diamond thermal,1,0,16,core,T4,GaN-on-diamond,A1,,N,,TRUE,affiliation country China: human export review required before any contact
Menghan Li,,Anhui University,academic,CN,Thermal-mechanical co-design and optimization of 2.5D chiplet integration,2026,https://doi.org/10.1016/j.microrel.2026.116156,Microelectronics Reliability,middle,chiplet package thermal,1,0,16,displacement,T4,polycrystalline-CVD-diamond-wafer,A2,,N,,TRUE,affiliation country China: human export review required before any contact
Michael Eller,,Northrop Grumman (United States),industry,US,Preliminary demonstration of diamond-GaN <i>p–n</i> diodes via grafting,2026,https://doi.org/10.1063/5.0309618,Applied Physics Letters,middle,GaN diamond thermal,1,1,16,core,T4,NONE,NONE,,N,,FALSE,
Mike McCubbing,,Saskatchewan Research Council (Canada),academic,CA,Standard Testwork Methodologies for Sensor-Based Particle Ore Sorting Project Development and Process Optimization,2026,https://doi.org/10.3390/min16070678,Minerals,middle,copper diamond composite,1,0,16,core,T4,NONE,NONE,,N,,FALSE,
MinKyu Kim,,Hyundai Research Institute,academic,KR,Thermal Optimization and Cooling-Channel Design for a 2-kW Fiber-Laser Cold Plate Considering Distributed Heat Sources and Mechanical Integration Constraints,2026,https://doi.org/10.9766/kimst.2026.29.4.423,Journal of the Korea Institute of Military Science and Technology,middle,laser diode thermal management,1,0,16,displacement,T4,NONE,NONE,,N,,FALSE,
Ming Liang,,Taiwan Semiconductor Manufacturing Company (China),industry,CN,Towards power device packaging: Development of Cu-Au 10min direct bonding to replace sintered Ag paste using high interface density surface activation layers,2026,https://doi.org/10.1016/j.msea.2026.149812,Materials Science and Engineering A,middle,wide bandgap power device packaging,1,1,16,displacement,T4,NONE,NONE,,N,,TRUE,affiliation country China: human export review required before any contact
Minghu Zhang,,Wuhan Digital Engineering Institute,industry,,Simultaneous Measurement of the Thermal Boundary Resistance and Thermal Conductivity of Die-Attach Materials in Sandwich Structures via Multiwavelength Transient Thermoreflectance,2026,https://doi.org/10.1021/acsaelm.6c00280,ACS Applied Electronic Materials,middle,die attach thermal resistance,1,1,16,displacement,T4,NONE,NONE,,N,,FALSE,
Mingzhu You,0000-0003-3430-5454,Zhengzhou Institute of Machinery,academic,CN,Effect of carbide interface layer construction on the interface structure and thermal conductivity of diamond/copper composites,2026,https://doi.org/10.1016/j.ijrmhm.2026.107849,International Journal of Refractory Metals and Hard Materials,middle,copper diamond composite,1,0,16,core,T4,NONE,NONE,,N,,TRUE,affiliation country China: human export review required before any contact
Minoru Ueshima,,Daicel (Japan),industry,JP,Study on interfacial mechanism of Ag–Si immiscible sintering for robust migration inhibition,2026,https://doi.org/10.1016/j.matdes.2026.116125,Materials & Design,middle,die attach thermal resistance,1,1,16,displacement,T4,NONE,NONE,,N,,FALSE,
Minwan Jung,,Advanced Laser Technology (United Kingdom),industry,GB,Thermal Optimization and Cooling-Channel Design for a 2-kW Fiber-Laser Cold Plate Considering Distributed Heat Sources and Mechanical Integration Constraints,2026,https://doi.org/10.9766/kimst.2026.29.4.423,Journal of the Korea Institute of Military Science and Technology,middle,laser diode thermal management,1,1,16,displacement,T4,NONE,NONE,,N,,FALSE,
N. Rispoli,0000-0003-2773-3637,Institute for the Science and Technology of Plasmas,academic,IT,Challenges of the DTT ECH Launchers and Options Under Study,2026,https://doi.org/10.1109/tps.2026.3692783,IEEE Transactions on Plasma Science,middle,power module baseplate thermal,1,0,16,displacement,T4,NONE,NONE,,N,,FALSE,
Naohisa Waki,,Hiroshima Prefectural Rehabilitation Center,academic,JP,Multicenter prospective study on the safety and clinical feasibility of tributary vein ablation using a radial fiber,2026,https://doi.org/10.1177/02683555261453487,Phlebology The Journal of Venous Disease,middle,laser diode thermal management,1,0,16,displacement,T4,NONE,NONE,,N,,FALSE,
Nicolas Degrenne,,Mitsubishi Electric (France),industry,FR,Power Modules Lifetime Estimation Under Compound Tests,2026,https://doi.org/10.1109/tpel.2026.3688002,IEEE Transactions on Power Electronics,middle,power module baseplate thermal,1,1,16,displacement,T2,copper-diamond-composite,A4,,N,,FALSE,
Niki Zakeri,,University of Wolverhampton,academic,GB,Process driven self-organisation in laser powder bed fusion of copper coated diamond,2026,https://doi.org/10.1016/j.diamond.2026.113591,Diamond and Related Materials,middle,copper diamond composite,1,0,16,core,T4,NONE,NONE,,N,,FALSE,
O. Lopez,,Sony (Taiwan),industry,TW,Wirebondability and Solderability of NiAu Electroless Front Side Metalized Silicon Wafers Subjected to High Temperature Back End Assembly Process Flows,2026,https://doi.org/10.4071/001c.164932,IMAPSource Proceedings,middle,die attach thermal resistance,1,1,16,displacement,T4,NONE,NONE,,N,,FALSE,
Okhyun Nam,,Seoul Semiconductor (South Korea),industry,KR,Impact of AlN buffer thickness on electrical and thermal characteristics of AlGaN/GaN/AlN HEMTs,2026,https://doi.org/10.1063/5.0310464,Applied Physics Letters,middle,GaN HEMT thermal management,1,1,16,displacement,T4,NONE,A1,,N,,FALSE,
Osamu Suzuki,0000-0002-3566-5681,Suzuki (Japan),industry,JP,Multicenter prospective study on the safety and clinical feasibility of tributary vein ablation using a radial fiber,2026,https://doi.org/10.1177/02683555261453487,Phlebology The Journal of Venous Disease,middle,laser diode thermal management,1,1,16,displacement,T4,NONE,NONE,,N,,FALSE,
P. Platania,0000-0002-8520-1527,Institute for the Science and Technology of Plasmas,academic,IT,Challenges of the DTT ECH Launchers and Options Under Study,2026,https://doi.org/10.1109/tps.2026.3692783,IEEE Transactions on Plasma Science,middle,power module baseplate thermal,1,0,16,displacement,T4,NONE,NONE,,N,,FALSE,
Pei Su,0000-0001-6148-0181,TH Köln - University of Applied Sciences,academic,DE,Battery-like asymmetric supercapacitors from vertically aligned Ni5P4/Ni2P nanosheets coated conductive diamond: Design and demonstrator,2026,https://doi.org/10.1016/j.est.2026.123764,Journal of Energy Storage,middle,diamond thermal conductivity substrate,1,0,16,core,T4,NONE,NONE,,N,,FALSE,
Peiran Tian,0000-0001-5437-1358,Chinese Academy of Sciences,academic,CN,Piezotronic probe modulates the piezoelectric-electric-thermal coupling field in GaN power electronics,2026,https://doi.org/10.1039/d5nh00772k,Nanoscale Horizons,middle,GaN HEMT thermal management,1,0,16,displacement,T4,NONE,NONE,,N,,TRUE,affiliation country China: human export review required before any contact
Peng Xu,,Wuhan University,academic,CN,Investigation of N-polar GaN-diamond heterogeneous integration enabled by in-situ sputtered aluminum nitride interlayer,2026,https://doi.org/10.1016/j.diamond.2026.113310,Diamond and Related Materials,middle,diamond thermal conductivity substrate,1,0,16,core,T4,GaN-on-diamond,A2,,N,,TRUE,affiliation country China: human export review required before any contact
Pengfei Yue,,Henan Academy of Sciences,academic,CN,Effect of carbide interface layer construction on the interface structure and thermal conductivity of diamond/copper composites,2026,https://doi.org/10.1016/j.ijrmhm.2026.107849,International Journal of Refractory Metals and Hard Materials,middle,copper diamond composite,1,0,16,core,T4,NONE,NONE,,N,,TRUE,affiliation country China: human export review required before any contact
Pengyuan Luo,,Tiangong University,academic,CN,Bicyclic Structure–Induced Crystallization Suppression in Bio‐Based Long‐Chain Polyamide Toward Simultaneous Toughening and High Optical Transparency,2026,https://doi.org/10.1002/pola.70205,Journal of Polymer Science,middle,co-packaged optics thermal,1,0,16,displacement,T4,NONE,NONE,,N,,TRUE,affiliation country China: human export review required before any contact
Pierluigi Fanelli,0000-0002-5095-4107,Università degli Studi della Tuscia,academic,IT,Challenges of the DTT ECH Launchers and Options Under Study,2026,https://doi.org/10.1109/tps.2026.3692783,IEEE Transactions on Plasma Science,middle,power module baseplate thermal,1,0,16,displacement,T4,NONE,NONE,,N,,FALSE,
Qi Li,,Southeast University,academic,CN,"Microscopic Mechanism of Glass Surface Activation, Annealing and Etching on Glass–Ti/Cu Interfacial Adhesion",2026,https://doi.org/10.3390/mi17070836,Micromachines,middle,chiplet package thermal,1,0,16,displacement,T4,NONE,NONE,,N,,TRUE,affiliation country China: human export review required before any contact
Qian Li,,University of Science and Technology of China,academic,CN,Investigation of N-polar GaN-diamond heterogeneous integration enabled by in-situ sputtered aluminum nitride interlayer,2026,https://doi.org/10.1016/j.diamond.2026.113310,Diamond and Related Materials,middle,diamond thermal conductivity substrate,1,0,16,core,T4,GaN-on-diamond,A2,,N,,TRUE,affiliation country China: human export review required before any contact
Qian Sun,,University of Science and Technology of China,academic,CN,Investigation of N-polar GaN-diamond heterogeneous integration enabled by in-situ sputtered aluminum nitride interlayer,2026,https://doi.org/10.1016/j.diamond.2026.113310,Diamond and Related Materials,middle,diamond thermal conductivity substrate,1,0,16,core,T4,GaN-on-diamond,A2,,N,,TRUE,affiliation country China: human export review required before any contact
Qing Gao,,Wind Power Engineering (Japan),industry,JP,High-efficiency power electronic devices based on wide-bandgap semiconductor materials,2026,https://doi.org/10.1007/s43236-026-01335-y,Journal of Power Electronics,middle,wide bandgap power device packaging,1,1,16,displacement,T4,NONE,NONE,,N,,FALSE,
Qiuping Wei,,Central South University,academic,CN,Synergistic optimization of plasma uniformity and active species density in MPCVD systems: A study based on multiphysics simulation and response surface methodology,2026,https://doi.org/10.1016/j.vacuum.2026.115568,Vacuum,middle,single crystal diamond MPCVD,1,0,16,core,T4,single-crystal-CVD-diamond-plate,NONE,,N,,TRUE,affiliation country China: human export review required before any contact
R. Dima,,Istituto Nazionale di Fisica Nucleare,academic,IT,Challenges of the DTT ECH Launchers and Options Under Study,2026,https://doi.org/10.1109/tps.2026.3692783,IEEE Transactions on Plasma Science,middle,power module baseplate thermal,1,0,16,displacement,T4,NONE,NONE,,N,,FALSE,
R. S. Howell,0009-0003-6540-5391,Northrop Grumman (United States),industry,US,Enhanced Thermal Management in GaN Superlattice Castellated Field Effect Transistors,2026,https://doi.org/10.1109/led.2026.3696134,IEEE Electron Device Letters,middle,GaN diamond thermal,1,1,16,core,T4,NONE,NONE,,N,,FALSE,
R. Schüpbach,,Arkansas Power Electronics International,industry,US,Packaging of High Temperature 50 kW SiC Motor Drive Modules for Hybrid-Electric Vehicles,2026,https://doi.org/10.4071/001c.162677,IMAPSource Proceedings,middle,die attach thermal resistance,1,1,16,displacement,T4,NONE,A4,,N,,FALSE,
R. Shaw,,Arkansas Power Electronics International,industry,US,Packaging of High Temperature 50 kW SiC Motor Drive Modules for Hybrid-Electric Vehicles,2026,https://doi.org/10.4071/001c.162677,IMAPSource Proceedings,middle,die attach thermal resistance,1,1,16,displacement,T4,NONE,A4,,N,,FALSE,
Ran Liu,,The University of Osaka,academic,JP,Study on interfacial mechanism of Ag–Si immiscible sintering for robust migration inhibition,2026,https://doi.org/10.1016/j.matdes.2026.116125,Materials & Design,middle,die attach thermal resistance,1,0,16,displacement,T4,NONE,NONE,,N,,FALSE,
Ranran Yi,,Chang'an University,academic,CN,Dielectric properties of high-temperature resistant semi-alicyclic polyimides: Research and application exploration in power devices,2026,https://doi.org/10.1016/j.cej.2026.173496,Chemical Engineering Journal,middle,wide bandgap power device packaging,1,0,16,displacement,T4,NONE,NONE,,N,,TRUE,affiliation country China: human export review required before any contact
René H. Poelma,0000-0002-4180-7033,NXP (Netherlands),industry,NL,Co-packaged electronics with microfluidics for direct-to-package cooling,2026,https://doi.org/10.1038/s44172-026-00620-9,Communications Engineering,middle,chiplet package thermal,1,1,16,displacement,T4,NONE,NONE,,N,,FALSE,
Roland Yingjie Tay,0000-0002-3341-0984,Nanyang Technological University,academic,SG,Tremella‐Inspired Wrinkled 1T‐MoS <sub>2</sub> @BN for Efficient Thermal Management and Microwave Absorption,2026,https://doi.org/10.1002/adfm.75355,Advanced Functional Materials,middle,near-junction thermal management,1,0,16,displacement,T4,NONE,NONE,,N,,FALSE,
Roman Chomicz,,Enel (Italy),industry,IT,Challenges of the DTT ECH Launchers and Options Under Study,2026,https://doi.org/10.1109/tps.2026.3692783,IEEE Transactions on Plasma Science,middle,power module baseplate thermal,1,1,16,displacement,T4,NONE,NONE,,N,,FALSE,
Rong Li,,Tianjin Tianhe Hospital,academic,CN,Bicyclic Structure–Induced Crystallization Suppression in Bio‐Based Long‐Chain Polyamide Toward Simultaneous Toughening and High Optical Transparency,2026,https://doi.org/10.1002/pola.70205,Journal of Polymer Science,middle,co-packaged optics thermal,1,0,16,displacement,T4,NONE,NONE,,N,,TRUE,affiliation country China: human export review required before any contact
Rongfu Guo,,Zhengzhou University,academic,CN,Effect of carbide interface layer construction on the interface structure and thermal conductivity of diamond/copper composites,2026,https://doi.org/10.1016/j.ijrmhm.2026.107849,International Journal of Refractory Metals and Hard Materials,middle,copper diamond composite,1,0,16,core,T4,NONE,NONE,,N,,TRUE,affiliation country China: human export review required before any contact
Ruiyang Pang,,Nanjing University of Posts and Telecommunications,academic,CN,Research on Intelligent Thermal Optimization for Chiplet-Based Heterogeneously Integrated AI Chip Embedded with Leaf-Vein-Inspired Fractal Microchannels,2026,https://doi.org/10.3390/ma19040679,Materials,middle,chiplet package thermal,1,0,16,displacement,T4,polycrystalline-CVD-diamond-wafer,A2,,N,,TRUE,affiliation country China: human export review required before any contact
Ryozo Kishimoto,,NGK Spark Plug (Japan),industry,JP,Epitaxial growth and characterization of AlGaN/GaN HEMT structures on 4 inch directly bonded GaN/SiC substrates,2026,https://doi.org/10.35848/1347-4065/ae6c7c,Japanese Journal of Applied Physics,middle,thermal boundary resistance GaN,1,1,16,displacement,T4,NONE,A1,,N,,FALSE,
Rémy Mével,,Zhejiang University,academic,CN,Effect of coupled/decoupled turbine guide vanes on reverse-flow combustor and mechanisms of bend-induced hot-streak bias,2026,https://doi.org/10.1016/j.ast.2026.112490,Aerospace Science and Technology,middle,near-junction thermal management,1,0,16,displacement,T4,NONE,NONE,,N,,TRUE,affiliation country China: human export review required before any contact
S Liu,,Wuhan University of Technology,academic,CN,"Wafer Warpage of Silicon Interposer in Manufacturing Processes for High Density 2.5D Advanced Packaging: Causes, Measurement, Analysis and Optimization",2026,https://doi.org/10.1016/j.fmre.2026.05.008,Fundamental Research,middle,chiplet package thermal,1,0,16,displacement,T4,polycrystalline-CVD-diamond-wafer,A2,,N,,TRUE,affiliation country China: human export review required before any contact
S. Ang,,University of Arkansas at Fayetteville,academic,US,Packaging of High Temperature 50 kW SiC Motor Drive Modules for Hybrid-Electric Vehicles,2026,https://doi.org/10.4071/001c.162677,IMAPSource Proceedings,middle,die attach thermal resistance,1,0,16,displacement,T4,NONE,A4,,N,,FALSE,
S. Garavaglia,0000-0002-8433-1901,Institute for the Science and Technology of Plasmas,academic,IT,Challenges of the DTT ECH Launchers and Options Under Study,2026,https://doi.org/10.1109/tps.2026.3692783,IEEE Transactions on Plasma Science,middle,power module baseplate thermal,1,0,16,displacement,T4,NONE,NONE,,N,,FALSE,
S. Y. Park,0009-0004-6233-9971,Carnegie Mellon University,academic,US,Enhanced Thermal Management in GaN Superlattice Castellated Field Effect Transistors,2026,https://doi.org/10.1109/led.2026.3696134,IEEE Electron Device Letters,middle,GaN diamond thermal,1,0,16,core,T4,NONE,NONE,,N,,FALSE,
Saibin Han,,Shandong University,academic,CN,Simulation and Preparation of 2 in. Mosaic Single Crystal Diamond Process via MPCVD,2026,https://doi.org/10.1021/acs.cgd.5c01178,Crystal Growth & Design,middle,single crystal diamond MPCVD,1,0,16,core,T4,single-crystal-CVD-diamond-plate,NONE,,N,,TRUE,affiliation country China: human export review required before any contact
Sander Dorrestein,,Netherlands Organisation for Applied Scientific Research,academic,NL,Co-packaged electronics with microfluidics for direct-to-package cooling,2026,https://doi.org/10.1038/s44172-026-00620-9,Communications Engineering,middle,chiplet package thermal,1,0,16,displacement,T4,NONE,NONE,,N,,FALSE,
Sang Hyeon Kim,,Korea Advanced Institute of Science and Technology,academic,KR,"Advances and Future Challenges in Monolithic 3D Integrated Logic, Power, and Optoelectronics Technologies for Tightly Interconnected Intelligent Systems",2026,https://doi.org/10.1021/acsnano.5c15601,ACS Nano,middle,laser diode thermal management,1,0,16,displacement,T4,polycrystalline-CVD-diamond-wafer,A2,,N,,FALSE,
Sen Huang,,Chinese Academy of Sciences,academic,CN,Investigation of N-polar GaN-diamond heterogeneous integration enabled by in-situ sputtered aluminum nitride interlayer,2026,https://doi.org/10.1016/j.diamond.2026.113310,Diamond and Related Materials,middle,diamond thermal conductivity substrate,1,0,16,core,T4,GaN-on-diamond,A2,,N,,TRUE,affiliation country China: human export review required before any contact
Sen Ming,0000-0002-9679-8736,Central South University,academic,CN,Synergistic optimization of plasma uniformity and active species density in MPCVD systems: A study based on multiphysics simulation and response surface methodology,2026,https://doi.org/10.1016/j.vacuum.2026.115568,Vacuum,middle,single crystal diamond MPCVD,1,0,16,core,T4,single-crystal-CVD-diamond-plate,NONE,,N,,TRUE,affiliation country China: human export review required before any contact
Sen Zhang,,Harbin Institute of Technology,academic,CN,High-temperature stable growth of thick polycrystalline diamond film on GaN enabled by a SiNx/Si double interlayer,2026,https://doi.org/10.1016/j.diamond.2026.113769,Diamond and Related Materials,middle,diamond heat spreader,1,0,16,core,T4,polycrystalline-CVD-diamond-wafer,NONE,,N,,TRUE,affiliation country China: human export review required before any contact
Seung Hoon Lee,0009-0004-6982-0389,Pennsylvania State University,academic,US,High thermal boundary conductance across a GaN/SiC interface characterized via signal-ratio-based dual-frequency time-domain thermoreflectance,2026,https://doi.org/10.1063/5.0303711,Journal of Applied Physics,middle,thermal boundary resistance GaN,1,0,16,displacement,T4,GaN-on-diamond,A1,,N,,FALSE,
Seunghun Baek,,Ulsan National Institute of Science and Technology,academic,KR,"Advances and Future Challenges in Monolithic 3D Integrated Logic, Power, and Optoelectronics Technologies for Tightly Interconnected Intelligent Systems",2026,https://doi.org/10.1021/acsnano.5c15601,ACS Nano,middle,laser diode thermal management,1,0,16,displacement,T4,polycrystalline-CVD-diamond-wafer,A2,,N,,FALSE,
Shasha Yi,,Zhengzhou University,academic,CN,Effect of carbide interface layer construction on the interface structure and thermal conductivity of diamond/copper composites,2026,https://doi.org/10.1016/j.ijrmhm.2026.107849,International Journal of Refractory Metals and Hard Materials,middle,copper diamond composite,1,0,16,core,T4,NONE,NONE,,N,,TRUE,affiliation country China: human export review required before any contact
Shi Lei,,Tongfu Microelectronics (China),industry,CN,Research on Intelligent Thermal Optimization for Chiplet-Based Heterogeneously Integrated AI Chip Embedded with Leaf-Vein-Inspired Fractal Microchannels,2026,https://doi.org/10.3390/ma19040679,Materials,middle,chiplet package thermal,1,1,16,displacement,T2,polycrystalline-CVD-diamond-wafer,A2,,N,,TRUE,affiliation country China: human export review required before any contact
Shilin Yang,,Harbin Institute of Technology,academic,CN,Modeling optimization and experimental verification of inch-scale heteroepitaxial single-crystal diamond nucleation with 915 MHz MPCVD,2026,https://doi.org/10.1016/j.vacuum.2026.115618,Vacuum,middle,single crystal diamond MPCVD,1,0,16,core,T4,single-crystal-CVD-diamond-plate,NONE,,N,,TRUE,affiliation country China: human export review required before any contact
Shipeng Wang,,Precision Research (United States),industry,US,Laser-Assisted Mass Transfer Technology for Microlight-Emitting Diodes,2026,https://doi.org/10.1007/s41871-025-00289-2,Nanomanufacturing and Metrology,middle,laser diode thermal management,1,1,16,displacement,T4,NONE,NONE,,N,,FALSE,
Shiwen Zhang,,Anhui University,academic,CN,Thermal-mechanical co-design and optimization of 2.5D chiplet integration,2026,https://doi.org/10.1016/j.microrel.2026.116156,Microelectronics Reliability,middle,chiplet package thermal,1,0,16,displacement,T4,polycrystalline-CVD-diamond-wafer,A2,,N,,TRUE,affiliation country China: human export review required before any contact
Shuai Tian,,Zhengzhou University of Aeronautics,academic,CN,"Effect of sintering temperature on the microstructure, composition, and heat transfer of the GaN/diamond interface",2026,https://doi.org/10.1016/j.ijheatmasstransfer.2026.128447,International Journal of Heat and Mass Transfer,middle,GaN diamond thermal,1,0,16,core,T4,GaN-on-diamond,A1,,N,,TRUE,affiliation country China: human export review required before any contact
Shuai Xu,0000-0001-9928-5437,Chang'an University,academic,CN,Dielectric properties of high-temperature resistant semi-alicyclic polyimides: Research and application exploration in power devices,2026,https://doi.org/10.1016/j.cej.2026.173496,Chemical Engineering Journal,middle,wide bandgap power device packaging,1,0,16,displacement,T4,NONE,NONE,,N,,TRUE,affiliation country China: human export review required before any contact
Shuiping Wu,,Frontier Environmental Technology (United States),industry,US,Thermal transport mechanisms of copper/diamond composites fabricated by micro-alloying powder metallurgy,2026,https://doi.org/10.1016/j.carbon.2026.121739,Carbon,middle,copper diamond composite,1,1,16,core,T4,NONE,NONE,,N,,FALSE,
Shujuan Liu,,Yangtze University,academic,CN,Simultaneous Measurement of the Thermal Boundary Resistance and Thermal Conductivity of Die-Attach Materials in Sandwich Structures via Multiwavelength Transient Thermoreflectance,2026,https://doi.org/10.1021/acsaelm.6c00280,ACS Applied Electronic Materials,middle,die attach thermal resistance,1,0,16,displacement,T4,NONE,NONE,,N,,TRUE,affiliation country China: human export review required before any contact
Shujuan Liu,,Yangtze University,academic,CN,Rapid Forecast of Device Transient Temperature Response at Wafer Level Through Transducer-Less Thermoreflectance Technique,2026,https://doi.org/10.1109/ted.2026.3669874,IEEE Transactions on Electron Devices,middle,GaN HEMT thermal management,1,0,16,displacement,T4,polycrystalline-CVD-diamond-wafer,NONE,,N,,TRUE,affiliation country China: human export review required before any contact
Simon Dominy,0000-0002-0638-3693,University of Exeter,academic,GB,Standard Testwork Methodologies for Sensor-Based Particle Ore Sorting Project Development and Process Optimization,2026,https://doi.org/10.3390/min16070678,Minerals,middle,copper diamond composite,1,0,16,core,T4,NONE,NONE,,N,,FALSE,
Stephan Duch,,TH Köln - University of Applied Sciences,academic,DE,Battery-like asymmetric supercapacitors from vertically aligned Ni5P4/Ni2P nanosheets coated conductive diamond: Design and demonstrator,2026,https://doi.org/10.1016/j.est.2026.123764,Journal of Energy Storage,middle,diamond thermal conductivity substrate,1,0,16,core,T4,NONE,NONE,,N,,FALSE,
Stephanie Liu,0009-0005-0052-5872,Northrop Grumman (United States),industry,US,Preliminary demonstration of diamond-GaN <i>p–n</i> diodes via grafting,2026,https://doi.org/10.1063/5.0309618,Applied Physics Letters,middle,GaN diamond thermal,1,1,16,core,T4,NONE,NONE,,N,,FALSE,
Sungjoo Lee,0000-0003-1284-3593,Sungkyunkwan University,academic,KR,"Advances and Future Challenges in Monolithic 3D Integrated Logic, Power, and Optoelectronics Technologies for Tightly Interconnected Intelligent Systems",2026,https://doi.org/10.1021/acsnano.5c15601,ACS Nano,middle,laser diode thermal management,1,0,16,displacement,T4,polycrystalline-CVD-diamond-wafer,A2,,N,,FALSE,
T C Tsai,,University of Wisconsin–Madison,academic,US,Preliminary demonstration of diamond-GaN <i>p–n</i> diodes via grafting,2026,https://doi.org/10.1063/5.0309618,Applied Physics Letters,middle,GaN diamond thermal,1,0,16,core,T4,NONE,NONE,,N,,FALSE,
T. Paskova,0000-0003-2602-1523,Linköping University,academic,SE,Impact of AlN buffer thickness on electrical and thermal characteristics of AlGaN/GaN/AlN HEMTs,2026,https://doi.org/10.1063/5.0310464,Applied Physics Letters,middle,GaN HEMT thermal management,1,0,16,displacement,T4,NONE,A1,,N,,FALSE,
Taewoo Kim,0000-0001-7734-0079,Advanced Laser Technology (United Kingdom),industry,GB,Thermal Optimization and Cooling-Channel Design for a 2-kW Fiber-Laser Cold Plate Considering Distributed Heat Sources and Mechanical Integration Constraints,2026,https://doi.org/10.9766/kimst.2026.29.4.423,Journal of the Korea Institute of Military Science and Technology,middle,laser diode thermal management,1,1,16,displacement,T4,NONE,NONE,,N,,FALSE,
Tariq Jamil,0000-0002-7321-4654,University of South Carolina,academic,US,Enhanced Thermal Management in GaN Superlattice Castellated Field Effect Transistors,2026,https://doi.org/10.1109/led.2026.3696134,IEEE Electron Device Letters,middle,GaN diamond thermal,1,0,16,core,T4,NONE,NONE,,N,,FALSE,
Tazbiul Hasan,,University of South Carolina,academic,US,Enhanced Thermal Management in GaN Superlattice Castellated Field Effect Transistors,2026,https://doi.org/10.1109/led.2026.3696134,IEEE Electron Device Letters,middle,GaN diamond thermal,1,0,16,core,T4,NONE,NONE,,N,,FALSE,
Thorsten Teutsch,,Optech (Canada),industry,CA,Wirebondability and Solderability of NiAu Electroless Front Side Metalized Silicon Wafers Subjected to High Temperature Back End Assembly Process Flows,2026,https://doi.org/10.4071/001c.164932,IMAPSource Proceedings,middle,die attach thermal resistance,1,1,16,displacement,T4,NONE,NONE,,N,,FALSE,
Tianbao Zhao,,University of Jinan,academic,CN,Tremella‐Inspired Wrinkled 1T‐MoS <sub>2</sub> @BN for Efficient Thermal Management and Microwave Absorption,2026,https://doi.org/10.1002/adfm.75355,Advanced Functional Materials,middle,near-junction thermal management,1,0,16,displacement,T4,NONE,NONE,,N,,TRUE,affiliation country China: human export review required before any contact
Tianjian Liu,0000-0002-8813-6660,Yangtze University,academic,CN,Simultaneous Measurement of the Thermal Boundary Resistance and Thermal Conductivity of Die-Attach Materials in Sandwich Structures via Multiwavelength Transient Thermoreflectance,2026,https://doi.org/10.1021/acsaelm.6c00280,ACS Applied Electronic Materials,middle,die attach thermal resistance,1,0,16,displacement,T4,NONE,NONE,,N,,TRUE,affiliation country China: human export review required before any contact
Tien Khee Ng,0000-0002-1480-6975,King Abdullah University of Science and Technology,academic,SA,Preliminary demonstration of diamond-GaN <i>p–n</i> diodes via grafting,2026,https://doi.org/10.1063/5.0309618,Applied Physics Letters,middle,GaN diamond thermal,1,0,16,core,T4,NONE,NONE,,N,,FALSE,
Travis J. Anderson,0000-0002-7248-1339,University of Florida,academic,US,O2/Ar inductively coupled plasma etching of boron-doped single-crystal diamond,2026,https://doi.org/10.1116/6.0005496,Journal of Vacuum Science & Technology A Vacuum Surfaces and Films,middle,diamond thermal conductivity substrate,1,0,16,core,T4,aluminum-diamond-composite,NONE,,N,,FALSE,
Uiho Choi,0000-0002-8907-2937,École Polytechnique Fédérale de Lausanne,academic,CH,Impact of AlN buffer thickness on electrical and thermal characteristics of AlGaN/GaN/AlN HEMTs,2026,https://doi.org/10.1063/5.0310464,Applied Physics Letters,middle,GaN HEMT thermal management,1,0,16,displacement,T4,NONE,A1,,N,,FALSE,
Vincent Gambin,0000-0002-3860-5166,Northrop Grumman (United States),industry,US,Preliminary demonstration of diamond-GaN <i>p–n</i> diodes via grafting,2026,https://doi.org/10.1063/5.0309618,Applied Physics Letters,middle,GaN diamond thermal,1,1,16,core,T4,NONE,NONE,,N,,FALSE,
W. Yang,,Sungkyunkwan University,academic,KR,"Advances and Future Challenges in Monolithic 3D Integrated Logic, Power, and Optoelectronics Technologies for Tightly Interconnected Intelligent Systems",2026,https://doi.org/10.1021/acsnano.5c15601,ACS Nano,middle,laser diode thermal management,1,0,16,displacement,T4,polycrystalline-CVD-diamond-wafer,A2,,N,,FALSE,
Wei Liu,0000-0002-7409-0948,Harbin Institute of Technology,academic,CN,Extracting deeply buried thermal resistance in Au/Au-bonded thick Si-on-diamond,2026,https://doi.org/10.1063/5.0314427,Applied Physics Letters,middle,diamond heat spreader,1,0,16,core,T4,NONE,NONE,,N,,TRUE,affiliation country China: human export review required before any contact
Wei Sha,0000-0002-4528-7792,Chinese Academy of Sciences,academic,CN,Piezotronic probe modulates the piezoelectric-electric-thermal coupling field in GaN power electronics,2026,https://doi.org/10.1039/d5nh00772k,Nanoscale Horizons,middle,GaN HEMT thermal management,1,0,16,displacement,T4,NONE,NONE,,N,,TRUE,affiliation country China: human export review required before any contact
Wei Wu,,Chinese Academy of Sciences,academic,CN,Towards power device packaging: Development of Cu-Au 10min direct bonding to replace sintered Ag paste using high interface density surface activation layers,2026,https://doi.org/10.1016/j.msea.2026.149812,Materials Science and Engineering A,middle,wide bandgap power device packaging,1,0,16,displacement,T4,NONE,NONE,,N,,TRUE,affiliation country China: human export review required before any contact
Weidong Wang,,Wind Power Engineering (Japan),industry,JP,High-efficiency power electronic devices based on wide-bandgap semiconductor materials,2026,https://doi.org/10.1007/s43236-026-01335-y,Journal of Power Electronics,middle,wide bandgap power device packaging,1,1,16,displacement,T4,NONE,NONE,,N,,FALSE,
Wending Yang,,Southeast University,academic,CN,"Microscopic Mechanism of Glass Surface Activation, Annealing and Etching on Glass–Ti/Cu Interfacial Adhesion",2026,https://doi.org/10.3390/mi17070836,Micromachines,middle,chiplet package thermal,1,0,16,displacement,T4,NONE,NONE,,N,,TRUE,affiliation country China: human export review required before any contact
Wenjie Qiu,0000-0001-8724-1170,Huazhong University of Science and Technology,academic,CN,Permutation-Equivariant Graph Reinforcement Learning for Thermal-Aware Microservice Scheduling in Co-Packaged Optics Data Centers,2026,https://doi.org/10.3390/sym18071182,Symmetry,middle,co-packaged optics thermal,1,0,16,displacement,T4,polycrystalline-CVD-diamond-wafer,A5,,N,,TRUE,affiliation country China: human export review required before any contact
Wensi Yang,,Harbin Institute of Technology,academic,CN,High-temperature stable growth of thick polycrystalline diamond film on GaN enabled by a SiNx/Si double interlayer,2026,https://doi.org/10.1016/j.diamond.2026.113769,Diamond and Related Materials,middle,diamond heat spreader,1,0,16,core,T4,polycrystalline-CVD-diamond-wafer,NONE,,N,,TRUE,affiliation country China: human export review required before any contact
Willem van Driel,,Delft University of Technology,academic,NL,Co-packaged electronics with microfluidics for direct-to-package cooling,2026,https://doi.org/10.1038/s44172-026-00620-9,Communications Engineering,middle,chiplet package thermal,1,0,16,displacement,T4,NONE,NONE,,N,,FALSE,
Wujong Lee,,Korea Electric Power Corporation (South Korea),industry,KR,Thermal-Stress-Induced Degradation Monitoring and Deep-Neural-Network-Driven Lifetime Prediction of IGBT Modules in a Two-Level SVPWM Inverter,2026,https://doi.org/10.3390/electronics15081678,Electronics,middle,IGBT module thermal fatigue,1,1,16,displacement,T2,copper-diamond-composite,A4,,N,,FALSE,
Xiaohan He,0000-0002-2375-4476,Xidian University,academic,CN,Record- low thermal boundary resistance of GaN-on-diamond structure with ultra-high bonding rate via surface reconstruction bonding technique,2026,https://doi.org/10.1016/j.jallcom.2026.186906,Journal of Alloys and Compounds,middle,GaN diamond thermal,1,0,16,core,T4,GaN-on-diamond,A1,,N,,TRUE,affiliation country China: human export review required before any contact
Xiaohu Zhang,,Henan Academy of Sciences,academic,CN,Effect of carbide interface layer construction on the interface structure and thermal conductivity of diamond/copper composites,2026,https://doi.org/10.1016/j.ijrmhm.2026.107849,International Journal of Refractory Metals and Hard Materials,middle,copper diamond composite,1,0,16,core,T4,NONE,NONE,,N,,TRUE,affiliation country China: human export review required before any contact
Xiaohua Ma,,Xidian University,academic,CN,Record- low thermal boundary resistance of GaN-on-diamond structure with ultra-high bonding rate via surface reconstruction bonding technique,2026,https://doi.org/10.1016/j.jallcom.2026.186906,Journal of Alloys and Compounds,middle,GaN diamond thermal,1,0,16,core,T4,GaN-on-diamond,A1,,N,,TRUE,affiliation country China: human export review required before any contact
Xiaoqin Guo,0009-0006-0375-7561,Zhengzhou University of Aeronautics,academic,CN,"Effect of sintering temperature on the microstructure, composition, and heat transfer of the GaN/diamond interface",2026,https://doi.org/10.1016/j.ijheatmasstransfer.2026.128447,International Journal of Heat and Mass Transfer,middle,GaN diamond thermal,1,0,16,core,T4,GaN-on-diamond,A1,,N,,TRUE,affiliation country China: human export review required before any contact
Xiaowu Gao,,Harbin Institute of Technology,academic,CN,Extracting deeply buried thermal resistance in Au/Au-bonded thick Si-on-diamond,2026,https://doi.org/10.1063/5.0314427,Applied Physics Letters,middle,diamond heat spreader,1,0,16,core,T4,NONE,NONE,,N,,TRUE,affiliation country China: human export review required before any contact
Xin Jia,,National Institute of Metrology,academic,CN,"Effect of sintering temperature on the microstructure, composition, and heat transfer of the GaN/diamond interface",2026,https://doi.org/10.1016/j.ijheatmasstransfer.2026.128447,International Journal of Heat and Mass Transfer,middle,GaN diamond thermal,1,0,16,core,T4,GaN-on-diamond,A1,,N,,TRUE,affiliation country China: human export review required before any contact
Xing Hu,,Yangtze University,academic,CN,Rapid Forecast of Device Transient Temperature Response at Wafer Level Through Transducer-Less Thermoreflectance Technique,2026,https://doi.org/10.1109/ted.2026.3669874,IEEE Transactions on Electron Devices,middle,GaN HEMT thermal management,1,0,16,displacement,T4,polycrystalline-CVD-diamond-wafer,NONE,,N,,TRUE,affiliation country China: human export review required before any contact
Xinhua Wang,,Chinese Academy of Sciences,academic,CN,Investigation of N-polar GaN-diamond heterogeneous integration enabled by in-situ sputtered aluminum nitride interlayer,2026,https://doi.org/10.1016/j.diamond.2026.113310,Diamond and Related Materials,middle,diamond thermal conductivity substrate,1,0,16,core,T4,GaN-on-diamond,A2,,N,,TRUE,affiliation country China: human export review required before any contact
Xinzhu Yin,,Institut des Sciences Moléculaires,academic,FR,Tremella‐Inspired Wrinkled 1T‐MoS <sub>2</sub> @BN for Efficient Thermal Management and Microwave Absorption,2026,https://doi.org/10.1002/adfm.75355,Advanced Functional Materials,middle,near-junction thermal management,1,0,16,displacement,T4,NONE,NONE,,N,,FALSE,
Xiwei Wang,,Shandong University,academic,CN,Simulation and Preparation of 2 in. Mosaic Single Crystal Diamond Process via MPCVD,2026,https://doi.org/10.1021/acs.cgd.5c01178,Crystal Growth & Design,middle,single crystal diamond MPCVD,1,0,16,core,T4,single-crystal-CVD-diamond-plate,NONE,,N,,TRUE,affiliation country China: human export review required before any contact
Xu Wang,0000-0002-6680-690X,Henan Academy of Sciences,academic,CN,Effect of carbide interface layer construction on the interface structure and thermal conductivity of diamond/copper composites,2026,https://doi.org/10.1016/j.ijrmhm.2026.107849,International Journal of Refractory Metals and Hard Materials,middle,copper diamond composite,1,0,16,core,T4,NONE,NONE,,N,,TRUE,affiliation country China: human export review required before any contact
Xu Zou,,Xidian University,academic,CN,Record- low thermal boundary resistance of GaN-on-diamond structure with ultra-high bonding rate via surface reconstruction bonding technique,2026,https://doi.org/10.1016/j.jallcom.2026.186906,Journal of Alloys and Compounds,middle,GaN diamond thermal,1,0,16,core,T4,GaN-on-diamond,A1,,N,,TRUE,affiliation country China: human export review required before any contact
Xuanyu Zhou,0009-0008-2093-1335,"University at Buffalo, State University of New York",academic,US,Preliminary demonstration of diamond-GaN <i>p–n</i> diodes via grafting,2026,https://doi.org/10.1063/5.0309618,Applied Physics Letters,middle,GaN diamond thermal,1,0,16,core,T4,NONE,NONE,,N,,FALSE,
Xuetian Bao,,Tongfu Microelectronics (China),industry,CN,Research on Intelligent Thermal Optimization for Chiplet-Based Heterogeneously Integrated AI Chip Embedded with Leaf-Vein-Inspired Fractal Microchannels,2026,https://doi.org/10.3390/ma19040679,Materials,middle,chiplet package thermal,1,1,16,displacement,T2,polycrystalline-CVD-diamond-wafer,A2,,N,,TRUE,affiliation country China: human export review required before any contact
Xulei Wang,,Zhengzhou University of Aeronautics,academic,CN,"Effect of sintering temperature on the microstructure, composition, and heat transfer of the GaN/diamond interface",2026,https://doi.org/10.1016/j.ijheatmasstransfer.2026.128447,International Journal of Heat and Mass Transfer,middle,GaN diamond thermal,1,0,16,core,T4,GaN-on-diamond,A1,,N,,TRUE,affiliation country China: human export review required before any contact
Y W Sun,,Wuhan University,academic,CN,"Wafer Warpage of Silicon Interposer in Manufacturing Processes for High Density 2.5D Advanced Packaging: Causes, Measurement, Analysis and Optimization",2026,https://doi.org/10.1016/j.fmre.2026.05.008,Fundamental Research,middle,chiplet package thermal,1,0,16,displacement,T4,polycrystalline-CVD-diamond-wafer,A2,,N,,TRUE,affiliation country China: human export review required before any contact
Y. Lu,,University of Wisconsin–Madison,academic,US,Preliminary demonstration of diamond-GaN <i>p–n</i> diodes via grafting,2026,https://doi.org/10.1063/5.0309618,Applied Physics Letters,middle,GaN diamond thermal,1,0,16,core,T4,NONE,NONE,,N,,FALSE,
Yabing Li,,Fudan University,academic,CN,Interfacial Engineering toward Ultralow Thermal Boundary Resistance at Metal–Semiconductor Contacts,2026,https://doi.org/10.1021/acs.nanolett.5c05501,Nano Letters,middle,thermal boundary resistance GaN,1,0,16,displacement,T4,NONE,NONE,,N,,TRUE,affiliation country China: human export review required before any contact
Yabo Huang,,Zhengzhou University of Aeronautics,academic,CN,"Effect of sintering temperature on the microstructure, composition, and heat transfer of the GaN/diamond interface",2026,https://doi.org/10.1016/j.ijheatmasstransfer.2026.128447,International Journal of Heat and Mass Transfer,middle,GaN diamond thermal,1,0,16,core,T4,GaN-on-diamond,A1,,N,,TRUE,affiliation country China: human export review required before any contact
Yan Peng,,Shandong University,academic,CN,Simulation and Preparation of 2 in. Mosaic Single Crystal Diamond Process via MPCVD,2026,https://doi.org/10.1021/acs.cgd.5c01178,Crystal Growth & Design,middle,single crystal diamond MPCVD,1,0,16,core,T4,single-crystal-CVD-diamond-plate,NONE,,N,,TRUE,affiliation country China: human export review required before any contact
Yan Shi,,Guizhou University,academic,CN,Battery-like asymmetric supercapacitors from vertically aligned Ni5P4/Ni2P nanosheets coated conductive diamond: Design and demonstrator,2026,https://doi.org/10.1016/j.est.2026.123764,Journal of Energy Storage,middle,diamond thermal conductivity substrate,1,0,16,core,T4,NONE,NONE,,N,,TRUE,affiliation country China: human export review required before any contact
Yan Zhou,,Nanjing Normal University,academic,CN,Extracting deeply buried thermal resistance in Au/Au-bonded thick Si-on-diamond,2026,https://doi.org/10.1063/5.0314427,Applied Physics Letters,middle,diamond heat spreader,1,0,16,core,T4,NONE,NONE,,N,,TRUE,affiliation country China: human export review required before any contact
Yang Liu,0009-0003-6682-1186,University of Wisconsin–Madison,academic,US,Preliminary demonstration of diamond-GaN <i>p–n</i> diodes via grafting,2026,https://doi.org/10.1063/5.0309618,Applied Physics Letters,middle,GaN diamond thermal,1,0,16,core,T4,NONE,NONE,,N,,FALSE,
Yanze Gao,0000-0002-8249-1338,Wuhan University of Technology,academic,CN,"Wafer Warpage of Silicon Interposer in Manufacturing Processes for High Density 2.5D Advanced Packaging: Causes, Measurement, Analysis and Optimization",2026,https://doi.org/10.1016/j.fmre.2026.05.008,Fundamental Research,middle,chiplet package thermal,1,0,16,displacement,T4,polycrystalline-CVD-diamond-wafer,A2,,N,,TRUE,affiliation country China: human export review required before any contact
Yaohui Rong,,Anhui University,academic,CN,Thermal-mechanical co-design and optimization of 2.5D chiplet integration,2026,https://doi.org/10.1016/j.microrel.2026.116156,Microelectronics Reliability,middle,chiplet package thermal,1,0,16,displacement,T4,polycrystalline-CVD-diamond-wafer,A2,,N,,TRUE,affiliation country China: human export review required before any contact
Yeonjoo Lee,0000-0003-2096-5160,Los Alamos National Laboratory,academic,US,"Advances and Future Challenges in Monolithic 3D Integrated Logic, Power, and Optoelectronics Technologies for Tightly Interconnected Intelligent Systems",2026,https://doi.org/10.1021/acsnano.5c15601,ACS Nano,middle,laser diode thermal management,1,0,16,displacement,T4,polycrystalline-CVD-diamond-wafer,A2,,N,,FALSE,
Yi Teng,,Nanjing University of Posts and Telecommunications,academic,CN,Research on Intelligent Thermal Optimization for Chiplet-Based Heterogeneously Integrated AI Chip Embedded with Leaf-Vein-Inspired Fractal Microchannels,2026,https://doi.org/10.3390/ma19040679,Materials,middle,chiplet package thermal,1,0,16,displacement,T4,polycrystalline-CVD-diamond-wafer,A2,,N,,TRUE,affiliation country China: human export review required before any contact
Yicun Li,,Harbin Institute of Technology,academic,CN,High-temperature stable growth of thick polycrystalline diamond film on GaN enabled by a SiNx/Si double interlayer,2026,https://doi.org/10.1016/j.diamond.2026.113769,Diamond and Related Materials,middle,diamond heat spreader,1,0,16,core,T4,polycrystalline-CVD-diamond-wafer,NONE,,N,,TRUE,affiliation country China: human export review required before any contact
Yifu Guo,0009-0001-9770-9061,University of Michigan,academic,US,Preliminary demonstration of diamond-GaN <i>p–n</i> diodes via grafting,2026,https://doi.org/10.1063/5.0309618,Applied Physics Letters,middle,GaN diamond thermal,1,0,16,core,T4,NONE,NONE,,N,,FALSE,
Yikang Zhou,,Semiconductor Manufacturing International (China),industry,CN,"Wafer Warpage of Silicon Interposer in Manufacturing Processes for High Density 2.5D Advanced Packaging: Causes, Measurement, Analysis and Optimization",2026,https://doi.org/10.1016/j.fmre.2026.05.008,Fundamental Research,middle,chiplet package thermal,1,1,16,displacement,T2,polycrystalline-CVD-diamond-wafer,A2,,N,,TRUE,affiliation country China: human export review required before any contact
Yinfei Xie,0000-0002-9208-8868,Harbin Institute of Technology,academic,CN,Extracting deeply buried thermal resistance in Au/Au-bonded thick Si-on-diamond,2026,https://doi.org/10.1063/5.0314427,Applied Physics Letters,middle,diamond heat spreader,1,0,16,core,T4,NONE,NONE,,N,,TRUE,affiliation country China: human export review required before any contact
Yingnan Wang,0009-0000-7206-524X,Shandong University,academic,CN,Simulation and Preparation of 2 in. Mosaic Single Crystal Diamond Process via MPCVD,2026,https://doi.org/10.1021/acs.cgd.5c01178,Crystal Growth & Design,middle,single crystal diamond MPCVD,1,0,16,core,T4,single-crystal-CVD-diamond-plate,NONE,,N,,TRUE,affiliation country China: human export review required before any contact
Yong Long,,Chinese Academy of Sciences,academic,CN,Piezotronic probe modulates the piezoelectric-electric-thermal coupling field in GaN power electronics,2026,https://doi.org/10.1039/d5nh00772k,Nanoscale Horizons,middle,GaN HEMT thermal management,1,0,16,displacement,T4,NONE,NONE,,N,,TRUE,affiliation country China: human export review required before any contact
Yoshinori Isoda,,NGK Spark Plug (Japan),industry,JP,Epitaxial growth and characterization of AlGaN/GaN HEMT structures on 4 inch directly bonded GaN/SiC substrates,2026,https://doi.org/10.35848/1347-4065/ae6c7c,Japanese Journal of Applied Physics,middle,thermal boundary resistance GaN,1,1,16,displacement,T4,NONE,A1,,N,,FALSE,
Yoshitaka Kuraoka,,NGK Spark Plug (Japan),industry,JP,Epitaxial growth and characterization of AlGaN/GaN HEMT structures on 4 inch directly bonded GaN/SiC substrates,2026,https://doi.org/10.35848/1347-4065/ae6c7c,Japanese Journal of Applied Physics,middle,thermal boundary resistance GaN,1,1,16,displacement,T4,NONE,A1,,N,,FALSE,
Youdi Hu,,Precision Research (United States),industry,US,Laser-Assisted Mass Transfer Technology for Microlight-Emitting Diodes,2026,https://doi.org/10.1007/s41871-025-00289-2,Nanomanufacturing and Metrology,middle,laser diode thermal management,1,1,16,displacement,T4,NONE,NONE,,N,,FALSE,
Young Jae Song,0000-0001-6172-3817,Sungkyunkwan University,academic,KR,"Advances and Future Challenges in Monolithic 3D Integrated Logic, Power, and Optoelectronics Technologies for Tightly Interconnected Intelligent Systems",2026,https://doi.org/10.1021/acsnano.5c15601,ACS Nano,middle,laser diode thermal management,1,0,16,displacement,T4,polycrystalline-CVD-diamond-wafer,A2,,N,,FALSE,
Yu Chen,,Chinese Academy of Sciences,academic,CN,Investigation of N-polar GaN-diamond heterogeneous integration enabled by in-situ sputtered aluminum nitride interlayer,2026,https://doi.org/10.1016/j.diamond.2026.113310,Diamond and Related Materials,middle,diamond thermal conductivity substrate,1,0,16,core,T4,GaN-on-diamond,A2,,N,,TRUE,affiliation country China: human export review required before any contact
Yu Li,0000-0002-7006-7433,Quartz Corp (Norway),industry,NO,Synergistic optimization of plasma uniformity and active species density in MPCVD systems: A study based on multiphysics simulation and response surface methodology,2026,https://doi.org/10.1016/j.vacuum.2026.115568,Vacuum,middle,single crystal diamond MPCVD,1,1,16,core,T2,single-crystal-CVD-diamond-plate,NONE,,N,,FALSE,
Yu Liang,,Nanjing University of Posts and Telecommunications,academic,CN,Research on Intelligent Thermal Optimization for Chiplet-Based Heterogeneously Integrated AI Chip Embedded with Leaf-Vein-Inspired Fractal Microchannels,2026,https://doi.org/10.3390/ma19040679,Materials,middle,chiplet package thermal,1,0,16,displacement,T4,polycrystalline-CVD-diamond-wafer,A2,,N,,TRUE,affiliation country China: human export review required before any contact
Yu Zhou,,University of Science and Technology of China,academic,CN,Investigation of N-polar GaN-diamond heterogeneous integration enabled by in-situ sputtered aluminum nitride interlayer,2026,https://doi.org/10.1016/j.diamond.2026.113310,Diamond and Related Materials,middle,diamond thermal conductivity substrate,1,0,16,core,T4,GaN-on-diamond,A2,,N,,TRUE,affiliation country China: human export review required before any contact
Yuan Li,,Wuhan University,academic,CN,Record- low thermal boundary resistance of GaN-on-diamond structure with ultra-high bonding rate via surface reconstruction bonding technique,2026,https://doi.org/10.1016/j.jallcom.2026.186906,Journal of Alloys and Compounds,middle,GaN diamond thermal,1,0,16,core,T4,GaN-on-diamond,A1,,N,,TRUE,affiliation country China: human export review required before any contact
Yuan-Xi Jia,,Beijing Founder Electronics (China),industry,CN,β-Ga2O3 diodes with ultra-high surge current enabled by Ag/AMB-AlN flip-chip packaging,2026,https://doi.org/10.1016/j.jnlest.2026.100347,Journal of Electronic Science and Technology,middle,wide bandgap power device packaging,1,1,16,displacement,T4,NONE,NONE,,N,,TRUE,affiliation country China: human export review required before any contact
Yuehan Yue,,Zhengzhou University of Aeronautics,academic,CN,"Effect of sintering temperature on the microstructure, composition, and heat transfer of the GaN/diamond interface",2026,https://doi.org/10.1016/j.ijheatmasstransfer.2026.128447,International Journal of Heat and Mass Transfer,middle,GaN diamond thermal,1,0,16,core,T4,GaN-on-diamond,A1,,N,,TRUE,affiliation country China: human export review required before any contact
Yuheng Wei,,Beijing Jingshida Electromechanical Equipment Research Institute,academic,CN,Effect of coupled/decoupled turbine guide vanes on reverse-flow combustor and mechanisms of bend-induced hot-streak bias,2026,https://doi.org/10.1016/j.ast.2026.112490,Aerospace Science and Technology,middle,near-junction thermal management,1,0,16,displacement,T4,NONE,NONE,,N,,TRUE,affiliation country China: human export review required before any contact
Yuxiao Ma,,Wuhan University of Technology,academic,CN,Rapid Forecast of Device Transient Temperature Response at Wafer Level Through Transducer-Less Thermoreflectance Technique,2026,https://doi.org/10.1109/ted.2026.3669874,IEEE Transactions on Electron Devices,middle,GaN HEMT thermal management,1,0,16,displacement,T4,polycrystalline-CVD-diamond-wafer,NONE,,N,,TRUE,affiliation country China: human export review required before any contact
Yuxin Wang,,Chinese Academy of Sciences,academic,CN,Piezotronic probe modulates the piezoelectric-electric-thermal coupling field in GaN power electronics,2026,https://doi.org/10.1039/d5nh00772k,Nanoscale Horizons,middle,GaN HEMT thermal management,1,0,16,displacement,T4,NONE,NONE,,N,,TRUE,affiliation country China: human export review required before any contact
Yuxiu Liu,,Chinese Academy of Sciences,academic,CN,Piezotronic probe modulates the piezoelectric-electric-thermal coupling field in GaN power electronics,2026,https://doi.org/10.1039/d5nh00772k,Nanoscale Horizons,middle,GaN HEMT thermal management,1,0,16,displacement,T4,NONE,NONE,,N,,TRUE,affiliation country China: human export review required before any contact
Yuzheng Guo,,Wuhan University,academic,CN,"Wafer Warpage of Silicon Interposer in Manufacturing Processes for High Density 2.5D Advanced Packaging: Causes, Measurement, Analysis and Optimization",2026,https://doi.org/10.1016/j.fmre.2026.05.008,Fundamental Research,middle,chiplet package thermal,1,0,16,displacement,T4,polycrystalline-CVD-diamond-wafer,A2,,N,,TRUE,affiliation country China: human export review required before any contact
Z.H Li,0009-0004-0927-5673,Wuhan University of Technology,academic,CN,"Wafer Warpage of Silicon Interposer in Manufacturing Processes for High Density 2.5D Advanced Packaging: Causes, Measurement, Analysis and Optimization",2026,https://doi.org/10.1016/j.fmre.2026.05.008,Fundamental Research,middle,chiplet package thermal,1,0,16,displacement,T4,polycrystalline-CVD-diamond-wafer,A2,,N,,TRUE,affiliation country China: human export review required before any contact
Zan Wu,,Innovation Team (China),industry,CN,Enabling record-high heat flux in wide-bandgap electronics via in-chip microfluidic cooling on diamond substrates,2026,https://doi.org/10.1007/s11431-025-3150-x,Science China Technological Sciences,middle,diamond heat spreader,1,1,16,core,T4,NONE,NONE,,Y,phantom institution: innovation team,TRUE,affiliation country China: human export review required before any contact
Zetian Mi,0000-0001-9494-7390,University of Michigan,academic,US,Preliminary demonstration of diamond-GaN <i>p–n</i> diodes via grafting,2026,https://doi.org/10.1063/5.0309618,Applied Physics Letters,middle,GaN diamond thermal,1,0,16,core,T4,NONE,NONE,,N,,FALSE,
Zhen Liu,,Zhengzhou University of Aeronautics,academic,CN,"Effect of sintering temperature on the microstructure, composition, and heat transfer of the GaN/diamond interface",2026,https://doi.org/10.1016/j.ijheatmasstransfer.2026.128447,International Journal of Heat and Mass Transfer,middle,GaN diamond thermal,1,0,16,core,T4,GaN-on-diamond,A1,,N,,TRUE,affiliation country China: human export review required before any contact
Zheng Zhang,,Beijing Microelectronics Technology Institute,academic,CN,β-Ga2O3 diodes with ultra-high surge current enabled by Ag/AMB-AlN flip-chip packaging,2026,https://doi.org/10.1016/j.jnlest.2026.100347,Journal of Electronic Science and Technology,middle,wide bandgap power device packaging,1,0,16,displacement,T4,NONE,NONE,,N,,TRUE,affiliation country China: human export review required before any contact
Zhengyi Zhang,,Zhengzhou University of Aeronautics,academic,CN,"Effect of sintering temperature on the microstructure, composition, and heat transfer of the GaN/diamond interface",2026,https://doi.org/10.1016/j.ijheatmasstransfer.2026.128447,International Journal of Heat and Mass Transfer,middle,GaN diamond thermal,1,0,16,core,T4,GaN-on-diamond,A1,,N,,TRUE,affiliation country China: human export review required before any contact
Zhiliang Xia,,"Yangtze Memory Technologies Co., Ltd, Wuhan 430205, China",industry,,"Wafer Warpage of Silicon Interposer in Manufacturing Processes for High Density 2.5D Advanced Packaging: Causes, Measurement, Analysis and Optimization",2026,https://doi.org/10.1016/j.fmre.2026.05.008,Fundamental Research,middle,chiplet package thermal,1,1,16,displacement,T2,polycrystalline-CVD-diamond-wafer,A2,,N,,FALSE,
Zhiqiang Li,0000-0002-6942-1642,Institut des Sciences Moléculaires,academic,FR,Tremella‐Inspired Wrinkled 1T‐MoS <sub>2</sub> @BN for Efficient Thermal Management and Microwave Absorption,2026,https://doi.org/10.1002/adfm.75355,Advanced Functional Materials,middle,near-junction thermal management,1,0,16,displacement,T4,NONE,NONE,,N,,FALSE,
Zhiwei Fu,,University of Jinan,academic,CN,Tremella‐Inspired Wrinkled 1T‐MoS <sub>2</sub> @BN for Efficient Thermal Management and Microwave Absorption,2026,https://doi.org/10.1002/adfm.75355,Advanced Functional Materials,middle,near-junction thermal management,1,0,16,displacement,T4,NONE,NONE,,N,,TRUE,affiliation country China: human export review required before any contact
Zhiwen Chen,,Wuhan University of Technology,academic,CN,"Wafer Warpage of Silicon Interposer in Manufacturing Processes for High Density 2.5D Advanced Packaging: Causes, Measurement, Analysis and Optimization",2026,https://doi.org/10.1016/j.fmre.2026.05.008,Fundamental Research,middle,chiplet package thermal,1,0,16,displacement,T4,polycrystalline-CVD-diamond-wafer,A2,,N,,TRUE,affiliation country China: human export review required before any contact
Zhixin Zhu,,Zhejiang University,academic,CN,Effect of coupled/decoupled turbine guide vanes on reverse-flow combustor and mechanisms of bend-induced hot-streak bias,2026,https://doi.org/10.1016/j.ast.2026.112490,Aerospace Science and Technology,middle,near-junction thermal management,1,0,16,displacement,T4,NONE,NONE,,N,,TRUE,affiliation country China: human export review required before any contact
Zhiyuan Zhu,,Henan Academy of Sciences,academic,CN,Effect of carbide interface layer construction on the interface structure and thermal conductivity of diamond/copper composites,2026,https://doi.org/10.1016/j.ijrmhm.2026.107849,International Journal of Refractory Metals and Hard Materials,middle,copper diamond composite,1,0,16,core,T4,NONE,NONE,,N,,TRUE,affiliation country China: human export review required before any contact
Zhong Zhang,,Taiwan Semiconductor Manufacturing Company (China),industry,CN,"Microscopic Mechanism of Glass Surface Activation, Annealing and Etching on Glass–Ti/Cu Interfacial Adhesion",2026,https://doi.org/10.3390/mi17070836,Micromachines,middle,chiplet package thermal,1,1,16,displacement,T4,NONE,NONE,,N,,TRUE,affiliation country China: human export review required before any contact
Zhonghao Li,,Southeast University,academic,CN,"Microscopic Mechanism of Glass Surface Activation, Annealing and Etching on Glass–Ti/Cu Interfacial Adhesion",2026,https://doi.org/10.3390/mi17070836,Micromachines,middle,chiplet package thermal,1,0,16,displacement,T4,NONE,NONE,,N,,TRUE,affiliation country China: human export review required before any contact
Zihan Zhang,0000-0002-4184-1581,Delft University of Technology,academic,NL,Co-packaged electronics with microfluidics for direct-to-package cooling,2026,https://doi.org/10.1038/s44172-026-00620-9,Communications Engineering,middle,chiplet package thermal,1,0,16,displacement,T4,NONE,NONE,,N,,FALSE,
Zoltán Sárkány,,Siemens (Germany),industry,DE,Improved Thermal Transient Testing of Wide Bandgap Devices with Extremely Low Channel Resistance,2026,https://doi.org/10.3390/en19112678,Energies,middle,wide bandgap power device packaging,1,1,16,displacement,T4,NONE,NONE,,N,,FALSE,
Zongliang Huo,,"Yangtze Memory Technologies Co., Ltd, Wuhan 430205, China",industry,,"Wafer Warpage of Silicon Interposer in Manufacturing Processes for High Density 2.5D Advanced Packaging: Causes, Measurement, Analysis and Optimization",2026,https://doi.org/10.1016/j.fmre.2026.05.008,Fundamental Research,middle,chiplet package thermal,1,1,16,displacement,T2,polycrystalline-CVD-diamond-wafer,A2,,N,,FALSE,
赵炯,,Zhengzhou Institute of Machinery,academic,CN,Effect of carbide interface layer construction on the interface structure and thermal conductivity of diamond/copper composites,2026,https://doi.org/10.1016/j.ijrmhm.2026.107849,International Journal of Refractory Metals and Hard Materials,middle,copper diamond composite,1,0,16,core,T4,NONE,NONE,,N,,TRUE,affiliation country China: human export review required before any contact
A. Arisi,,Whitney Museum of American Art,academic,US,Thermal Performance Comparisons of Advanced Cooling Designs Under Engine Representative Conditions,2025,https://doi.org/10.1115/1.4069495,Journal of Turbomachinery,middle,diamond heat spreader,1,0,16,core,T4,NONE,NONE,,N,,FALSE,
A. Razia Sulthana,0000-0001-5331-1310,University of Greenwich,academic,GB,Modelling the fatigue damage in power components using machine learning technology,2025,https://doi.org/10.1016/j.pedc.2025.100079,Power Electronic Devices and Components,middle,IGBT module thermal fatigue,1,0,16,displacement,T4,NONE,NONE,,N,,FALSE,
A.F. Kirichenko,0000-0002-0631-3257,Seqwater,academic,AU,Single Flux Quantum Circuit Operation at Millikelvin Temperatures,2025,https://doi.org/10.1109/tasc.2025.3639528,IEEE Transactions on Applied Superconductivity,middle,near-junction thermal management,1,0,16,displacement,T4,NONE,A6,,N,,FALSE,
Adam Weis,0000-0003-0211-5621,Seqwater,academic,AU,Single Flux Quantum Circuit Operation at Millikelvin Temperatures,2025,https://doi.org/10.1109/tasc.2025.3639528,IEEE Transactions on Applied Superconductivity,middle,near-junction thermal management,1,0,16,displacement,T4,NONE,A6,,N,,FALSE,
Ahamed Raihan,,,unknown,,Dielectric properties of conducting boron-doped diamond,2025,https://doi.org/10.1364/ao.576402,Applied Optics,middle,diamond thermal conductivity substrate,1,0,16,core,T4,NONE,NONE,,Y,empty affiliation,FALSE,
Aijie Ma,0000-0002-1031-392X,Xi'an Technological University,academic,CN,Research progress in interface optimization and preparation technology of high thermal conductivity diamond/copper composite materials,2025,https://doi.org/10.3389/fmats.2025.1582990,Frontiers in Materials,middle,copper diamond composite,1,0,16,core,T4,NONE,NONE,,N,,TRUE,affiliation country China: human export review required before any contact
Aizat Abas,0000-0002-7014-0370,Universiti Sains Malaysia,academic,MY,Numerical analysis of thermal performance in semi-enclosed electronics: investigating active and passive cooling techniques for SSD-driven single-board devices,2025,https://doi.org/10.1016/j.rineng.2025.106669,Results in Engineering,middle,near-junction thermal management,1,0,16,displacement,T4,NONE,NONE,,N,,FALSE,
Akihiro Suzuki,0000-0001-7579-5184,Hokkaido University,academic,JP,Controlling Thermal Conductivity of Amorphous SiO<sub><i>x</i></sub> Films through Structural Engineering Utilizing Single Crystal Substrate Surfaces,2025,https://doi.org/10.1021/acs.nanolett.5c00646,Nano Letters,middle,wide bandgap power device packaging,1,0,16,displacement,T4,NONE,NONE,,N,,FALSE,
Alen Jhang,0009-0007-8619-7877,National Cheng Kung University,academic,TW,MPCVD diamond thin films as heat spreaders for back end of the line (BEOL) silicon chip fabrication,2025,https://doi.org/10.1016/j.diamond.2025.112999,Diamond and Related Materials,middle,diamond heat spreader,1,0,16,core,T4,single-crystal-CVD-diamond-plate,NONE,,N,,FALSE,
Aliaa Hajiah,,Kuwait Petroleum Corporation (Kuwait),industry,KW,Simulation of Heat Generation in Reduced Graphene Oxide (RGO)-Contacted Lead-Free Cs3Sb2I9 Perovskite Solar Cells Using COMSOL,2025,https://doi.org/10.1007/s11664-025-12130-z,Journal of Electronic Materials,middle,near-junction thermal management,1,1,16,displacement,T4,NONE,NONE,,N,,FALSE,
Anbin Liu,,Chongqing University,academic,CN,Experimental Investigation on Fatigue Failure Evolution of Press-Pack IGBT Devices Under MMC Operating Conditions,2025,https://doi.org/10.1109/tpel.2025.3557046,IEEE Transactions on Power Electronics,middle,IGBT module thermal fatigue,1,0,16,displacement,T4,copper-diamond-composite,A4,,N,,TRUE,affiliation country China: human export review required before any contact
Andrew H. Kang,,Siliconware Precision Industries (Taiwan),industry,TW,Using FEM Simulation to Predict the Mechanical and Thermal Performance of FO-EB-T Package,2025,https://doi.org/10.4071/001c.129749,IMAPSource Proceedings,middle,chiplet package thermal,1,1,16,displacement,T4,NONE,NONE,,N,,FALSE,
Aramais R. Zakharian,,Corning (United States),industry,US,Optical Design and Applications for Ion-Exchanged Glass Waveguide Circuits,2025,https://doi.org/10.1109/tcpmt.2025.3526500,IEEE Transactions on Components Packaging and Manufacturing Technology,middle,co-packaged optics thermal,1,1,16,displacement,T4,NONE,NONE,,N,,FALSE,
Arpit Nandi,0000-0003-1160-8655,University of Bristol,academic,GB,Thermal Boundary Resistance Reduction by Interfacial Nanopatterning for GaN-on-Diamond Electronics Applications,2025,https://doi.org/10.1021/acsaelm.5c00119,ACS Applied Electronic Materials,middle,diamond thermal conductivity substrate,1,0,16,core,T4,GaN-on-diamond,NONE,,N,,FALSE,
Arulraj Simon Prabu,,St. Joseph's Institute of Technology,academic,IN,Fiber optic system dispersion compensation management within optical fiber communication channels through the control of all hybrid optical amplifiers: simulative study,2025,https://doi.org/10.1515/joc-2025-0038,Journal of Optical Communications,middle,laser diode thermal management,1,0,16,displacement,T4,NONE,NONE,,N,,FALSE,
Astrid Dzotcha Kengne,,,unknown,,Dielectric properties of conducting boron-doped diamond,2025,https://doi.org/10.1364/ao.576402,Applied Optics,middle,diamond thermal conductivity substrate,1,0,16,core,T4,NONE,NONE,,Y,empty affiliation,FALSE,
Ata Kishore Kumar,,"Department of Electronics and Communication Engineering , Mohan Babu University (Erstwhile Sree Vidya Nikethan Engineering College) , Tirupati , Andhra Pradesh , India",academic,,Fiber optic system dispersion compensation management within optical fiber communication channels through the control of all hybrid optical amplifiers: simulative study,2025,https://doi.org/10.1515/joc-2025-0038,Journal of Optical Communications,middle,laser diode thermal management,1,0,16,displacement,T4,NONE,NONE,,N,,FALSE,
Atsushi Kuroha,,Tokyo Electron (Japan),industry,JP,Panel Level Package: Reliability Evaluation of Double-sided Direct Copper Plated Interconnects on Embedded Power Die by Thermal and Electrical Stress Test,2025,https://doi.org/10.4071/001c.151188,IMAPSource Proceedings,middle,die attach thermal resistance,1,1,16,displacement,T4,NONE,NONE,,N,,FALSE,
Betsy J. Johnson,,Corning (United States),industry,US,Optical Design and Applications for Ion-Exchanged Glass Waveguide Circuits,2025,https://doi.org/10.1109/tcpmt.2025.3526500,IEEE Transactions on Components Packaging and Manufacturing Technology,middle,co-packaged optics thermal,1,1,16,displacement,T4,NONE,NONE,,N,,FALSE,
Bing Wang,0000-0003-3739-734X,Beijing University of Technology,academic,CN,A study on interfacial structure design and thermal conductivity optimization of diamond/copper composites,2025,https://doi.org/10.1039/d5ma01082a,Materials Advances,middle,copper diamond composite,1,0,16,core,T4,NONE,NONE,,N,,TRUE,affiliation country China: human export review required before any contact
Bing Xiong,0000-0002-1015-4578,Tsinghua University,academic,CN,Synergistic optimization of material innovation and interface engineering for COD mitigation in high-power GaN-based blue laser diodes,2025,https://doi.org/10.1063/5.0281042,Applied Physics Letters,middle,laser diode thermal management,1,0,16,displacement,T4,NONE,A3,,N,,TRUE,affiliation country China: human export review required before any contact
Bo Peng,0009-0009-0527-5322,Beijing University of Technology,academic,CN,A study on interfacial structure design and thermal conductivity optimization of diamond/copper composites,2025,https://doi.org/10.1039/d5ma01082a,Materials Advances,middle,copper diamond composite,1,0,16,core,T4,NONE,NONE,,N,,TRUE,affiliation country China: human export review required before any contact
Brian Bersch,0000-0003-3599-1329,Northrop Grumman (United States),industry,US,Performance Enhancement of GaN Super-Lattice Castellated Field-Effect Transistors (SLCFETs) via Topside Integration of Near-Isotropic Polycrystalline Diamond,2025,https://doi.org/10.1109/led.2025.3602825,IEEE Electron Device Letters,middle,diamond heat spreader,1,1,16,core,T2,polycrystalline-CVD-diamond-wafer,NONE,,N,,FALSE,
Changsug Lee,,Taiwan Semiconductor Manufacturing Company (Taiwan),industry,TW,MPCVD diamond thin films as heat spreaders for back end of the line (BEOL) silicon chip fabrication,2025,https://doi.org/10.1016/j.diamond.2025.112999,Diamond and Related Materials,middle,diamond heat spreader,1,1,16,core,T2,single-crystal-CVD-diamond-plate,NONE,,N,,FALSE,
Changzheng Sun,0000-0002-8628-5646,Tsinghua University,academic,CN,Synergistic optimization of material innovation and interface engineering for COD mitigation in high-power GaN-based blue laser diodes,2025,https://doi.org/10.1063/5.0281042,Applied Physics Letters,middle,laser diode thermal management,1,0,16,displacement,T4,NONE,A3,,N,,TRUE,affiliation country China: human export review required before any contact
Chao Yuan,0000-0003-3116-6049,Wuhan University of Technology,academic,CN,GaN HEMTs on 4H-SiC/Diamond Engineered Substrate With Enhanced Heat Dissipation,2025,https://doi.org/10.1109/led.2025.3635043,IEEE Electron Device Letters,middle,GaN diamond thermal,1,0,16,core,T4,GaN-on-diamond,A1,,N,,TRUE,affiliation country China: human export review required before any contact
Chen-Chao Wang,0000-0002-7690-6656,Advanced Semiconductor Engineering (Taiwan),industry,TW,Advanced Mechanical Analysis Workflow for Chiplets Integration Predictive Design,2025,https://doi.org/10.4071/001c.129007,IMAPSource Proceedings,middle,chiplet package thermal,1,1,16,displacement,T2,polycrystalline-CVD-diamond-wafer,A2,,N,,FALSE,
Cheng‐Chi Wang,0000-0002-3009-6571,InnoLux (Taiwan),industry,TW,Low-loss polymeric waveguides for co-packaged optics on glass substrates,2025,https://doi.org/10.1088/2515-7647/ae079b,Journal of Physics Photonics,middle,co-packaged optics thermal,1,1,16,displacement,T2,polycrystalline-CVD-diamond-wafer,A5,,N,,FALSE,
Chi Zhang,0000-0001-8711-1974,Peking University,academic,CN,Reducing Warpage for Polymer-Based Embedded Silicon Fan-Out (P-eSiFO) Packaging During Thermal Process Loadings,2025,https://doi.org/10.1109/tcpmt.2025.3578042,IEEE Transactions on Components Packaging and Manufacturing Technology,middle,chiplet package thermal,1,0,16,displacement,T4,NONE,NONE,,N,,TRUE,affiliation country China: human export review required before any contact
Chien-Po Chao,,Opto Eletrônica (Brazil),industry,BR,Design and fabrication of a four-channel CWDM cooled DFB-LD module with OSFP electrical interface for CPO external laser sources,2025,https://doi.org/10.1364/optcon.569826,Optics Continuum,middle,co-packaged optics thermal,1,1,16,displacement,T4,NONE,A5,,N,,FALSE,
Chinli Kou,,Advanced Semiconductor Engineering (Taiwan),industry,TW,Advanced Mechanical Analysis Workflow for Chiplets Integration Predictive Design,2025,https://doi.org/10.4071/001c.129007,IMAPSource Proceedings,middle,chiplet package thermal,1,1,16,displacement,T2,polycrystalline-CVD-diamond-wafer,A2,,N,,FALSE,
Christopher Thomas,,Widetronix (United States),industry,US,Dielectric properties of conducting boron-doped diamond,2025,https://doi.org/10.1364/ao.576402,Applied Optics,middle,diamond thermal conductivity substrate,1,1,16,core,T4,NONE,NONE,,N,,FALSE,
Chun-Liang Yang,0000-0002-4374-2202,,unknown,,Design and fabrication of a four-channel CWDM cooled DFB-LD module with OSFP electrical interface for CPO external laser sources,2025,https://doi.org/10.1364/optcon.569826,Optics Continuum,middle,co-packaged optics thermal,1,0,16,displacement,T4,NONE,A5,,Y,empty affiliation,FALSE,
Chung-Wei Lin,,Mitsubishi Electric (United States),industry,US,An Accurate Electrical and Thermal Co-Simulation Framework for Modeling High-Temperature DC and Pulsed I - V Characteristics of GaN HEMTs,2025,https://doi.org/10.1109/jeds.2025.3528307,IEEE Journal of the Electron Devices Society,middle,GaN HEMT thermal management,1,1,16,displacement,T4,NONE,A1,,N,,FALSE,
Cun Zhang,0000-0001-8673-3077,Shijiazhuang Tiedao University,academic,CN,The effect of vacancy defects on the interfacial thermal resistance at the GaN/diamond interfaces: molecular dynamics simulation,2025,https://doi.org/10.1088/1361-651x/adcfb7,Modelling and Simulation in Materials Science and Engineering,middle,GaN diamond thermal,1,0,16,core,T4,GaN-on-diamond,A1,,N,,TRUE,affiliation country China: human export review required before any contact
D. Cherns,0000-0002-5419-5486,University of Bristol,academic,GB,Thermal Boundary Resistance Reduction by Interfacial Nanopatterning for GaN-on-Diamond Electronics Applications,2025,https://doi.org/10.1021/acsaelm.5c00119,ACS Applied Electronic Materials,middle,diamond thermal conductivity substrate,1,0,16,core,T4,GaN-on-diamond,NONE,,N,,FALSE,
Daniel Francis,0000-0002-8675-5134,University of Bristol,academic,GB,Thermal Boundary Resistance Reduction by Interfacial Nanopatterning for GaN-on-Diamond Electronics Applications,2025,https://doi.org/10.1021/acsaelm.5c00119,ACS Applied Electronic Materials,middle,diamond thermal conductivity substrate,1,0,16,core,T4,GaN-on-diamond,NONE,,N,,FALSE,
Danlei Jiang,,Huazhong University of Science and Technology,academic,CN,Analytical Modeling and Validation of Thermal Fatigue Failure in Die Attach Structures for Power Electronics Modules,2025,https://doi.org/10.1007/s11664-025-12410-8,Journal of Electronic Materials,middle,IGBT module thermal fatigue,1,0,16,displacement,T4,single-crystal-CVD-diamond-plate,A4,,N,,TRUE,affiliation country China: human export review required before any contact
Danny J. Lohan,0000-0002-0931-700X,Toyota Motor Corporation (Switzerland),industry,CH,"Applications, Design Methods, and Challenges for Additive Manufacturing of Thermal Solutions for Heterogeneous Integration of Electronics",2025,https://doi.org/10.1115/1.4067649,Journal of Electronic Packaging,middle,chiplet package thermal,1,1,16,displacement,T4,NONE,A2,,N,,FALSE,
Darshit Jangid,0009-0004-0869-3224,Quantum Design (Germany),industry,DE,Multi-Modal Approach for Quality Control and Failure Analysis of Metal Lines for Chiplets Integration,2025,https://doi.org/10.1093/mam/ozaf048.166,Microscopy and Microanalysis,middle,chiplet package thermal,1,1,16,displacement,T2,polycrystalline-CVD-diamond-wafer,A2,,N,,FALSE,
David Z. Pan,0000-0002-5705-2501,The University of Texas at Austin,academic,US,Integrating silicon photonics with complementary metal–oxide–semiconductor technologies,2025,https://doi.org/10.1038/s44287-025-00223-0,Nature Reviews Electrical Engineering,middle,co-packaged optics thermal,1,0,16,displacement,T4,NONE,A5,,N,,FALSE,
David Übelacker,,Infineon Technologies (Germany),industry,DE,Lifetime prediction for power modules in wind-energy converters based on temperature variations in a large area substrate solder connection,2025,https://doi.org/10.1016/j.microrel.2025.115665,Microelectronics Reliability,middle,power module baseplate thermal,1,1,16,displacement,T2,copper-diamond-composite,A4,,N,,FALSE,
Debdeep Jena,0000-0002-4076-4625,Cornell University,academic,US,Thermal Characterization and Design of AlN/GaN/AlN HEMTs on Foreign Substrates,2025,https://doi.org/10.1109/led.2025.3548853,IEEE Electron Device Letters,middle,GaN diamond thermal,1,0,16,core,T4,NONE,A1,,N,,FALSE,
Deepak Kulkarni,,Advanced Micro Devices (Canada),industry,CA,Heterogenous Integration in High Volume: Now and Looking Forward,2025,https://doi.org/10.4071/001c.147811,IMAPSource Proceedings,middle,chiplet package thermal,1,1,16,displacement,T4,NONE,NONE,,N,,FALSE,
Denis Balitski,,Irepa Laser (France),industry,FR,Bonded Nd:glass laser gain heterostructures under transverse diode pumping for thermal management in high-energy laser amplifiers,2025,https://doi.org/10.1364/oe.579332,Optics Express,middle,laser diode thermal management,1,1,16,displacement,T4,NONE,NONE,,N,,FALSE,
Dominique Lupinski,,Irepa Laser (France),industry,FR,Bonded Nd:glass laser gain heterostructures under transverse diode pumping for thermal management in high-energy laser amplifiers,2025,https://doi.org/10.1364/oe.579332,Optics Express,middle,laser diode thermal management,1,1,16,displacement,T4,NONE,NONE,,N,,FALSE,
Dong Xie,0000-0002-2314-6980,Southwest Jiaotong University,academic,CN,"Power Cycling Testing for Power Semiconductor Switches: Methods, Standards, Limitations, and Outlooks",2025,https://doi.org/10.1109/tpel.2025.3595180,IEEE Transactions on Power Electronics,middle,wide bandgap power device packaging,1,0,16,displacement,T4,NONE,NONE,,N,,TRUE,affiliation country China: human export review required before any contact
Dongguo Zhang,,Nanjing Institute of Technology,academic,CN,GaN HEMTs on 4H-SiC/Diamond Engineered Substrate With Enhanced Heat Dissipation,2025,https://doi.org/10.1109/led.2025.3635043,IEEE Electron Device Letters,middle,GaN diamond thermal,1,0,16,core,T4,GaN-on-diamond,A1,,N,,TRUE,affiliation country China: human export review required before any contact
Eiji Yagyu,,Mitsubishi Electric (Japan),industry,JP,An Accurate Electrical and Thermal Co-Simulation Framework for Modeling High-Temperature DC and Pulsed I - V Characteristics of GaN HEMTs,2025,https://doi.org/10.1109/jeds.2025.3528307,IEEE Journal of the Electron Devices Society,middle,GaN HEMT thermal management,1,1,16,displacement,T4,NONE,A1,,N,,FALSE,
Emily E. Hartman,,Pennsylvania State University,academic,US,Thermal Performance Comparisons of Advanced Cooling Designs Under Engine Representative Conditions,2025,https://doi.org/10.1115/1.4069495,Journal of Turbomachinery,middle,diamond heat spreader,1,0,16,core,T4,NONE,NONE,,N,,FALSE,
Eungkyun Kim,0000-0001-9266-1524,Cornell University,academic,US,Thermal Characterization and Design of AlN/GaN/AlN HEMTs on Foreign Substrates,2025,https://doi.org/10.1109/led.2025.3548853,IEEE Electron Device Letters,middle,GaN diamond thermal,1,0,16,core,T4,NONE,A1,,N,,FALSE,
Feng Zhou,0000-0002-2906-8127,Toyota Motor Corporation (Switzerland),industry,CH,"Applications, Design Methods, and Challenges for Additive Manufacturing of Thermal Solutions for Heterogeneous Integration of Electronics",2025,https://doi.org/10.1115/1.4067649,Journal of Electronic Packaging,middle,chiplet package thermal,1,1,16,displacement,T4,NONE,A2,,N,,FALSE,
Fengwen Mu,0000-0001-7396-9347,Tianjin Energy Investment Group (China),industry,CN,GaN HEMTs on 4H-SiC/Diamond Engineered Substrate With Enhanced Heat Dissipation,2025,https://doi.org/10.1109/led.2025.3635043,IEEE Electron Device Letters,middle,GaN diamond thermal,1,1,16,core,T2,GaN-on-diamond,A1,,N,,TRUE,affiliation country China: human export review required before any contact
Frede Blaabjerg,0000-0001-8311-7412,Aalborg University,academic,DK,"Power Cycling Testing for Power Semiconductor Switches: Methods, Standards, Limitations, and Outlooks",2025,https://doi.org/10.1109/tpel.2025.3595180,IEEE Transactions on Power Electronics,middle,wide bandgap power device packaging,1,0,16,displacement,T4,NONE,NONE,,N,,FALSE,
Fu‐Cheng Lin,0000-0002-4127-8143,National Cheng Kung University,academic,TW,MPCVD diamond thin films as heat spreaders for back end of the line (BEOL) silicon chip fabrication,2025,https://doi.org/10.1016/j.diamond.2025.112999,Diamond and Related Materials,middle,diamond heat spreader,1,0,16,core,T4,single-crystal-CVD-diamond-plate,NONE,,N,,FALSE,
Gang Shi,,Hongzhiwei Technology (China),industry,CN,A Coherent Compact Thermal Network Model (CTM) for High-Precision and Efficient Temperature Prediction in CoWoS Packaging,2025,https://doi.org/10.1109/tcpmt.2025.3619074,IEEE Transactions on Components Packaging and Manufacturing Technology,middle,chiplet package thermal,1,1,16,displacement,T4,NONE,NONE,,N,,TRUE,affiliation country China: human export review required before any contact
Grigory S. Simin,,University of South Carolina,academic,US,Dielectric properties of conducting boron-doped diamond,2025,https://doi.org/10.1364/ao.576402,Applied Optics,middle,diamond thermal conductivity substrate,1,0,16,core,T4,NONE,NONE,,N,,FALSE,
Guangbao Shan,0000-0002-9268-4870,Xidian University,academic,CN,Design and Fabrication of Embedded Microchannel Cooling Solutions for High-Power-Density Semiconductor Devices,2025,https://doi.org/10.3390/mi16080908,Micromachines,middle,near-junction thermal management,1,0,16,displacement,T4,NONE,NONE,,N,,TRUE,affiliation country China: human export review required before any contact
Guanjun Jing,,Institute of Microelectronics,academic,SG,GaN HEMTs on 4H-SiC/Diamond Engineered Substrate With Enhanced Heat Dissipation,2025,https://doi.org/10.1109/led.2025.3635043,IEEE Electron Device Letters,middle,GaN diamond thermal,1,0,16,core,T4,GaN-on-diamond,A1,,N,,FALSE,
Guanqiang Song,,Advanced Interconnect Technologies (China),industry,CN,Design and Analysis of PCB Embedded SiC Half-Bridge Packaging Cells With Low Thermal Resistance and Parasitic Inductance,2025,https://doi.org/10.1109/tpel.2025.3639926,IEEE Transactions on Power Electronics,middle,die attach thermal resistance,1,1,16,displacement,T4,NONE,NONE,,N,,TRUE,affiliation country China: human export review required before any contact
Guo Hong,0000-0003-3438-7402,General Research Institute for Nonferrous Metals (China),industry,CN,Subcooled flow boiling in diamond/Cu microchannel heat sinks for near-junction chip cooling,2025,https://doi.org/10.1016/j.csite.2025.105981,Case Studies in Thermal Engineering,middle,diamond thermal conductivity substrate,1,1,16,core,T2,GaN-on-diamond,NONE,,N,,TRUE,affiliation country China: human export review required before any contact
Guojie Huang,0000-0002-4054-9386,China Nonferrous Metal Mining (China),industry,CN,A study on interfacial structure design and thermal conductivity optimization of diamond/copper composites,2025,https://doi.org/10.1039/d5ma01082a,Materials Advances,middle,copper diamond composite,1,1,16,core,T4,NONE,NONE,,N,,TRUE,affiliation country China: human export review required before any contact
Guoliang Ma,0009-0008-9535-1976,Wuhan University of Technology,academic,CN,GaN HEMTs on 4H-SiC/Diamond Engineered Substrate With Enhanced Heat Dissipation,2025,https://doi.org/10.1109/led.2025.3635043,IEEE Electron Device Letters,middle,GaN diamond thermal,1,0,16,core,T4,GaN-on-diamond,A1,,N,,TRUE,affiliation country China: human export review required before any contact
Guoqi Zhang,0000-0002-8023-5170,Delft University of Technology,academic,NL,Design and Analysis of PCB Embedded SiC Half-Bridge Packaging Cells With Low Thermal Resistance and Parasitic Inductance,2025,https://doi.org/10.1109/tpel.2025.3639926,IEEE Transactions on Power Electronics,middle,die attach thermal resistance,1,0,16,displacement,T4,NONE,NONE,,N,,FALSE,
H. Shaun Kwak,,Schrodinger (United States),industry,US,Material Property Simulation for Advanced Packaging,2025,https://doi.org/10.4071/001c.153880,IMAPSource Proceedings,middle,chiplet package thermal,1,1,16,displacement,T4,NONE,A2,,N,,FALSE,
HUANG Xia,,,unknown,,Preparation and properties of chrome-plated diamond/copper composites,2025,https://doi.org/10.19591/j.cnki.cn11-1974/tf.2024050002,DOAJ (DOAJ: Directory of Open Access Journals),middle,copper diamond composite,1,0,16,core,T4,NONE,NONE,,Y,empty affiliation,FALSE,
Hajo Frerichs,0000-0002-7661-8259,Quantum Design (Germany),industry,DE,Multi-Modal Approach for Quality Control and Failure Analysis of Metal Lines for Chiplets Integration,2025,https://doi.org/10.1093/mam/ozaf048.166,Microscopy and Microanalysis,middle,chiplet package thermal,1,1,16,displacement,T2,polycrystalline-CVD-diamond-wafer,A2,,N,,FALSE,
Hanzhi Ma,0000-0001-7914-9323,Zhejiang University,academic,CN,A Coherent Compact Thermal Network Model (CTM) for High-Precision and Efficient Temperature Prediction in CoWoS Packaging,2025,https://doi.org/10.1109/tcpmt.2025.3619074,IEEE Transactions on Components Packaging and Manufacturing Technology,middle,chiplet package thermal,1,0,16,displacement,T4,NONE,NONE,,N,,TRUE,affiliation country China: human export review required before any contact
Hao Guan,,Shanghai University of Electric Power,academic,CN,Design and Analysis of PCB Embedded SiC Half-Bridge Packaging Cells With Low Thermal Resistance and Parasitic Inductance,2025,https://doi.org/10.1109/tpel.2025.3639926,IEEE Transactions on Power Electronics,middle,die attach thermal resistance,1,0,16,displacement,T4,NONE,NONE,,N,,TRUE,affiliation country China: human export review required before any contact
Haoze Luo,0000-0001-5103-5068,Zhejiang University,academic,CN,"Power Cycling Testing for Power Semiconductor Switches: Methods, Standards, Limitations, and Outlooks",2025,https://doi.org/10.1109/tpel.2025.3595180,IEEE Transactions on Power Electronics,middle,wide bandgap power device packaging,1,0,16,displacement,T4,NONE,NONE,,N,,TRUE,affiliation country China: human export review required before any contact
Heather F. Barton,0000-0002-2702-2379,MACOM (United States),industry,US,Thermal Optimization of the Buffer Layer Thickness of GaN HEMTs,2025,https://doi.org/10.1109/ted.2025.3636105,IEEE Transactions on Electron Devices,middle,thermal boundary resistance GaN,1,1,16,displacement,T4,NONE,A1,,N,,FALSE,
Heqing Deng,,Hua Hong Semiconductor (China),industry,CN,Synergistic optimization of material innovation and interface engineering for COD mitigation in high-power GaN-based blue laser diodes,2025,https://doi.org/10.1063/5.0281042,Applied Physics Letters,middle,laser diode thermal management,1,1,16,displacement,T4,NONE,A3,,N,,TRUE,affiliation country China: human export review required before any contact
Himanandhan Reddy Kottur,,University of Florida,academic,US,The Future of Electronics Packaging is Chiplet Architecture,2025,https://doi.org/10.37665/smctrsc40814,SMTA International,middle,chiplet package thermal,1,0,16,displacement,T4,polycrystalline-CVD-diamond-wafer,A2,,N,,FALSE,
Hiromichi Ohta,0000-0001-7013-0343,Hokkaido University,academic,JP,Controlling Thermal Conductivity of Amorphous SiO<sub><i>x</i></sub> Films through Structural Engineering Utilizing Single Crystal Substrate Surfaces,2025,https://doi.org/10.1021/acs.nanolett.5c00646,Nano Letters,middle,wide bandgap power device packaging,1,0,16,displacement,T4,NONE,NONE,,N,,FALSE,
Hiroo Tajiri,0000-0002-8457-5631,Japan Synchrotron Radiation Research Institute,academic,JP,Controlling Thermal Conductivity of Amorphous SiO<sub><i>x</i></sub> Films through Structural Engineering Utilizing Single Crystal Substrate Surfaces,2025,https://doi.org/10.1021/acs.nanolett.5c00646,Nano Letters,middle,wide bandgap power device packaging,1,0,16,displacement,T4,NONE,NONE,,N,,FALSE,
Hongjie Zhang,0000-0001-5433-8611,Taiwan Semiconductor Manufacturing Company (China),industry,CN,Analytical Modeling and Validation of Thermal Fatigue Failure in Die Attach Structures for Power Electronics Modules,2025,https://doi.org/10.1007/s11664-025-12410-8,Journal of Electronic Materials,middle,IGBT module thermal fatigue,1,1,16,displacement,T2,single-crystal-CVD-diamond-plate,A4,,N,,TRUE,affiliation country China: human export review required before any contact
Hongtao Li,0000-0001-5616-490X,Tsinghua University,academic,CN,Synergistic optimization of material innovation and interface engineering for COD mitigation in high-power GaN-based blue laser diodes,2025,https://doi.org/10.1063/5.0281042,Applied Physics Letters,middle,laser diode thermal management,1,0,16,displacement,T4,NONE,A3,,N,,TRUE,affiliation country China: human export review required before any contact
Hsiaokang Chang,,Taiwan Semiconductor Manufacturing Company (Taiwan),industry,TW,MPCVD diamond thin films as heat spreaders for back end of the line (BEOL) silicon chip fabrication,2025,https://doi.org/10.1016/j.diamond.2025.112999,Diamond and Related Materials,middle,diamond heat spreader,1,1,16,core,T2,single-crystal-CVD-diamond-plate,NONE,,N,,FALSE,
Hsin-Yen Huang,,Taiwan Semiconductor Manufacturing Company (Taiwan),industry,TW,MPCVD diamond thin films as heat spreaders for back end of the line (BEOL) silicon chip fabrication,2025,https://doi.org/10.1016/j.diamond.2025.112999,Diamond and Related Materials,middle,diamond heat spreader,1,1,16,core,T2,single-crystal-CVD-diamond-plate,NONE,,N,,FALSE,
Huai Wang,0000-0002-5404-3140,Aalborg University,academic,DK,"Power Cycling Testing for Power Semiconductor Switches: Methods, Standards, Limitations, and Outlooks",2025,https://doi.org/10.1109/tpel.2025.3595180,IEEE Transactions on Power Electronics,middle,wide bandgap power device packaging,1,0,16,displacement,T4,NONE,NONE,,N,,FALSE,
Huaiqiang Yu,,China Electronics Technology Group Corporation,industry,CN,Reducing Warpage for Polymer-Based Embedded Silicon Fan-Out (P-eSiFO) Packaging During Thermal Process Loadings,2025,https://doi.org/10.1109/tcpmt.2025.3578042,IEEE Transactions on Components Packaging and Manufacturing Technology,middle,chiplet package thermal,1,1,16,displacement,T4,NONE,NONE,,N,,TRUE,affiliation country China: human export review required before any contact
Hui Li,0000-0002-6890-2583,Chongqing University,academic,CN,Experimental Investigation on Fatigue Failure Evolution of Press-Pack IGBT Devices Under MMC Operating Conditions,2025,https://doi.org/10.1109/tpel.2025.3557046,IEEE Transactions on Power Electronics,middle,IGBT module thermal fatigue,1,0,16,displacement,T4,copper-diamond-composite,A4,,N,,TRUE,affiliation country China: human export review required before any contact
Hui Zhang,,Dynavax Technologies (Germany),industry,DE,Thermal and microwave performance enhancement of AlGaN/GaN HEMT using an ultra-thin buffer on Si substrate for handset applications,2025,https://doi.org/10.1063/5.0300018,Applied Physics Letters,middle,thermal boundary resistance GaN,1,1,16,displacement,T4,NONE,A1,,N,,FALSE,
Huili Grace Xing,0000-0002-2709-3839,Cornell University,academic,US,Thermal Characterization and Design of AlN/GaN/AlN HEMTs on Foreign Substrates,2025,https://doi.org/10.1109/led.2025.3548853,IEEE Electron Device Letters,middle,GaN diamond thermal,1,0,16,core,T4,NONE,A1,,N,,FALSE,
Hyunho Cho,,Korea Advanced Institute of Science and Technology,academic,KR,High efficiency single and multi-phase direct liquid jet-impingement cooling for heterogeneous packaging,2025,https://doi.org/10.1016/j.enconman.2025.120665,Energy Conversion and Management,middle,chiplet package thermal,1,0,16,displacement,T4,NONE,NONE,,N,,FALSE,
Ichiro Kono,,Tokyo Electron (Japan),industry,JP,Panel Level Package: Reliability Evaluation of Double-sided Direct Copper Plated Interconnects on Embedded Power Die by Thermal and Electrical Stress Test,2025,https://doi.org/10.4071/001c.151188,IMAPSource Proceedings,middle,die attach thermal resistance,1,1,16,displacement,T4,NONE,NONE,,N,,FALSE,
Ignacio Galiano Zurbriggen,0000-0002-2138-2023,University of Calgary,academic,CA,Comprehensive System-Level Thermal Performance and Power Density Optimization in Enclosed Natural Convection PFC-LLC GaN Converters,2025,https://doi.org/10.1109/tia.2025.3532230,IEEE Transactions on Industry Applications,middle,thermal boundary resistance GaN,1,0,16,displacement,T4,NONE,NONE,,N,,FALSE,
Ismail Nas,,Momentive (Japan),industry,JP,Improved Thermal Management in EV Power Electronics with Boron Nitride Filled Potting Compounds,2025,https://doi.org/10.4071/001c.151769,IMAPSource Proceedings,middle,die attach thermal resistance,1,1,16,displacement,T4,NONE,A4,,N,,FALSE,
Istiaq Firoz Shiam,,University of Florida,academic,US,The Future of Electronics Packaging is Chiplet Architecture,2025,https://doi.org/10.37665/smctrsc40814,SMTA International,middle,chiplet package thermal,1,0,16,displacement,T4,polycrystalline-CVD-diamond-wafer,A2,,N,,FALSE,
Jaechoon Kim,0000-0003-0886-3903,Samsung (South Korea),industry,KR,High efficiency single and multi-phase direct liquid jet-impingement cooling for heterogeneous packaging,2025,https://doi.org/10.1016/j.enconman.2025.120665,Energy Conversion and Management,middle,chiplet package thermal,1,1,16,displacement,T4,NONE,NONE,,N,,FALSE,
James Abuogo,0000-0001-5184-3348,Chemnitz University of Technology,academic,DE,"Power Cycling Testing for Power Semiconductor Switches: Methods, Standards, Limitations, and Outlooks",2025,https://doi.org/10.1109/tpel.2025.3595180,IEEE Transactions on Power Electronics,middle,wide bandgap power device packaging,1,0,16,displacement,T4,NONE,NONE,,N,,FALSE,
James Jaussi,,Intel (United States),industry,US,Integrating silicon photonics with complementary metal–oxide–semiconductor technologies,2025,https://doi.org/10.1038/s44287-025-00223-0,Nature Reviews Electrical Engineering,middle,co-packaged optics thermal,1,1,16,displacement,T4,NONE,A5,,N,,FALSE,
James S. Tweedie,0009-0005-7630-2958,MACOM (United States),industry,US,Thermal Optimization of the Buffer Layer Thickness of GaN HEMTs,2025,https://doi.org/10.1109/ted.2025.3636105,IEEE Transactions on Electron Devices,middle,thermal boundary resistance GaN,1,1,16,displacement,T4,NONE,A1,,N,,FALSE,
Janderson R. Rodrigues,0000-0003-2768-4900,Corning (United States),industry,US,Optical Design and Applications for Ion-Exchanged Glass Waveguide Circuits,2025,https://doi.org/10.1109/tcpmt.2025.3526500,IEEE Transactions on Components Packaging and Manufacturing Technology,middle,co-packaged optics thermal,1,1,16,displacement,T4,NONE,NONE,,N,,FALSE,
Jarrod Valliancourt,,QmagiQ (United States),industry,US,Integration of top-side low-temperature diamond on AlGaN/GaN RF HEMT for device-level cooling,2025,https://doi.org/10.1063/5.0261673,Applied Physics Letters,middle,GaN diamond thermal,1,1,16,core,T4,NONE,A1,,N,,FALSE,
Jeong‐Kyu Kim,0000-0003-2175-5798,Stanford University,academic,US,Integration of top-side low-temperature diamond on AlGaN/GaN RF HEMT for device-level cooling,2025,https://doi.org/10.1063/5.0261673,Applied Physics Letters,middle,GaN diamond thermal,1,0,16,core,T4,NONE,A1,,N,,FALSE,
Jerome A. Cuenca,0000-0003-1370-1167,Cardiff University,academic,GB,Thermal Boundary Resistance Reduction by Interfacial Nanopatterning for GaN-on-Diamond Electronics Applications,2025,https://doi.org/10.1021/acsaelm.5c00119,ACS Applied Electronic Materials,middle,diamond thermal conductivity substrate,1,0,16,core,T4,GaN-on-diamond,NONE,,N,,FALSE,
Jia-Huei Lin,,InnoLux (Taiwan),industry,TW,Low-loss polymeric waveguides for co-packaged optics on glass substrates,2025,https://doi.org/10.1088/2515-7647/ae079b,Journal of Physics Photonics,middle,co-packaged optics thermal,1,1,16,displacement,T2,polycrystalline-CVD-diamond-wafer,A5,,N,,FALSE,
Jiahao Cao,0000-0001-6869-5214,National Central University,academic,TW,Low-loss polymeric waveguides for co-packaged optics on glass substrates,2025,https://doi.org/10.1088/2515-7647/ae079b,Journal of Physics Photonics,middle,co-packaged optics thermal,1,0,16,displacement,T4,polycrystalline-CVD-diamond-wafer,A5,,N,,FALSE,
Jian Wang,0000-0001-5130-300X,China Nonferrous Metal Mining (China),industry,CN,A study on interfacial structure design and thermal conductivity optimization of diamond/copper composites,2025,https://doi.org/10.1039/d5ma01082a,Materials Advances,middle,copper diamond composite,1,1,16,core,T4,NONE,NONE,,N,,TRUE,affiliation country China: human export review required before any contact
Jian Wang,0000-0001-8199-7057,Tsinghua University,academic,CN,Synergistic optimization of material innovation and interface engineering for COD mitigation in high-power GaN-based blue laser diodes,2025,https://doi.org/10.1063/5.0281042,Applied Physics Letters,middle,laser diode thermal management,1,0,16,displacement,T4,NONE,A3,,N,,TRUE,affiliation country China: human export review required before any contact
Jian-Wei Tsai,,National Cheng Kung University,academic,TW,MPCVD diamond thin films as heat spreaders for back end of the line (BEOL) silicon chip fabrication,2025,https://doi.org/10.1016/j.diamond.2025.112999,Diamond and Related Materials,middle,diamond heat spreader,1,0,16,core,T4,single-crystal-CVD-diamond-plate,NONE,,N,,FALSE,
Jian-Yi Yeh,,Tamkang University,academic,TW,Design and fabrication of a four-channel CWDM cooled DFB-LD module with OSFP electrical interface for CPO external laser sources,2025,https://doi.org/10.1364/optcon.569826,Optics Continuum,middle,co-packaged optics thermal,1,0,16,displacement,T4,NONE,A5,,N,,FALSE,
Jianan Liu,,China Communications Construction Company (China),industry,CN,Thermal and microwave performance enhancement of AlGaN/GaN HEMT using an ultra-thin buffer on Si substrate for handset applications,2025,https://doi.org/10.1063/5.0300018,Applied Physics Letters,middle,thermal boundary resistance GaN,1,1,16,displacement,T4,NONE,A1,,N,,TRUE,affiliation country China: human export review required before any contact
Jiangyong Zhang,,Hua Hong Semiconductor (China),industry,CN,Synergistic optimization of material innovation and interface engineering for COD mitigation in high-power GaN-based blue laser diodes,2025,https://doi.org/10.1063/5.0281042,Applied Physics Letters,middle,laser diode thermal management,1,1,16,displacement,T4,NONE,A3,,N,,TRUE,affiliation country China: human export review required before any contact
Jianlu Wang,0000-0002-0388-6148,Fudan University,academic,CN,Nano‐Scale Phonon Dynamics in GaN: Fundamentals and Strategies for Thermal Transport Modulation,2025,https://doi.org/10.1002/aelm.202500627,Advanced Electronic Materials,middle,thermal boundary resistance GaN,1,0,16,displacement,T4,NONE,NONE,,N,,TRUE,affiliation country China: human export review required before any contact
Jiao Dan,,Tourism College of Zhejiang,academic,CN,Numerical analysis of thermal performance in semi-enclosed electronics: investigating active and passive cooling techniques for SSD-driven single-board devices,2025,https://doi.org/10.1016/j.rineng.2025.106669,Results in Engineering,middle,near-junction thermal management,1,0,16,displacement,T4,NONE,NONE,,N,,TRUE,affiliation country China: human export review required before any contact
Jimy Encomendero,0000-0002-1597-1761,Cornell University,academic,US,Thermal Characterization and Design of AlN/GaN/AlN HEMTs on Foreign Substrates,2025,https://doi.org/10.1109/led.2025.3548853,IEEE Electron Device Letters,middle,GaN diamond thermal,1,0,16,core,T4,NONE,A1,,N,,FALSE,
Jing Chen,0000-0001-5637-1829,Modern Electron (United States),industry,US,Research progress in interface optimization and preparation technology of high thermal conductivity diamond/copper composite materials,2025,https://doi.org/10.3389/fmats.2025.1582990,Frontiers in Materials,middle,copper diamond composite,1,1,16,core,T4,NONE,NONE,,N,,FALSE,
Jing Jiang,,Advanced Interconnect Technologies (China),industry,CN,Design and Analysis of PCB Embedded SiC Half-Bridge Packaging Cells With Low Thermal Resistance and Parasitic Inductance,2025,https://doi.org/10.1109/tpel.2025.3639926,IEEE Transactions on Power Electronics,middle,die attach thermal resistance,1,1,16,displacement,T4,NONE,NONE,,N,,TRUE,affiliation country China: human export review required before any contact
Jinjian Zheng,0000-0003-0865-815X,Hua Hong Semiconductor (China),industry,CN,Synergistic optimization of material innovation and interface engineering for COD mitigation in high-power GaN-based blue laser diodes,2025,https://doi.org/10.1063/5.0281042,Applied Physics Letters,middle,laser diode thermal management,1,1,16,displacement,T4,NONE,A3,,N,,TRUE,affiliation country China: human export review required before any contact
Jinsong Feng,,Beijing University of Technology,academic,CN,A study on interfacial structure design and thermal conductivity optimization of diamond/copper composites,2025,https://doi.org/10.1039/d5ma01082a,Materials Advances,middle,copper diamond composite,1,0,16,core,T4,NONE,NONE,,N,,TRUE,affiliation country China: human export review required before any contact
Jinwen Zhang,0000-0001-8828-114X,Peking University,academic,CN,Reducing Warpage for Polymer-Based Embedded Silicon Fan-Out (P-eSiFO) Packaging During Thermal Process Loadings,2025,https://doi.org/10.1109/tcpmt.2025.3578042,IEEE Transactions on Components Packaging and Manufacturing Technology,middle,chiplet package thermal,1,0,16,displacement,T4,NONE,NONE,,N,,TRUE,affiliation country China: human export review required before any contact
Jinxi Liu,0000-0003-2504-5646,Shijiazhuang Tiedao University,academic,CN,The effect of vacancy defects on the interfacial thermal resistance at the GaN/diamond interfaces: molecular dynamics simulation,2025,https://doi.org/10.1088/1361-651x/adcfb7,Modelling and Simulation in Materials Science and Engineering,middle,GaN diamond thermal,1,0,16,core,T4,GaN-on-diamond,A1,,N,,TRUE,affiliation country China: human export review required before any contact
Jinzhuo Pang,,Harbin Institute of Technology,academic,CN,Characterization and heat transfer model analysis of diamond/copper composite materials prepared by high-temperature lamination,2025,https://doi.org/10.1016/j.diamond.2025.112457,Diamond and Related Materials,middle,copper diamond composite,1,0,16,core,T4,NONE,NONE,,N,,TRUE,affiliation country China: human export review required before any contact
John C. Mauro,0000-0002-4319-3530,Pennsylvania State University,academic,US,Controlling Thermal Conductivity of Amorphous SiO<sub><i>x</i></sub> Films through Structural Engineering Utilizing Single Crystal Substrate Surfaces,2025,https://doi.org/10.1021/acs.nanolett.5c00646,Nano Letters,middle,wide bandgap power device packaging,1,0,16,displacement,T4,NONE,NONE,,N,,FALSE,
John E. Bowers,0000-0003-4270-8296,"University of California, Santa Barbara",academic,US,Integrating silicon photonics with complementary metal–oxide–semiconductor technologies,2025,https://doi.org/10.1038/s44287-025-00223-0,Nature Reviews Electrical Engineering,middle,co-packaged optics thermal,1,0,16,displacement,T4,NONE,A5,,N,,FALSE,
Jorge A. Holguín‐Lerma,0000-0003-0138-9073,Corning (United States),industry,US,Optical Design and Applications for Ion-Exchanged Glass Waveguide Circuits,2025,https://doi.org/10.1109/tcpmt.2025.3526500,IEEE Transactions on Components Packaging and Manufacturing Technology,middle,co-packaged optics thermal,1,1,16,displacement,T4,NONE,NONE,,N,,FALSE,
Joshua A. Burrow,0000-0002-1237-4662,,unknown,,Dielectric properties of conducting boron-doped diamond,2025,https://doi.org/10.1364/ao.576402,Applied Optics,middle,diamond thermal conductivity substrate,1,0,16,core,T4,NONE,NONE,,Y,empty affiliation,FALSE,
Juncheng Lu,0000-0002-9701-2467,Infineon Technologies (Canada),industry,CA,Comprehensive System-Level Thermal Performance and Power Density Optimization in Enclosed Natural Convection PFC-LLC GaN Converters,2025,https://doi.org/10.1109/tia.2025.3532230,IEEE Transactions on Industry Applications,middle,thermal boundary resistance GaN,1,1,16,displacement,T4,NONE,NONE,,N,,FALSE,
Junji Nishii,0000-0002-9955-2360,Hokkaido University,academic,JP,Controlling Thermal Conductivity of Amorphous SiO<sub><i>x</i></sub> Films through Structural Engineering Utilizing Single Crystal Substrate Surfaces,2025,https://doi.org/10.1021/acs.nanolett.5c00646,Nano Letters,middle,wide bandgap power device packaging,1,0,16,displacement,T4,NONE,NONE,,N,,FALSE,
Junrui Lyu,0000-0002-9561-4499,Stanford University,academic,US,Interfacial Thermal Transport in Top-Side Diamond Integrated AlGaN/GaN High Electron Mobility Transistors,2025,https://doi.org/10.1021/acsami.5c13149,ACS Applied Materials & Interfaces,middle,diamond heat spreader,1,0,16,core,T4,NONE,A1,,N,,FALSE,
Junwei Chen,,Shanghai University of Electric Power,academic,CN,Design and Analysis of PCB Embedded SiC Half-Bridge Packaging Cells With Low Thermal Resistance and Parasitic Inductance,2025,https://doi.org/10.1109/tpel.2025.3639926,IEEE Transactions on Power Electronics,middle,die attach thermal resistance,1,0,16,displacement,T4,NONE,NONE,,N,,TRUE,affiliation country China: human export review required before any contact
Kai Han,0009-0002-7388-4719,Harbin Institute of Technology,academic,CN,Enhanced thermal conductivity and thermal shock resistance in diamond/copper composites through diamond surface etching,2025,https://doi.org/10.1016/j.matlet.2025.138229,Materials Letters,middle,copper diamond composite,1,0,16,core,T4,NONE,NONE,,N,,TRUE,affiliation country China: human export review required before any contact
Kai Han,0000-0001-7713-2966,Harbin Institute of Technology,academic,CN,Characterization and heat transfer model analysis of diamond/copper composite materials prepared by high-temperature lamination,2025,https://doi.org/10.1016/j.diamond.2025.112457,Diamond and Related Materials,middle,copper diamond composite,1,0,16,core,T4,NONE,NONE,,N,,TRUE,affiliation country China: human export review required before any contact
Kai Ma,0000-0003-3517-5620,China Southern Power Grid (China),industry,CN,Experimental Investigation on Fatigue Failure Evolution of Press-Pack IGBT Devices Under MMC Operating Conditions,2025,https://doi.org/10.1109/tpel.2025.3557046,IEEE Transactions on Power Electronics,middle,IGBT module thermal fatigue,1,1,16,displacement,T2,copper-diamond-composite,A4,,N,,TRUE,affiliation country China: human export review required before any contact
Kaichen Zhang,0000-0003-4727-7771,Aalborg University,academic,DK,"Power Cycling Testing for Power Semiconductor Switches: Methods, Standards, Limitations, and Outlooks",2025,https://doi.org/10.1109/tpel.2025.3595180,IEEE Transactions on Power Electronics,middle,wide bandgap power device packaging,1,0,16,displacement,T4,NONE,NONE,,N,,FALSE,
Kan-Ting Tsai,0000-0002-9270-2960,Seqwater,academic,AU,Single Flux Quantum Circuit Operation at Millikelvin Temperatures,2025,https://doi.org/10.1109/tasc.2025.3639528,IEEE Transactions on Applied Superconductivity,middle,near-junction thermal management,1,0,16,displacement,T4,NONE,A6,,N,,FALSE,
Karen A. Thole,0000-0003-0795-8724,Pennsylvania State University,academic,US,Thermal Performance Comparisons of Advanced Cooling Designs Under Engine Representative Conditions,2025,https://doi.org/10.1115/1.4069495,Journal of Turbomachinery,middle,diamond heat spreader,1,0,16,core,T4,NONE,NONE,,N,,FALSE,
Ke Wei,0000-0003-0218-9102,Institute of Microelectronics,academic,SG,GaN HEMTs on 4H-SiC/Diamond Engineered Substrate With Enhanced Heat Dissipation,2025,https://doi.org/10.1109/led.2025.3635043,IEEE Electron Device Letters,middle,GaN diamond thermal,1,0,16,core,T4,GaN-on-diamond,A1,,N,,FALSE,
Kenneth E. Goodson,,Stanford University,academic,US,"Applications, Design Methods, and Challenges for Additive Manufacturing of Thermal Solutions for Heterogeneous Integration of Electronics",2025,https://doi.org/10.1115/1.4067649,Journal of Electronic Packaging,middle,chiplet package thermal,1,0,16,displacement,T4,NONE,A2,,N,,FALSE,
Kewei Li,0000-0002-9247-9842,Taiwan Semiconductor Manufacturing Company (China),industry,CN,Analytical Modeling and Validation of Thermal Fatigue Failure in Die Attach Structures for Power Electronics Modules,2025,https://doi.org/10.1007/s11664-025-12410-8,Journal of Electronic Materials,middle,IGBT module thermal fatigue,1,1,16,displacement,T2,single-crystal-CVD-diamond-plate,A4,,N,,TRUE,affiliation country China: human export review required before any contact
Kexin Deng,,Institute of Microelectronics,academic,SG,GaN HEMTs on 4H-SiC/Diamond Engineered Substrate With Enhanced Heat Dissipation,2025,https://doi.org/10.1109/led.2025.3635043,IEEE Electron Device Letters,middle,GaN diamond thermal,1,0,16,core,T4,GaN-on-diamond,A1,,N,,FALSE,
Koji Inoue,0000-0002-9983-7294,Tohoku Agricultural Research Center,academic,JP,Direct Integration of Polycrystalline Diamond With 3C‐SiC for Enhanced Thermal Management in GaN HEMTs: Impact of Grain Structure and Interface Engineering,2025,https://doi.org/10.1002/admt.202500437,Advanced Materials Technologies,middle,GaN diamond thermal,1,0,16,core,T4,polycrystalline-CVD-diamond-wafer,A1,,N,,FALSE,
Koji Iwabu,,Tokyo Electron (Japan),industry,JP,Panel Level Package: Reliability Evaluation of Double-sided Direct Copper Plated Interconnects on Embedded Power Die by Thermal and Electrical Stress Test,2025,https://doi.org/10.4071/001c.151188,IMAPSource Proceedings,middle,die attach thermal resistance,1,1,16,displacement,T4,NONE,NONE,,N,,FALSE,
Koon Hoo Teo,0000-0002-0502-0655,Mitsubishi Electric (United States),industry,US,An Accurate Electrical and Thermal Co-Simulation Framework for Modeling High-Temperature DC and Pulsed I - V Characteristics of GaN HEMTs,2025,https://doi.org/10.1109/jeds.2025.3528307,IEEE Journal of the Electron Devices Society,middle,GaN HEMT thermal management,1,1,16,displacement,T4,NONE,A1,,N,,FALSE,
Kuang-Wei Yang,,Taiwan Semiconductor Manufacturing Company (Taiwan),industry,TW,MPCVD diamond thin films as heat spreaders for back end of the line (BEOL) silicon chip fabrication,2025,https://doi.org/10.1016/j.diamond.2025.112999,Diamond and Related Materials,middle,diamond heat spreader,1,1,16,core,T2,single-crystal-CVD-diamond-plate,NONE,,N,,FALSE,
Kunlong Zhao,0000-0002-4261-3142,Harbin Institute of Technology,academic,CN,Characterization and heat transfer model analysis of diamond/copper composite materials prepared by high-temperature lamination,2025,https://doi.org/10.1016/j.diamond.2025.112457,Diamond and Related Materials,middle,copper diamond composite,1,0,16,core,T4,NONE,NONE,,N,,TRUE,affiliation country China: human export review required before any contact
Kyoung-Keun Lee,0009-0006-0965-2365,MACOM (United States),industry,US,Thermal Optimization of the Buffer Layer Thickness of GaN HEMTs,2025,https://doi.org/10.1109/ted.2025.3636105,IEEE Transactions on Electron Devices,middle,thermal boundary resistance GaN,1,1,16,displacement,T4,NONE,A1,,N,,FALSE,
Kyuhwe Kang,0009-0006-8781-2045,Pennsylvania State University,academic,US,Thermal Optimization of the Buffer Layer Thickness of GaN HEMTs,2025,https://doi.org/10.1109/ted.2025.3636105,IEEE Transactions on Electron Devices,middle,thermal boundary resistance GaN,1,0,16,displacement,T4,NONE,A1,,N,,FALSE,
L. S. R. Kumara,0000-0001-9160-6590,Japan Synchrotron Radiation Research Institute,academic,JP,Controlling Thermal Conductivity of Amorphous SiO<sub><i>x</i></sub> Films through Structural Engineering Utilizing Single Crystal Substrate Surfaces,2025,https://doi.org/10.1021/acs.nanolett.5c00646,Nano Letters,middle,wide bandgap power device packaging,1,0,16,displacement,T4,NONE,NONE,,N,,FALSE,
LIANG I-CHANG,,InnoLux (Taiwan),industry,TW,Low-loss polymeric waveguides for co-packaged optics on glass substrates,2025,https://doi.org/10.1088/2515-7647/ae079b,Journal of Physics Photonics,middle,co-packaged optics thermal,1,1,16,displacement,T2,polycrystalline-CVD-diamond-wafer,A5,,N,,FALSE,
LIU Yibo,,,unknown,,Preparation and properties of chrome-plated diamond/copper composites,2025,https://doi.org/10.19591/j.cnki.cn11-1974/tf.2024050002,DOAJ (DOAJ: Directory of Open Access Journals),middle,copper diamond composite,1,0,16,core,T4,NONE,NONE,,Y,empty affiliation,FALSE,
Lai Wang,0000-0001-7262-0020,Tsinghua University,academic,CN,Synergistic optimization of material innovation and interface engineering for COD mitigation in high-power GaN-based blue laser diodes,2025,https://doi.org/10.1063/5.0281042,Applied Physics Letters,middle,laser diode thermal management,1,0,16,displacement,T4,NONE,A3,,N,,TRUE,affiliation country China: human export review required before any contact
Lang Chen,0000-0002-8780-7303,Peking University,academic,CN,Reducing Warpage for Polymer-Based Embedded Silicon Fan-Out (P-eSiFO) Packaging During Thermal Process Loadings,2025,https://doi.org/10.1109/tcpmt.2025.3578042,IEEE Transactions on Components Packaging and Manufacturing Technology,middle,chiplet package thermal,1,0,16,displacement,T4,NONE,NONE,,N,,TRUE,affiliation country China: human export review required before any contact
Leilai Shao,0000-0001-9388-229X,Shanghai Jiao Tong University,academic,CN,A Coherent Compact Thermal Network Model (CTM) for High-Precision and Efficient Temperature Prediction in CoWoS Packaging,2025,https://doi.org/10.1109/tcpmt.2025.3619074,IEEE Transactions on Components Packaging and Manufacturing Technology,middle,chiplet package thermal,1,0,16,displacement,T4,NONE,NONE,,N,,TRUE,affiliation country China: human export review required before any contact
LiXun Yang,,Hua Hong Semiconductor (China),industry,CN,Synergistic optimization of material innovation and interface engineering for COD mitigation in high-power GaN-based blue laser diodes,2025,https://doi.org/10.1063/5.0281042,Applied Physics Letters,middle,laser diode thermal management,1,1,16,displacement,T4,NONE,A3,,N,,TRUE,affiliation country China: human export review required before any contact
Liguo Ding,,Taiwan Semiconductor Manufacturing Company (China),industry,CN,Analytical Modeling and Validation of Thermal Fatigue Failure in Die Attach Structures for Power Electronics Modules,2025,https://doi.org/10.1007/s11664-025-12410-8,Journal of Electronic Materials,middle,IGBT module thermal fatigue,1,1,16,displacement,T2,single-crystal-CVD-diamond-plate,A4,,N,,TRUE,affiliation country China: human export review required before any contact
Lihui Xu,0000-0002-2633-9999,Southeast University,academic,CN,Study on Stress Distribution and Its Impact on Reliability of SiO2-Based Inorganic Chiplet Gap Filling,2025,https://doi.org/10.3390/mi16121310,Micromachines,middle,chiplet package thermal,1,0,16,displacement,T4,polycrystalline-CVD-diamond-wafer,A2,,N,,TRUE,affiliation country China: human export review required before any contact
Lin Chen,0000-0002-0452-4851,Huawei Technologies (China),industry,CN,Study on Stress Distribution and Its Impact on Reliability of SiO2-Based Inorganic Chiplet Gap Filling,2025,https://doi.org/10.3390/mi16121310,Micromachines,middle,chiplet package thermal,1,1,16,displacement,T2,polycrystalline-CVD-diamond-wafer,A2,,N,,TRUE,affiliation country China: human export review required before any contact
Lin Gan,0000-0001-7518-2759,Tsinghua University,academic,CN,Synergistic optimization of material innovation and interface engineering for COD mitigation in high-power GaN-based blue laser diodes,2025,https://doi.org/10.1063/5.0281042,Applied Physics Letters,middle,laser diode thermal management,1,0,16,displacement,T4,NONE,A3,,N,,TRUE,affiliation country China: human export review required before any contact
Ling Liao,,Nvidia (United States),industry,US,Integrating silicon photonics with complementary metal–oxide–semiconductor technologies,2025,https://doi.org/10.1038/s44287-025-00223-0,Nature Reviews Electrical Engineering,middle,co-packaged optics thermal,1,1,16,displacement,T4,NONE,A5,,N,,FALSE,
Liton Kumar Biswas,0000-0002-3260-5915,University of Florida,academic,US,The Future of Electronics Packaging is Chiplet Architecture,2025,https://doi.org/10.37665/smctrsc40814,SMTA International,middle,chiplet package thermal,1,0,16,displacement,T4,polycrystalline-CVD-diamond-wafer,A2,,N,,FALSE,
Lizhao Cen,,Institute of Microelectronics,academic,SG,GaN HEMTs on 4H-SiC/Diamond Engineered Substrate With Enhanced Heat Dissipation,2025,https://doi.org/10.1109/led.2025.3635043,IEEE Electron Device Letters,middle,GaN diamond thermal,1,0,16,core,T4,GaN-on-diamond,A1,,N,,FALSE,
Lizheng Zhao,,China Electronics Technology Group Corporation,industry,CN,Design and Fabrication of Embedded Microchannel Cooling Solutions for High-Power-Density Semiconductor Devices,2025,https://doi.org/10.3390/mi16080908,Micromachines,middle,near-junction thermal management,1,1,16,displacement,T4,NONE,NONE,,N,,TRUE,affiliation country China: human export review required before any contact
Longzao Zhou,,Huazhong University of Science and Technology,academic,CN,Analytical Modeling and Validation of Thermal Fatigue Failure in Die Attach Structures for Power Electronics Modules,2025,https://doi.org/10.1007/s11664-025-12410-8,Journal of Electronic Materials,middle,IGBT module thermal fatigue,1,0,16,displacement,T4,single-crystal-CVD-diamond-plate,A4,,N,,TRUE,affiliation country China: human export review required before any contact
Lucas W. Yeary,,Corning (United States),industry,US,Optical Design and Applications for Ion-Exchanged Glass Waveguide Circuits,2025,https://doi.org/10.1109/tcpmt.2025.3526500,IEEE Transactions on Components Packaging and Manufacturing Technology,middle,co-packaged optics thermal,1,1,16,displacement,T4,NONE,NONE,,N,,FALSE,
M. Shafkat M. Khan,,University of Florida,academic,US,The Future of Electronics Packaging is Chiplet Architecture,2025,https://doi.org/10.37665/smctrsc40814,SMTA International,middle,chiplet package thermal,1,0,16,displacement,T4,polycrystalline-CVD-diamond-wafer,A2,,N,,FALSE,
Manimaraboopathy Maruthu Pandian,,Vel Tech Rangarajan Dr. Sagunthala R&D Institute of Science and Technology,academic,IN,Fiber optic system dispersion compensation management within optical fiber communication channels through the control of all hybrid optical amplifiers: simulative study,2025,https://doi.org/10.1515/joc-2025-0038,Journal of Optical Communications,middle,laser diode thermal management,1,0,16,displacement,T4,NONE,NONE,,N,,FALSE,
Marissa Granados-Baez,0000-0002-6602-959X,Corning (United States),industry,US,Optical Design and Applications for Ion-Exchanged Glass Waveguide Circuits,2025,https://doi.org/10.1109/tcpmt.2025.3526500,IEEE Transactions on Components Packaging and Manufacturing Technology,middle,co-packaged optics thermal,1,1,16,displacement,T4,NONE,NONE,,N,,FALSE,
Md. Jahangir Alam,,,unknown,,Dielectric properties of conducting boron-doped diamond,2025,https://doi.org/10.1364/ao.576402,Applied Optics,middle,diamond thermal conductivity substrate,1,0,16,core,T4,NONE,NONE,,Y,empty affiliation,FALSE,
Mehdi Asheghi,0000-0002-2991-8523,Stanford University,academic,US,"Applications, Design Methods, and Challenges for Additive Manufacturing of Thermal Solutions for Heterogeneous Integration of Electronics",2025,https://doi.org/10.1115/1.4067649,Journal of Electronic Packaging,middle,chiplet package thermal,1,0,16,displacement,T4,NONE,A2,,N,,FALSE,
Melbert Jeem,0000-0002-6911-436X,Hokkaido University,academic,JP,Controlling Thermal Conductivity of Amorphous SiO<sub><i>x</i></sub> Films through Structural Engineering Utilizing Single Crystal Substrate Surfaces,2025,https://doi.org/10.1021/acs.nanolett.5c00646,Nano Letters,middle,wide bandgap power device packaging,1,0,16,displacement,T4,NONE,NONE,,N,,FALSE,
Meng-Ju Yu,,Seqwater,academic,AU,Single Flux Quantum Circuit Operation at Millikelvin Temperatures,2025,https://doi.org/10.1109/tasc.2025.3639528,IEEE Transactions on Applied Superconductivity,middle,near-junction thermal management,1,0,16,displacement,T4,NONE,A6,,N,,FALSE,
Michael D. Barringer,,Pennsylvania State University,academic,US,Thermal Performance Comparisons of Advanced Cooling Designs Under Engine Representative Conditions,2025,https://doi.org/10.1115/1.4069495,Journal of Turbomachinery,middle,diamond heat spreader,1,0,16,core,T4,NONE,NONE,,N,,FALSE,
Michael Dornetshumer,,EV Group (Austria),industry,AT,Low temperature bonding of diamond heat spreaders for advanced thermal management,2025,https://doi.org/10.35848/1347-4065/adc699,Japanese Journal of Applied Physics,middle,diamond heat spreader,1,1,16,core,T2,single-crystal-CVD-diamond-plate,NONE,,N,,FALSE,
Michael G. Spencer,,,unknown,,Dielectric properties of conducting boron-doped diamond,2025,https://doi.org/10.1364/ao.576402,Applied Optics,middle,diamond thermal conductivity substrate,1,0,16,core,T4,NONE,NONE,,Y,empty affiliation,FALSE,
Michael P. Stocker,,Northrop Grumman (United States),industry,US,Performance Enhancement of GaN Super-Lattice Castellated Field-Effect Transistors (SLCFETs) via Topside Integration of Near-Isotropic Polycrystalline Diamond,2025,https://doi.org/10.1109/led.2025.3602825,IEEE Electron Device Letters,middle,diamond heat spreader,1,1,16,core,T2,polycrystalline-CVD-diamond-wafer,NONE,,N,,FALSE,
Michihito Kawada,,Tokyo Electron (Japan),industry,JP,Panel Level Package: Reliability Evaluation of Double-sided Direct Copper Plated Interconnects on Embedded Power Die by Thermal and Electrical Stress Test,2025,https://doi.org/10.4071/001c.151188,IMAPSource Proceedings,middle,die attach thermal resistance,1,1,16,displacement,T4,NONE,NONE,,N,,FALSE,
Mohammad Atif Faiz Afzal,0000-0001-8261-2024,Schrodinger (United States),industry,US,Material Property Simulation for Advanced Packaging,2025,https://doi.org/10.4071/001c.153880,IMAPSource Proceedings,middle,chiplet package thermal,1,1,16,displacement,T4,NONE,A2,,N,,FALSE,
Naveen Kumar Katam,0000-0001-6141-669X,Seqwater,academic,AU,Single Flux Quantum Circuit Operation at Millikelvin Temperatures,2025,https://doi.org/10.1109/tasc.2025.3639528,IEEE Transactions on Applied Superconductivity,middle,near-junction thermal management,1,0,16,displacement,T4,NONE,A6,,N,,FALSE,
Navid Asadizanjani,,University of Florida,academic,US,The Future of Electronics Packaging is Chiplet Architecture,2025,https://doi.org/10.37665/smctrsc40814,SMTA International,middle,chiplet package thermal,1,0,16,displacement,T4,polycrystalline-CVD-diamond-wafer,A2,,N,,FALSE,
Oleg A. Mukhanov,0000-0003-2397-2171,Seqwater,academic,AU,Single Flux Quantum Circuit Operation at Millikelvin Temperatures,2025,https://doi.org/10.1109/tasc.2025.3639528,IEEE Transactions on Applied Superconductivity,middle,near-junction thermal management,1,0,16,displacement,T4,NONE,A6,,N,,FALSE,
Oliver A. Williams,0000-0002-7210-3004,Cardiff University,academic,GB,Thermal Boundary Resistance Reduction by Interfacial Nanopatterning for GaN-on-Diamond Electronics Applications,2025,https://doi.org/10.1021/acsaelm.5c00119,ACS Applied Electronic Materials,middle,diamond thermal conductivity substrate,1,0,16,core,T4,GaN-on-diamond,NONE,,N,,FALSE,
Oliver Schilling,0000-0001-7678-7653,Infineon Technologies (Germany),industry,DE,Lifetime prediction for power modules in wind-energy converters based on temperature variations in a large area substrate solder connection,2025,https://doi.org/10.1016/j.microrel.2025.115665,Microelectronics Reliability,middle,power module baseplate thermal,1,1,16,displacement,T2,copper-diamond-composite,A4,,N,,FALSE,
Parth J. Shah,0000-0003-3395-8189,Intel (United States),industry,US,An Approach to Thermal Management and Performance Throttling for Federated Computation on a Low-Cost 3D ESP32-S3 Package Stack,2025,https://doi.org/10.3390/computers14040147,Computers,middle,chiplet package thermal,1,1,16,displacement,T4,NONE,NONE,,N,,FALSE,
Patrice Camy,0000-0001-6823-7643,"Centre de Recherche sur les Ions, les Matériaux et la Photonique",academic,FR,Bonded Nd:glass laser gain heterostructures under transverse diode pumping for thermal management in high-energy laser amplifiers,2025,https://doi.org/10.1364/oe.579332,Optics Express,middle,laser diode thermal management,1,0,16,displacement,T4,NONE,NONE,,N,,FALSE,
Patrick Craig,0000-0002-1047-1987,University of Florida,academic,US,The Future of Electronics Packaging is Chiplet Architecture,2025,https://doi.org/10.37665/smctrsc40814,SMTA International,middle,chiplet package thermal,1,0,16,displacement,T4,polycrystalline-CVD-diamond-wafer,A2,,N,,FALSE,
Patrick Heimler,,Chemnitz University of Technology,academic,DE,"Power Cycling Testing for Power Semiconductor Switches: Methods, Standards, Limitations, and Outlooks",2025,https://doi.org/10.1109/tpel.2025.3595180,IEEE Transactions on Power Electronics,middle,wide bandgap power device packaging,1,0,16,displacement,T4,NONE,NONE,,N,,FALSE,
Po-Han Chen,0000-0001-5456-0124,,unknown,,Design and fabrication of a four-channel CWDM cooled DFB-LD module with OSFP electrical interface for CPO external laser sources,2025,https://doi.org/10.1364/optcon.569826,Optics Continuum,middle,co-packaged optics thermal,1,0,16,displacement,T4,NONE,A5,,Y,empty affiliation,FALSE,
Qiang Hu,0000-0002-7793-4835,Xi’an Jiaotong-Liverpool University,academic,CN,Study on Stress Distribution and Its Impact on Reliability of SiO2-Based Inorganic Chiplet Gap Filling,2025,https://doi.org/10.3390/mi16121310,Micromachines,middle,chiplet package thermal,1,0,16,displacement,T4,polycrystalline-CVD-diamond-wafer,A2,,N,,TRUE,affiliation country China: human export review required before any contact
Qianying He,,Xi’an Jiaotong-Liverpool University,academic,CN,Thermal and microwave performance enhancement of AlGaN/GaN HEMT using an ultra-thin buffer on Si substrate for handset applications,2025,https://doi.org/10.1063/5.0300018,Applied Physics Letters,middle,thermal boundary resistance GaN,1,0,16,displacement,T4,NONE,A1,,N,,TRUE,affiliation country China: human export review required before any contact
R.S.S. Raju Battula,,Aditya Birla (India),industry,IN,Fiber optic system dispersion compensation management within optical fiber communication channels through the control of all hybrid optical amplifiers: simulative study,2025,https://doi.org/10.1515/joc-2025-0038,Journal of Optical Communications,middle,laser diode thermal management,1,1,16,displacement,T4,NONE,NONE,,N,,FALSE,
Rafael Perez Martinez,0000-0001-6488-1247,Stanford University,academic,US,Integration of top-side low-temperature diamond on AlGaN/GaN RF HEMT for device-level cooling,2025,https://doi.org/10.1063/5.0261673,Applied Physics Letters,middle,GaN diamond thermal,1,0,16,core,T4,NONE,A1,,N,,FALSE,
Ralf Schmidt,0009-0003-0751-5306,Siemens (Germany),industry,DE,"Power Cycling Testing for Power Semiconductor Switches: Methods, Standards, Limitations, and Outlooks",2025,https://doi.org/10.1109/tpel.2025.3595180,IEEE Transactions on Power Electronics,middle,wide bandgap power device packaging,1,1,16,displacement,T4,NONE,NONE,,N,,FALSE,
Reid A. Berdanier,0000-0001-9204-4710,Pennsylvania State University,academic,US,Thermal Performance Comparisons of Advanced Cooling Designs Under Engine Representative Conditions,2025,https://doi.org/10.1115/1.4069495,Journal of Turbomachinery,middle,diamond heat spreader,1,0,16,core,T4,NONE,NONE,,N,,FALSE,
Robert Patti,0000-0003-0247-160X,NHanced Semiconductors (United States),industry,US,The Future of Electronics Packaging is Chiplet Architecture,2025,https://doi.org/10.37665/smctrsc40814,SMTA International,middle,chiplet package thermal,1,1,16,displacement,T2,polycrystalline-CVD-diamond-wafer,A2,,N,,FALSE,
Robert S. Howell,0009-0003-6540-5391,Northrop Grumman (United States),industry,US,Performance Enhancement of GaN Super-Lattice Castellated Field-Effect Transistors (SLCFETs) via Topside Integration of Near-Isotropic Polycrystalline Diamond,2025,https://doi.org/10.1109/led.2025.3602825,IEEE Electron Device Letters,middle,diamond heat spreader,1,1,16,core,T2,polycrystalline-CVD-diamond-wafer,NONE,,N,,FALSE,
Rongyu Tang,,Dynavax Technologies (Germany),industry,DE,Thermal and microwave performance enhancement of AlGaN/GaN HEMT using an ultra-thin buffer on Si substrate for handset applications,2025,https://doi.org/10.1063/5.0300018,Applied Physics Letters,middle,thermal boundary resistance GaN,1,1,16,displacement,T4,NONE,A1,,N,,FALSE,
Rui Li,0000-0001-5480-8089,Modern Electron (United States),industry,US,Research progress in interface optimization and preparation technology of high thermal conductivity diamond/copper composite materials,2025,https://doi.org/10.3389/fmats.2025.1582990,Frontiers in Materials,middle,copper diamond composite,1,1,16,core,T4,NONE,NONE,,N,,FALSE,
Rui Yin,0000-0003-3233-6214,Fudan University,academic,CN,Nano‐Scale Phonon Dynamics in GaN: Fundamentals and Strategies for Thermal Transport Modulation,2025,https://doi.org/10.1002/aelm.202500627,Advanced Electronic Materials,middle,thermal boundary resistance GaN,1,0,16,displacement,T4,NONE,NONE,,N,,TRUE,affiliation country China: human export review required before any contact
Ruoyu Hou,0000-0003-0301-1752,Infineon Technologies (Canada),industry,CA,Comprehensive System-Level Thermal Performance and Power Density Optimization in Enclosed Natural Convection PFC-LLC GaN Converters,2025,https://doi.org/10.1109/tia.2025.3532230,IEEE Transactions on Industry Applications,middle,thermal boundary resistance GaN,1,1,16,displacement,T4,NONE,NONE,,N,,FALSE,
Ryan Schilling,0000-0002-2055-1251,Corning (United States),industry,US,Optical Design and Applications for Ion-Exchanged Glass Waveguide Circuits,2025,https://doi.org/10.1109/tcpmt.2025.3526500,IEEE Transactions on Components Packaging and Manufacturing Technology,middle,co-packaged optics thermal,1,1,16,displacement,T4,NONE,NONE,,N,,FALSE,
Sai Charan Vanjari,0000-0003-4448-4943,University of Bristol,academic,GB,Thermal Boundary Resistance Reduction by Interfacial Nanopatterning for GaN-on-Diamond Electronics Applications,2025,https://doi.org/10.1021/acsaelm.5c00119,ACS Applied Electronic Materials,middle,diamond thermal conductivity substrate,1,0,16,core,T4,GaN-on-diamond,NONE,,N,,FALSE,
Satoru Kuramochi,,Dai Nippon Printing (Japan),industry,JP,Ultra-High Density RDL on Glass Core Substrate for Heterogenous Integration,2025,https://doi.org/10.4071/001c.129747,IMAPSource Proceedings,middle,chiplet package thermal,1,1,16,displacement,T4,NONE,NONE,,N,,FALSE,
Sen Huang,0000-0002-5980-3161,Institute of Microelectronics,academic,SG,GaN HEMTs on 4H-SiC/Diamond Engineered Substrate With Enhanced Heat Dissipation,2025,https://doi.org/10.1109/led.2025.3635043,IEEE Electron Device Letters,middle,GaN diamond thermal,1,0,16,core,T4,GaN-on-diamond,A1,,N,,FALSE,
Seo Young Kim,,Samsung (South Korea),industry,KR,Material Property Simulation for Advanced Packaging,2025,https://doi.org/10.4071/001c.153880,IMAPSource Proceedings,middle,chiplet package thermal,1,1,16,displacement,T4,NONE,A2,,N,,FALSE,
Seungwoo Kim,0009-0003-5711-2708,Korea Advanced Institute of Science and Technology,academic,KR,High efficiency single and multi-phase direct liquid jet-impingement cooling for heterogeneous packaging,2025,https://doi.org/10.1016/j.enconman.2025.120665,Energy Conversion and Management,middle,chiplet package thermal,1,0,16,displacement,T4,NONE,NONE,,N,,FALSE,
Shajib Ghosh,0000-0003-3523-8177,University of Florida,academic,US,The Future of Electronics Packaging is Chiplet Architecture,2025,https://doi.org/10.37665/smctrsc40814,SMTA International,middle,chiplet package thermal,1,0,16,displacement,T4,polycrystalline-CVD-diamond-wafer,A2,,N,,FALSE,
Shaowei Liu,0000-0003-4548-7652,Southeast University,academic,CN,Study on Stress Distribution and Its Impact on Reliability of SiO2-Based Inorganic Chiplet Gap Filling,2025,https://doi.org/10.3390/mi16121310,Micromachines,middle,chiplet package thermal,1,0,16,displacement,T4,polycrystalline-CVD-diamond-wafer,A2,,N,,TRUE,affiliation country China: human export review required before any contact
Shao‐Kuan Lee,,Taiwan Semiconductor Manufacturing Company (Taiwan),industry,TW,MPCVD diamond thin films as heat spreaders for back end of the line (BEOL) silicon chip fabrication,2025,https://doi.org/10.1016/j.diamond.2025.112999,Diamond and Related Materials,middle,diamond heat spreader,1,1,16,core,T2,single-crystal-CVD-diamond-plate,NONE,,N,,FALSE,
Shiwen Wu,0000-0003-1023-4073,Xiamen Tobacco Industry (China),industry,CN,Analytical Modeling and Validation of Thermal Fatigue Failure in Die Attach Structures for Power Electronics Modules,2025,https://doi.org/10.1007/s11664-025-12410-8,Journal of Electronic Materials,middle,IGBT module thermal fatigue,1,1,16,displacement,T2,single-crystal-CVD-diamond-plate,A4,,N,,TRUE,affiliation country China: human export review required before any contact
Shuiqing Li,0000-0003-4443-5316,Hua Hong Semiconductor (China),industry,CN,Synergistic optimization of material innovation and interface engineering for COD mitigation in high-power GaN-based blue laser diodes,2025,https://doi.org/10.1063/5.0281042,Applied Physics Letters,middle,laser diode thermal management,1,1,16,displacement,T4,NONE,A3,,N,,TRUE,affiliation country China: human export review required before any contact
Shu‐Jen Han,,Seqwater,academic,AU,Single Flux Quantum Circuit Operation at Millikelvin Temperatures,2025,https://doi.org/10.1109/tasc.2025.3639528,IEEE Transactions on Applied Superconductivity,middle,near-junction thermal management,1,0,16,displacement,T4,NONE,A6,,N,,FALSE,
Sohei Ogasawara,0009-0003-2718-1729,Tohoku University,academic,JP,Controlling Thermal Conductivity of Amorphous SiO<sub><i>x</i></sub> Films through Structural Engineering Utilizing Single Crystal Substrate Surfaces,2025,https://doi.org/10.1021/acs.nanolett.5c00646,Nano Letters,middle,wide bandgap power device packaging,1,0,16,displacement,T4,NONE,NONE,,N,,FALSE,
Stephen Yang-En Guu,,National Cheng Kung University,academic,TW,MPCVD diamond thin films as heat spreaders for back end of the line (BEOL) silicon chip fabrication,2025,https://doi.org/10.1016/j.diamond.2025.112999,Diamond and Related Materials,middle,diamond heat spreader,1,0,16,core,T4,single-crystal-CVD-diamond-plate,NONE,,N,,FALSE,
Su Yang,,Nanjing Agricultural University,academic,CN,Thermal and microwave performance enhancement of AlGaN/GaN HEMT using an ultra-thin buffer on Si substrate for handset applications,2025,https://doi.org/10.1063/5.0300018,Applied Physics Letters,middle,thermal boundary resistance GaN,1,0,16,displacement,T4,NONE,A1,,N,,TRUE,affiliation country China: human export review required before any contact
T. Subha,,Dr. M.G.R. Educational and Research Institute,academic,IN,Fiber optic system dispersion compensation management within optical fiber communication channels through the control of all hybrid optical amplifiers: simulative study,2025,https://doi.org/10.1515/joc-2025-0038,Journal of Optical Communications,middle,laser diode thermal management,1,0,16,displacement,T4,NONE,NONE,,N,,FALSE,
T. Tilford,0000-0001-8307-6403,University of Greenwich,academic,GB,Modelling the fatigue damage in power components using machine learning technology,2025,https://doi.org/10.1016/j.pedc.2025.100079,Power Electronic Devices and Components,middle,IGBT module thermal fatigue,1,0,16,displacement,T4,NONE,NONE,,N,,FALSE,
Tailong Shi,0009-0003-3823-9252,Southeast University,academic,CN,Study on Stress Distribution and Its Impact on Reliability of SiO2-Based Inorganic Chiplet Gap Filling,2025,https://doi.org/10.3390/mi16121310,Micromachines,middle,chiplet package thermal,1,0,16,displacement,T4,polycrystalline-CVD-diamond-wafer,A2,,N,,TRUE,affiliation country China: human export review required before any contact
Takashi Matsuda,,Mitsubishi Electric (Japan),industry,JP,An Accurate Electrical and Thermal Co-Simulation Framework for Modeling High-Temperature DC and Pulsed I - V Characteristics of GaN HEMTs,2025,https://doi.org/10.1109/jeds.2025.3528307,IEEE Journal of the Electron Devices Society,middle,GaN HEMT thermal management,1,1,16,displacement,T4,NONE,A1,,N,,FALSE,
Takashi Suzuki,,Tokyo Electron (Japan),industry,JP,Panel Level Package: Reliability Evaluation of Double-sided Direct Copper Plated Interconnects on Embedded Power Die by Thermal and Electrical Stress Test,2025,https://doi.org/10.4071/001c.151188,IMAPSource Proceedings,middle,die attach thermal resistance,1,1,16,displacement,T4,NONE,NONE,,N,,FALSE,
Tao Hu,,Shanghai University,academic,CN,Atomic-scale substitutional defect engineering for significant enhancement of thermal transport at GaN/diamond interfaces,2025,https://doi.org/10.1016/j.carbon.2025.121221,Carbon,middle,GaN diamond thermal,1,0,16,core,T4,GaN-on-diamond,A1,,N,,TRUE,affiliation country China: human export review required before any contact
Teny Shih,,Siliconware Precision Industries (Taiwan),industry,TW,Using FEM Simulation to Predict the Mechanical and Thermal Performance of FO-EB-T Package,2025,https://doi.org/10.4071/001c.129749,IMAPSource Proceedings,middle,chiplet package thermal,1,1,16,displacement,T4,NONE,NONE,,N,,FALSE,
Tian Xia,0000-0003-1733-9708,University of Vermont,academic,US,An Approach to Thermal Management and Performance Throttling for Federated Computation on a Low-Cost 3D ESP32-S3 Package Stack,2025,https://doi.org/10.3390/computers14040147,Computers,middle,chiplet package thermal,1,0,16,displacement,T4,NONE,NONE,,N,,FALSE,
Tiancheng Tian,,Shanghai University of Electric Power,academic,CN,Design and Analysis of PCB Embedded SiC Half-Bridge Packaging Cells With Low Thermal Resistance and Parasitic Inductance,2025,https://doi.org/10.1109/tpel.2025.3639926,IEEE Transactions on Power Electronics,middle,die attach thermal resistance,1,0,16,displacement,T4,NONE,NONE,,N,,TRUE,affiliation country China: human export review required before any contact
Tianze Zheng,0000-0002-5413-8246,Southeast University,academic,CN,Study on Stress Distribution and Its Impact on Reliability of SiO2-Based Inorganic Chiplet Gap Filling,2025,https://doi.org/10.3390/mi16121310,Micromachines,middle,chiplet package thermal,1,0,16,displacement,T4,polycrystalline-CVD-diamond-wafer,A2,,N,,TRUE,affiliation country China: human export review required before any contact
Tobias Heise,,University of Rostock,academic,DE,Lifetime prediction for power modules in wind-energy converters based on temperature variations in a large area substrate solder connection,2025,https://doi.org/10.1016/j.microrel.2025.115665,Microelectronics Reliability,middle,power module baseplate thermal,1,0,16,displacement,T4,copper-diamond-composite,A4,,N,,FALSE,
Tobias Wernicke,0000-0003-1727-3868,EV Group (Austria),industry,AT,Low temperature bonding of diamond heat spreaders for advanced thermal management,2025,https://doi.org/10.35848/1347-4065/adc699,Japanese Journal of Applied Physics,middle,diamond heat spreader,1,1,16,core,T2,single-crystal-CVD-diamond-plate,NONE,,N,,FALSE,
Tomoyuki Koganezawa,0000-0002-9302-5025,Japan Synchrotron Radiation Research Institute,academic,JP,Controlling Thermal Conductivity of Amorphous SiO<sub><i>x</i></sub> Films through Structural Engineering Utilizing Single Crystal Substrate Surfaces,2025,https://doi.org/10.1021/acs.nanolett.5c00646,Nano Letters,middle,wide bandgap power device packaging,1,0,16,displacement,T4,NONE,NONE,,N,,FALSE,
Vito Lin,,Siliconware Precision Industries (Taiwan),industry,TW,Using FEM Simulation to Predict the Mechanical and Thermal Performance of FO-EB-T Package,2025,https://doi.org/10.4071/001c.129749,IMAPSource Proceedings,middle,chiplet package thermal,1,1,16,displacement,T4,NONE,NONE,,N,,FALSE,
W. K. Neils,0009-0002-0238-4442,Quantum Design (United States),industry,US,Multi-Modal Approach for Quality Control and Failure Analysis of Metal Lines for Chiplets Integration,2025,https://doi.org/10.1093/mam/ozaf048.166,Microscopy and Microanalysis,middle,chiplet package thermal,1,1,16,displacement,T2,polycrystalline-CVD-diamond-wafer,A2,,N,,FALSE,
Wei Chen,,Shanghai University of Electric Power,academic,CN,Design and Analysis of PCB Embedded SiC Half-Bridge Packaging Cells With Low Thermal Resistance and Parasitic Inductance,2025,https://doi.org/10.1109/tpel.2025.3639926,IEEE Transactions on Power Electronics,middle,die attach thermal resistance,1,0,16,displacement,T4,NONE,NONE,,N,,TRUE,affiliation country China: human export review required before any contact
Wen Liu,0000-0002-2212-1861,Xi’an Jiaotong-Liverpool University,academic,CN,Thermal and microwave performance enhancement of AlGaN/GaN HEMT using an ultra-thin buffer on Si substrate for handset applications,2025,https://doi.org/10.1063/5.0300018,Applied Physics Letters,middle,thermal boundary resistance GaN,1,0,16,displacement,T4,NONE,A1,,N,,TRUE,affiliation country China: human export review required before any contact
Wen-Jie Yu,,Stanford University,academic,US,Performance Enhancement of GaN Super-Lattice Castellated Field-Effect Transistors (SLCFETs) via Topside Integration of Near-Isotropic Polycrystalline Diamond,2025,https://doi.org/10.1109/led.2025.3602825,IEEE Electron Device Letters,middle,diamond heat spreader,1,0,16,core,T4,polycrystalline-CVD-diamond-wafer,NONE,,N,,FALSE,
Wenjing Jiang,0000-0002-5528-8182,Institute of Microelectronics,academic,SG,GaN HEMTs on 4H-SiC/Diamond Engineered Substrate With Enhanced Heat Dissipation,2025,https://doi.org/10.1109/led.2025.3635043,IEEE Electron Device Letters,middle,GaN diamond thermal,1,0,16,core,T4,GaN-on-diamond,A1,,N,,FALSE,
William He,0009-0000-6729-6289,King Abdullah University of Science and Technology,academic,SA,Integrating silicon photonics with complementary metal–oxide–semiconductor technologies,2025,https://doi.org/10.1038/s44287-025-00223-0,Nature Reviews Electrical Engineering,middle,co-packaged optics thermal,1,0,16,displacement,T4,NONE,A5,,N,,FALSE,
Woopoung Kim,,Samsung (South Korea),industry,KR,Material Property Simulation for Advanced Packaging,2025,https://doi.org/10.4071/001c.153880,IMAPSource Proceedings,middle,chiplet package thermal,1,1,16,displacement,T4,NONE,A2,,N,,FALSE,
XU Yanjun,,,unknown,,Preparation and properties of chrome-plated diamond/copper composites,2025,https://doi.org/10.19591/j.cnki.cn11-1974/tf.2024050002,DOAJ (DOAJ: Directory of Open Access Journals),middle,copper diamond composite,1,0,16,core,T4,NONE,NONE,,Y,empty affiliation,FALSE,
Xiang Li,0000-0002-3325-0079,Dynex Semiconductor (United Kingdom),industry,GB,"Power Cycling Testing for Power Semiconductor Switches: Methods, Standards, Limitations, and Outlooks",2025,https://doi.org/10.1109/tpel.2025.3595180,IEEE Transactions on Power Electronics,middle,wide bandgap power device packaging,1,1,16,displacement,T4,NONE,NONE,,N,,FALSE,
Xiangjie Xing,,Institute of Microelectronics,academic,SG,GaN HEMTs on 4H-SiC/Diamond Engineered Substrate With Enhanced Heat Dissipation,2025,https://doi.org/10.1109/led.2025.3635043,IEEE Electron Device Letters,middle,GaN diamond thermal,1,0,16,core,T4,GaN-on-diamond,A1,,N,,FALSE,
Xiangpeng Tang,,Harbin Institute of Technology,academic,CN,Characterization and heat transfer model analysis of diamond/copper composite materials prepared by high-temperature lamination,2025,https://doi.org/10.1016/j.diamond.2025.112457,Diamond and Related Materials,middle,copper diamond composite,1,0,16,core,T4,NONE,NONE,,N,,TRUE,affiliation country China: human export review required before any contact
Xiaodan Yu,,Nantong University,academic,CN,Atomic-scale substitutional defect engineering for significant enhancement of thermal transport at GaN/diamond interfaces,2025,https://doi.org/10.1016/j.carbon.2025.121221,Carbon,middle,GaN diamond thermal,1,0,16,core,T4,GaN-on-diamond,A1,,N,,TRUE,affiliation country China: human export review required before any contact
Xiaofei Zhang,0000-0001-9961-507X,Academy of Military Medical Sciences,academic,CN,Design and Fabrication of Embedded Microchannel Cooling Solutions for High-Power-Density Semiconductor Devices,2025,https://doi.org/10.3390/mi16080908,Micromachines,middle,near-junction thermal management,1,0,16,displacement,T4,NONE,NONE,,N,,TRUE,affiliation country China: human export review required before any contact
Xiaotian Zhang,0000-0002-0126-6834,University of York,academic,GB,Modelling the fatigue damage in power components using machine learning technology,2025,https://doi.org/10.1016/j.pedc.2025.100079,Power Electronic Devices and Components,middle,IGBT module thermal fatigue,1,0,16,displacement,T4,NONE,NONE,,N,,FALSE,
Xiaoxin Zhang,,Shanghai University,academic,CN,Atomic-scale substitutional defect engineering for significant enhancement of thermal transport at GaN/diamond interfaces,2025,https://doi.org/10.1016/j.carbon.2025.121221,Carbon,middle,GaN diamond thermal,1,0,16,core,T4,GaN-on-diamond,A1,,N,,TRUE,affiliation country China: human export review required before any contact
Xin Yang,0000-0001-6922-2419,Hunan University,academic,CN,Investigation on Creep-Fatigue Interaction Failure of Die-Attach Solder Layers in IGBTs Under Power Cycling,2025,https://doi.org/10.1109/tpel.2025.3530991,IEEE Transactions on Power Electronics,middle,die attach thermal resistance,1,0,16,displacement,T4,copper-diamond-composite,NONE,,N,,TRUE,affiliation country China: human export review required before any contact
Xingyu Yang,0009-0004-8665-5696,University of Liverpool,academic,GB,Modelling the fatigue damage in power components using machine learning technology,2025,https://doi.org/10.1016/j.pedc.2025.100079,Power Electronic Devices and Components,middle,IGBT module thermal fatigue,1,0,16,displacement,T4,NONE,NONE,,N,,FALSE,
Xinhua Wang,0000-0002-6592-7515,Institute of Microelectronics,academic,SG,GaN HEMTs on 4H-SiC/Diamond Engineered Substrate With Enhanced Heat Dissipation,2025,https://doi.org/10.1109/led.2025.3635043,IEEE Electron Device Letters,middle,GaN diamond thermal,1,0,16,core,T4,GaN-on-diamond,A1,,N,,FALSE,
Xinlong Wu,0000-0003-4744-0727,Hunan University,academic,CN,Investigation on Creep-Fatigue Interaction Failure of Die-Attach Solder Layers in IGBTs Under Power Cycling,2025,https://doi.org/10.1109/tpel.2025.3530991,IEEE Transactions on Power Electronics,middle,die attach thermal resistance,1,0,16,displacement,T4,copper-diamond-composite,NONE,,N,,TRUE,affiliation country China: human export review required before any contact
Xinyue Zhang,0009-0002-5862-5188,Hong Kong Polytechnic University,academic,HK,"Power Cycling Testing for Power Semiconductor Switches: Methods, Standards, Limitations, and Outlooks",2025,https://doi.org/10.1109/tpel.2025.3595180,IEEE Transactions on Power Electronics,middle,wide bandgap power device packaging,1,0,16,displacement,T4,NONE,NONE,,N,,FALSE,
Xiong Zhang,0000-0001-9760-5206,Hongzhiwei Technology (China),industry,CN,A Coherent Compact Thermal Network Model (CTM) for High-Precision and Efficient Temperature Prediction in CoWoS Packaging,2025,https://doi.org/10.1109/tcpmt.2025.3619074,IEEE Transactions on Components Packaging and Manufacturing Technology,middle,chiplet package thermal,1,1,16,displacement,T4,NONE,NONE,,N,,TRUE,affiliation country China: human export review required before any contact
Xu Han,0000-0002-2742-5354,Peking University,academic,CN,Reducing Warpage for Polymer-Based Embedded Silicon Fan-Out (P-eSiFO) Packaging During Thermal Process Loadings,2025,https://doi.org/10.1109/tcpmt.2025.3578042,IEEE Transactions on Components Packaging and Manufacturing Technology,middle,chiplet package thermal,1,0,16,displacement,T4,NONE,NONE,,N,,TRUE,affiliation country China: human export review required before any contact
Xuejun Yan,,Nanjing Agricultural University,academic,CN,Thermal and microwave performance enhancement of AlGaN/GaN HEMT using an ultra-thin buffer on Si substrate for handset applications,2025,https://doi.org/10.1063/5.0300018,Applied Physics Letters,middle,thermal boundary resistance GaN,1,0,16,displacement,T4,NONE,A1,,N,,TRUE,affiliation country China: human export review required before any contact
Xuemin Li,,Taiwan Semiconductor Manufacturing Company (China),industry,CN,Analytical Modeling and Validation of Thermal Fatigue Failure in Die Attach Structures for Power Electronics Modules,2025,https://doi.org/10.1007/s11664-025-12410-8,Journal of Electronic Materials,middle,IGBT module thermal fatigue,1,1,16,displacement,T2,single-crystal-CVD-diamond-plate,A4,,N,,TRUE,affiliation country China: human export review required before any contact
Xuyang Yan,,Shanghai University of Electric Power,academic,CN,Design and Analysis of PCB Embedded SiC Half-Bridge Packaging Cells With Low Thermal Resistance and Parasitic Inductance,2025,https://doi.org/10.1109/tpel.2025.3639926,IEEE Transactions on Power Electronics,middle,die attach thermal resistance,1,0,16,displacement,T4,NONE,NONE,,N,,TRUE,affiliation country China: human export review required before any contact
Yabing Li,0000-0003-0618-9847,Fudan University,academic,CN,Nano‐Scale Phonon Dynamics in GaN: Fundamentals and Strategies for Thermal Transport Modulation,2025,https://doi.org/10.1002/aelm.202500627,Advanced Electronic Materials,middle,thermal boundary resistance GaN,1,0,16,displacement,T4,NONE,NONE,,N,,TRUE,affiliation country China: human export review required before any contact
Yan Xiong,0000-0001-9503-0541,China Southern Power Grid (China),industry,CN,Experimental Investigation on Fatigue Failure Evolution of Press-Pack IGBT Devices Under MMC Operating Conditions,2025,https://doi.org/10.1109/tpel.2025.3557046,IEEE Transactions on Power Electronics,middle,IGBT module thermal fatigue,1,1,16,displacement,T2,copper-diamond-composite,A4,,N,,TRUE,affiliation country China: human export review required before any contact
Yan Zhang,,Institute of Microelectronics,academic,SG,GaN HEMTs on 4H-SiC/Diamond Engineered Substrate With Enhanced Heat Dissipation,2025,https://doi.org/10.1109/led.2025.3635043,IEEE Electron Device Letters,middle,GaN diamond thermal,1,0,16,core,T4,GaN-on-diamond,A1,,N,,FALSE,
Yanjun Han,,Tsinghua University,academic,CN,Synergistic optimization of material innovation and interface engineering for COD mitigation in high-power GaN-based blue laser diodes,2025,https://doi.org/10.1063/5.0281042,Applied Physics Letters,middle,laser diode thermal management,1,0,16,displacement,T4,NONE,A3,,N,,TRUE,affiliation country China: human export review required before any contact
Yaochun Shen,0000-0002-8915-1993,University of Liverpool,academic,GB,Modelling the fatigue damage in power components using machine learning technology,2025,https://doi.org/10.1016/j.pedc.2025.100079,Power Electronic Devices and Components,middle,IGBT module thermal fatigue,1,0,16,displacement,T4,NONE,NONE,,N,,FALSE,
Yasutaka Matsuo,0000-0002-5071-0284,Hokkaido University,academic,JP,Controlling Thermal Conductivity of Amorphous SiO<sub><i>x</i></sub> Films through Structural Engineering Utilizing Single Crystal Substrate Surfaces,2025,https://doi.org/10.1021/acs.nanolett.5c00646,Nano Letters,middle,wide bandgap power device packaging,1,0,16,displacement,T4,NONE,NONE,,N,,FALSE,
Yasuyoshi Nagai,0000-0001-7587-6128,Tohoku Agricultural Research Center,academic,JP,Direct Integration of Polycrystalline Diamond With 3C‐SiC for Enhanced Thermal Management in GaN HEMTs: Impact of Grain Structure and Interface Engineering,2025,https://doi.org/10.1002/admt.202500437,Advanced Materials Technologies,middle,GaN diamond thermal,1,0,16,core,T4,polycrystalline-CVD-diamond-wafer,A1,,N,,FALSE,
Yi Pei,0000-0003-0906-1056,Dynavax Technologies (Germany),industry,DE,Thermal and microwave performance enhancement of AlGaN/GaN HEMT using an ultra-thin buffer on Si substrate for handset applications,2025,https://doi.org/10.1063/5.0300018,Applied Physics Letters,middle,thermal boundary resistance GaN,1,1,16,displacement,T4,NONE,A1,,N,,FALSE,
Yichi Zhang,0000-0002-7160-8430,Hong Kong Polytechnic University,academic,HK,"Power Cycling Testing for Power Semiconductor Switches: Methods, Standards, Limitations, and Outlooks",2025,https://doi.org/10.1109/tpel.2025.3595180,IEEE Transactions on Power Electronics,middle,wide bandgap power device packaging,1,0,16,displacement,T4,NONE,NONE,,N,,FALSE,
Yihua Hu,0000-0002-1007-1617,King's College London,academic,GB,Modelling the fatigue damage in power components using machine learning technology,2025,https://doi.org/10.1016/j.pedc.2025.100079,Power Electronic Devices and Components,middle,IGBT module thermal fatigue,1,0,16,displacement,T4,NONE,NONE,,N,,FALSE,
Yinghong Li,0000-0003-3629-519X,China Southern Power Grid (China),industry,CN,Experimental Investigation on Fatigue Failure Evolution of Press-Pack IGBT Devices Under MMC Operating Conditions,2025,https://doi.org/10.1109/tpel.2025.3557046,IEEE Transactions on Power Electronics,middle,IGBT module thermal fatigue,1,1,16,displacement,T2,copper-diamond-composite,A4,,N,,TRUE,affiliation country China: human export review required before any contact
Yongru Deng,,Xi'an Technological University,academic,CN,Research progress in interface optimization and preparation technology of high thermal conductivity diamond/copper composite materials,2025,https://doi.org/10.3389/fmats.2025.1582990,Frontiers in Materials,middle,copper diamond composite,1,0,16,core,T4,NONE,NONE,,N,,TRUE,affiliation country China: human export review required before any contact
Yu-Sen Chien,,National Cheng Kung University,academic,TW,MPCVD diamond thin films as heat spreaders for back end of the line (BEOL) silicon chip fabrication,2025,https://doi.org/10.1016/j.diamond.2025.112999,Diamond and Related Materials,middle,diamond heat spreader,1,0,16,core,T4,single-crystal-CVD-diamond-plate,NONE,,N,,FALSE,
Yue Sun,,China Communications Construction Company (China),industry,CN,Thermal and microwave performance enhancement of AlGaN/GaN HEMT using an ultra-thin buffer on Si substrate for handset applications,2025,https://doi.org/10.1063/5.0300018,Applied Physics Letters,middle,thermal boundary resistance GaN,1,1,16,displacement,T4,NONE,A1,,N,,TRUE,affiliation country China: human export review required before any contact
Yuhao Zhang,0000-0001-6350-4861,Hong Kong Polytechnic University,academic,HK,"Power Cycling Testing for Power Semiconductor Switches: Methods, Standards, Limitations, and Outlooks",2025,https://doi.org/10.1109/tpel.2025.3595180,IEEE Transactions on Power Electronics,middle,wide bandgap power device packaging,1,0,16,displacement,T4,NONE,NONE,,N,,FALSE,
Yuhong Li,,Advanced Interconnect Technologies (China),industry,CN,Design and Analysis of PCB Embedded SiC Half-Bridge Packaging Cells With Low Thermal Resistance and Parasitic Inductance,2025,https://doi.org/10.1109/tpel.2025.3639926,IEEE Transactions on Power Electronics,middle,die attach thermal resistance,1,1,16,displacement,T4,NONE,NONE,,N,,TRUE,affiliation country China: human export review required before any contact
Yuki Matsue,,Tokyo Electron (Japan),industry,JP,Panel Level Package: Reliability Evaluation of Double-sided Direct Copper Plated Interconnects on Embedded Power Die by Thermal and Electrical Stress Test,2025,https://doi.org/10.4071/001c.151188,IMAPSource Proceedings,middle,die attach thermal resistance,1,1,16,displacement,T4,NONE,NONE,,N,,FALSE,
Yunjie Wu,0009-0005-9692-9694,Chongqing University,academic,CN,Experimental Investigation on Fatigue Failure Evolution of Press-Pack IGBT Devices Under MMC Operating Conditions,2025,https://doi.org/10.1109/tpel.2025.3557046,IEEE Transactions on Power Electronics,middle,IGBT module thermal fatigue,1,0,16,displacement,T4,copper-diamond-composite,A4,,N,,TRUE,affiliation country China: human export review required before any contact
Yunzhen Jiang,,Guilin University of Electronic Technology,academic,CN,A study on interfacial structure design and thermal conductivity optimization of diamond/copper composites,2025,https://doi.org/10.1039/d5ma01082a,Materials Advances,middle,copper diamond composite,1,0,16,core,T4,NONE,NONE,,N,,TRUE,affiliation country China: human export review required before any contact
Yuqing Zhou,0000-0002-1812-068X,Toyota Motor Corporation (Switzerland),industry,CH,"Applications, Design Methods, and Challenges for Additive Manufacturing of Thermal Solutions for Heterogeneous Integration of Electronics",2025,https://doi.org/10.1115/1.4067649,Journal of Electronic Packaging,middle,chiplet package thermal,1,1,16,displacement,T4,NONE,A2,,N,,FALSE,
Yutong Li,0000-0001-8653-6698,Shijiazhuang Tiedao University,academic,CN,The effect of vacancy defects on the interfacial thermal resistance at the GaN/diamond interfaces: molecular dynamics simulation,2025,https://doi.org/10.1088/1361-651x/adcfb7,Modelling and Simulation in Materials Science and Engineering,middle,GaN diamond thermal,1,0,16,core,T4,GaN-on-diamond,A1,,N,,TRUE,affiliation country China: human export review required before any contact
Zhanghui Liu,0000-0002-5913-3647,China Nonferrous Metal Mining (China),industry,CN,A study on interfacial structure design and thermal conductivity optimization of diamond/copper composites,2025,https://doi.org/10.1039/d5ma01082a,Materials Advances,middle,copper diamond composite,1,1,16,core,T4,NONE,NONE,,N,,TRUE,affiliation country China: human export review required before any contact
Zhibai Zhong,,Hua Hong Semiconductor (China),industry,CN,Synergistic optimization of material innovation and interface engineering for COD mitigation in high-power GaN-based blue laser diodes,2025,https://doi.org/10.1063/5.0281042,Applied Physics Letters,middle,laser diode thermal management,1,1,16,displacement,T4,NONE,A3,,N,,TRUE,affiliation country China: human export review required before any contact
Zhibiao Hao,,Tsinghua University,academic,CN,Synergistic optimization of material innovation and interface engineering for COD mitigation in high-power GaN-based blue laser diodes,2025,https://doi.org/10.1063/5.0281042,Applied Physics Letters,middle,laser diode thermal management,1,0,16,displacement,T4,NONE,A3,,N,,TRUE,affiliation country China: human export review required before any contact
Zhiping Yu,0000-0001-8701-8438,Institute of Microelectronics,academic,CN,A Coherent Compact Thermal Network Model (CTM) for High-Precision and Efficient Temperature Prediction in CoWoS Packaging,2025,https://doi.org/10.1109/tcpmt.2025.3619074,IEEE Transactions on Components Packaging and Manufacturing Technology,middle,chiplet package thermal,1,0,16,displacement,T4,NONE,NONE,,N,,TRUE,affiliation country China: human export review required before any contact
Zhiyong Yuan,0000-0001-7547-679X,China Southern Power Grid (China),industry,CN,Experimental Investigation on Fatigue Failure Evolution of Press-Pack IGBT Devices Under MMC Operating Conditions,2025,https://doi.org/10.1109/tpel.2025.3557046,IEEE Transactions on Power Electronics,middle,IGBT module thermal fatigue,1,1,16,displacement,T2,copper-diamond-composite,A4,,N,,TRUE,affiliation country China: human export review required before any contact
Zhuo Zhang,0009-0007-6706-8391,Modern Electron (United States),industry,US,Research progress in interface optimization and preparation technology of high thermal conductivity diamond/copper composite materials,2025,https://doi.org/10.3389/fmats.2025.1582990,Frontiers in Materials,middle,copper diamond composite,1,1,16,core,T4,NONE,NONE,,N,,FALSE,
Abdullah S. Obeidat,0009-0005-0057-0542,Binghamton University,academic,US,SiC Power Module Packaging Using Printed Electronics Materials and Processes,2024,https://doi.org/10.1109/tcpmt.2024.3453209,IEEE Transactions on Components Packaging and Manufacturing Technology,middle,wide bandgap power device packaging,1,0,8,displacement,T4,copper-diamond-composite,A4,,N,,FALSE,
Aleksandrs Marinins,0000-0002-0728-6684,IMEC,academic,BE,Thermal Scaling Analysis of Large Hybrid Laser Arrays for Co-Packaged Optics,2024,https://doi.org/10.1109/jstqe.2024.3444923,IEEE Journal of Selected Topics in Quantum Electronics,middle,co-packaged optics thermal,1,0,8,displacement,T4,polycrystalline-CVD-diamond-wafer,A6,,N,,FALSE,
Andrew McKee,,Applied Photonics (United Kingdom),industry,GB,Thermal Scaling Analysis of Large Hybrid Laser Arrays for Co-Packaged Optics,2024,https://doi.org/10.1109/jstqe.2024.3444923,IEEE Journal of Selected Topics in Quantum Electronics,middle,co-packaged optics thermal,1,1,8,displacement,T2,polycrystalline-CVD-diamond-wafer,A6,,N,,FALSE,
Anurag Vohra,0000-0002-2831-0719,IMEC,academic,BE,Correlation of heat transport mechanism and structural properties of GaN high electron mobility transistors,2024,https://doi.org/10.1063/5.0207513,Journal of Applied Physics,middle,thermal boundary resistance GaN,1,0,8,displacement,T4,NONE,NONE,,N,,FALSE,
Arun Gowda,,GE Global Research (United States),industry,US,SiC Power Module Packaging Using Printed Electronics Materials and Processes,2024,https://doi.org/10.1109/tcpmt.2024.3453209,IEEE Transactions on Components Packaging and Manufacturing Technology,middle,wide bandgap power device packaging,1,1,8,displacement,T2,copper-diamond-composite,A4,,N,,FALSE,
Atsushi Takahashi,0000-0003-3821-5325,Nagase (Japan),industry,JP,Design Guidelines for 2.5-D Packages Featuring Organic Interposer With Bridges Embedded,2024,https://doi.org/10.1109/tcpmt.2024.3474716,IEEE Transactions on Components Packaging and Manufacturing Technology,middle,chiplet package thermal,1,1,8,displacement,T4,NONE,NONE,,N,,FALSE,
Barbara Kosednar-Legenstein,,Materials Center Leoben (Austria),industry,AT,Correlation of heat transport mechanism and structural properties of GaN high electron mobility transistors,2024,https://doi.org/10.1063/5.0207513,Journal of Applied Physics,middle,thermal boundary resistance GaN,1,1,8,displacement,T4,NONE,NONE,,N,,FALSE,
Benjian Liu,0000-0002-4999-9949,Harbin Institute of Technology,academic,CN,Optimizing MPCVD systems for diamond growth through advanced microwave transmission theory,2024,https://doi.org/10.1016/j.jcrysgro.2024.128008,Journal of Crystal Growth,middle,single crystal diamond MPCVD,1,0,8,core,T4,single-crystal-CVD-diamond-plate,NONE,,N,,TRUE,affiliation country China: human export review required before any contact
Bing Sun,0000-0001-6896-7531,Chinese Academy of Sciences,academic,CN,Wafer-scale N-polar GaN heterogeneous structure fabricated by surface active bonding and laser lift-off,2024,https://doi.org/10.1016/j.jallcom.2024.176253,Journal of Alloys and Compounds,middle,thermal boundary resistance GaN,1,0,8,displacement,T4,NONE,A1,,N,,TRUE,affiliation country China: human export review required before any contact
Bo Peng,0000-0002-2696-900X,Xidian University,academic,CN,Study of photoinduced nonthermal melting of 4H-SiC under femtosecond pulse laser irradiation based on time-dependent density functional theory simulations,2024,https://doi.org/10.1063/5.0221305,Journal of Applied Physics,middle,diamond thermal conductivity substrate,1,0,8,core,T4,NONE,NONE,,N,,TRUE,affiliation country China: human export review required before any contact
Bo Xia,0000-0001-8091-7721,Henkel (Germany),industry,DE,Enhancing Semiconductor Package Reliability through Mechanical Property Optimization of Pressureless Sintering Die Attach Adhesives,2024,https://doi.org/10.4071/001c.94312,IMAPSource Proceedings,middle,wide bandgap power device packaging,1,1,8,displacement,T2,single-crystal-CVD-diamond-plate,NONE,,N,,FALSE,
Changhong Du,0009-0005-1645-1468,Chery Automobile (China),industry,CN,Reliability evaluation of IGBT power module on electric vehicle using big data,2024,https://doi.org/10.1088/1674-4926/45/5/052301,Journal of Semiconductors,middle,IGBT module thermal fatigue,1,1,8,displacement,T2,copper-diamond-composite,A4,,N,,TRUE,affiliation country China: human export review required before any contact
Chao Yuan,0000-0003-3116-6049,Wuhan University,academic,CN,Wafer-scale N-polar GaN heterogeneous structure fabricated by surface active bonding and laser lift-off,2024,https://doi.org/10.1016/j.jallcom.2024.176253,Journal of Alloys and Compounds,middle,thermal boundary resistance GaN,1,0,8,displacement,T4,NONE,A1,,N,,TRUE,affiliation country China: human export review required before any contact
Cheng Peng,,University of Chinese Academy of Sciences,academic,CN,Enhanced Fabrication and Assembly of 3-D Chiplets Based on Active Interposer With Frontside Via-Last TSVs,2024,https://doi.org/10.1109/tcpmt.2024.3443858,IEEE Transactions on Components Packaging and Manufacturing Technology,middle,chiplet package thermal,1,0,8,displacement,T4,polycrystalline-CVD-diamond-wafer,A2,,N,,TRUE,affiliation country China: human export review required before any contact
Christoph E. Nebel,0000-0002-7976-7030,Kanazawa University,academic,JP,"Diamond Homoepitaxial Growth Technology toward Wafer Fabrication, Atomically Controlled Surfaces, and Low Resistivity",2024,https://doi.org/10.1021/accountsmr.4c00123,Accounts of Materials Research,middle,diamond thermal conductivity substrate,1,0,8,core,T4,NONE,NONE,,N,,FALSE,
Daochun Hu,,Nanjing University of Industry Technology,academic,CN,An Investigation on the Spark Plasma Sintering Diffusion Bonding of Diamond/Cu Composites with a Cr Interlayer,2024,https://doi.org/10.3390/ma17246026,Materials,middle,copper diamond composite,1,0,8,core,T4,NONE,NONE,,N,,TRUE,affiliation country China: human export review required before any contact
Disheng Wei,0000-0001-5653-3891,Harbin Institute of Technology,academic,CN,20 W CW laser operation of Tm:YAP single crystal fiber,2024,https://doi.org/10.1016/j.optlastec.2024.111529,Optics & Laser Technology,middle,laser diode thermal management,1,0,8,displacement,T4,NONE,NONE,,N,,TRUE,affiliation country China: human export review required before any contact
Dominik Bortis,0000-0001-9375-2284,ETH Zurich,academic,CH,Comparative Evaluation of Three-Phase Three-Level GaN and Seven-Level Si Flying Capacitor Inverters for Integrated Motor Drives Considering Overload Operation,2024,https://doi.org/10.1109/access.2024.3350728,IEEE Access,middle,power module baseplate thermal,1,0,8,displacement,T4,NONE,NONE,,N,,FALSE,
Dongyue Wen,,Harbin Institute of Technology,academic,CN,Optimizing MPCVD systems for diamond growth through advanced microwave transmission theory,2024,https://doi.org/10.1016/j.jcrysgro.2024.128008,Journal of Crystal Growth,middle,single crystal diamond MPCVD,1,0,8,core,T4,single-crystal-CVD-diamond-plate,NONE,,N,,TRUE,affiliation country China: human export review required before any contact
Dylan Richmond,0000-0003-4832-6483,Binghamton University,academic,US,SiC Power Module Packaging Using Printed Electronics Materials and Processes,2024,https://doi.org/10.1109/tcpmt.2024.3453209,IEEE Transactions on Components Packaging and Manufacturing Technology,middle,wide bandgap power device packaging,1,0,8,displacement,T4,copper-diamond-composite,A4,,N,,FALSE,
E. Ho,,Henkel (Germany),industry,DE,Enhancing Semiconductor Package Reliability through Mechanical Property Optimization of Pressureless Sintering Die Attach Adhesives,2024,https://doi.org/10.4071/001c.94312,IMAPSource Proceedings,middle,wide bandgap power device packaging,1,1,8,displacement,T2,single-crystal-CVD-diamond-plate,NONE,,N,,FALSE,
El Mehdi Abbara,,Binghamton University,academic,US,SiC Power Module Packaging Using Printed Electronics Materials and Processes,2024,https://doi.org/10.1109/tcpmt.2024.3453209,IEEE Transactions on Components Packaging and Manufacturing Technology,middle,wide bandgap power device packaging,1,0,8,displacement,T4,copper-diamond-composite,A4,,N,,FALSE,
Evan Z. Toth,0000-0002-8934-2669,Northeastern University,academic,US,Transferable Percolated Particle Monolayers Derived from Marangoni Flows for Thermally Conductive Dielectric Coatings,2024,https://doi.org/10.1021/acsami.4c14039,ACS Applied Materials & Interfaces,middle,diamond heat spreader,1,0,8,core,T4,NONE,NONE,,N,,FALSE,
Fanyi Wei,,Chery Automobile (China),industry,CN,Reliability evaluation of IGBT power module on electric vehicle using big data,2024,https://doi.org/10.1088/1674-4926/45/5/052301,Journal of Semiconductors,middle,IGBT module thermal fatigue,1,1,8,displacement,T2,copper-diamond-composite,A4,,N,,TRUE,affiliation country China: human export review required before any contact
Fengman Liu,0000-0002-3579-1151,Chinese Academy of Sciences,academic,CN,Enhanced Fabrication and Assembly of 3-D Chiplets Based on Active Interposer With Frontside Via-Last TSVs,2024,https://doi.org/10.1109/tcpmt.2024.3443858,IEEE Transactions on Components Packaging and Manufacturing Technology,middle,chiplet package thermal,1,0,8,displacement,T4,polycrystalline-CVD-diamond-wafer,A2,,N,,TRUE,affiliation country China: human export review required before any contact
Fengwen Mu,0000-0001-7396-9347,ON Semiconductor (United States),industry,US,Wafer-scale N-polar GaN heterogeneous structure fabricated by surface active bonding and laser lift-off,2024,https://doi.org/10.1016/j.jallcom.2024.176253,Journal of Alloys and Compounds,middle,thermal boundary resistance GaN,1,1,8,displacement,T4,NONE,A1,,N,,FALSE,
Gaetano Sequenzia,0000-0002-6063-2830,University of Catania,academic,IT,Effects of the pin-fins cooler roughness on the thermo-fluid dynamics performance of a SiC power module,2024,https://doi.org/10.1016/j.ijft.2024.100609,International Journal of Thermofluids,middle,power module baseplate thermal,1,0,8,displacement,T4,copper-diamond-composite,A4,,N,,FALSE,
Gaoming Li,0000-0001-9988-6427,Xi'an Jiaotong University,academic,CN,Study of photoinduced nonthermal melting of 4H-SiC under femtosecond pulse laser irradiation based on time-dependent density functional theory simulations,2024,https://doi.org/10.1063/5.0221305,Journal of Applied Physics,middle,diamond thermal conductivity substrate,1,0,8,core,T4,NONE,NONE,,N,,TRUE,affiliation country China: human export review required before any contact
Gu Xiao,,Jiangsu Changjiang Electronics Technology (China),industry,CN,Power Envelope Analyses of Chiplet Module and System-on-Chip,2024,https://doi.org/10.4071/001c.94297,IMAPSource Proceedings,middle,chiplet package thermal,1,1,8,displacement,T2,polycrystalline-CVD-diamond-wafer,A2,,N,,TRUE,affiliation country China: human export review required before any contact
Guoliang Ma,,Wuhan University,academic,CN,Wafer-scale N-polar GaN heterogeneous structure fabricated by surface active bonding and laser lift-off,2024,https://doi.org/10.1016/j.jallcom.2024.176253,Journal of Alloys and Compounds,middle,thermal boundary resistance GaN,1,0,8,displacement,T4,NONE,A1,,N,,TRUE,affiliation country China: human export review required before any contact
Haofeng Xie,0000-0002-4832-6400,General Research Institute for Nonferrous Metals (China),industry,CN,Microstructure and Properties of Aluminum Alloy/Diamond Composite Materials Prepared by Laser Cladding,2024,https://doi.org/10.3390/ma17215280,Materials,middle,diamond thermal conductivity substrate,1,1,8,core,T4,NONE,NONE,,N,,TRUE,affiliation country China: human export review required before any contact
He Liang,0000-0002-5600-1286,China National Nuclear Corporation,academic,CN,Influence of different vibration directions on the solder layer fatigue in IGBT modules,2024,https://doi.org/10.1016/j.microrel.2024.115526,Microelectronics Reliability,middle,IGBT module thermal fatigue,1,0,8,displacement,T4,copper-diamond-composite,A4,,N,,TRUE,affiliation country China: human export review required before any contact
Hengbo Zhang,,Huawei Technologies (China),industry,CN,Heterogeneous Integration of Diamond-on-Chip-on-Glass Interposer for Efficient Thermal Management,2024,https://doi.org/10.1109/led.2024.3351990,IEEE Electron Device Letters,middle,diamond heat spreader,1,1,8,core,T4,NONE,A2,,N,,TRUE,affiliation country China: human export review required before any contact
Hengbo Zhang,0000-0002-8935-2883,Huawei Technologies (China),industry,CN,Low-temperature bonding of Si and polycrystalline diamond with ultra-low thermal boundary resistance by reactive nanolayers,2024,https://doi.org/10.1016/j.jmst.2023.11.043,Journal of Material Science and Technology,middle,die attach thermal resistance,1,1,8,displacement,T2,polycrystalline-CVD-diamond-wafer,NONE,,N,,TRUE,affiliation country China: human export review required before any contact
Hong Guo,0000-0003-0644-6698,General Research Institute for Nonferrous Metals (China),industry,CN,Microstructure and Properties of Aluminum Alloy/Diamond Composite Materials Prepared by Laser Cladding,2024,https://doi.org/10.3390/ma17215280,Materials,middle,diamond thermal conductivity substrate,1,1,8,core,T4,NONE,NONE,,N,,TRUE,affiliation country China: human export review required before any contact
Hong Guo,0000-0002-5283-183X,General Research Institute for Nonferrous Metals (China),industry,CN,Enhancement of Flow Boiling Heat Transfer Characteristics on Diamond/Cu Heterogeneous Surface,2024,https://doi.org/10.1002/adem.202400566,Advanced Engineering Materials,middle,copper diamond composite,1,1,8,core,T4,NONE,NONE,,N,,TRUE,affiliation country China: human export review required before any contact
Huaping Jiang,0000-0002-0877-5578,Chongqing University,academic,CN,Reliability evaluation of IGBT power module on electric vehicle using big data,2024,https://doi.org/10.1088/1674-4926/45/5/052301,Journal of Semiconductors,middle,IGBT module thermal fatigue,1,0,8,displacement,T4,copper-diamond-composite,A4,,N,,TRUE,affiliation country China: human export review required before any contact
Huimin He,0000-0003-1992-1750,Chinese Academy of Sciences,academic,CN,Enhanced Fabrication and Assembly of 3-D Chiplets Based on Active Interposer With Frontside Via-Last TSVs,2024,https://doi.org/10.1109/tcpmt.2024.3443858,IEEE Transactions on Components Packaging and Manufacturing Technology,middle,chiplet package thermal,1,0,8,displacement,T4,polycrystalline-CVD-diamond-wafer,A2,,N,,TRUE,affiliation country China: human export review required before any contact
Hüseyin Şar,0000-0002-4993-1258,IMEC,academic,BE,Thermal Scaling Analysis of Large Hybrid Laser Arrays for Co-Packaged Optics,2024,https://doi.org/10.1109/jstqe.2024.3444923,IEEE Journal of Selected Topics in Quantum Electronics,middle,co-packaged optics thermal,1,0,8,displacement,T4,polycrystalline-CVD-diamond-wafer,A6,,N,,FALSE,
J. Moschner,0000-0002-1663-0352,Engie (Belgium),industry,BE,Real-Time MOSFET Condition Monitoring for Variable Mission Profiles With a Dual Extended Kalman Filter,2024,https://doi.org/10.1109/tpel.2024.3480704,IEEE Transactions on Power Electronics,middle,die attach thermal resistance,1,1,8,displacement,T4,NONE,NONE,,N,,FALSE,
Jason S. Adams,0000-0001-5320-200X,RTX (United States),industry,US,Transferable Percolated Particle Monolayers Derived from Marangoni Flows for Thermally Conductive Dielectric Coatings,2024,https://doi.org/10.1021/acsami.4c14039,ACS Applied Materials & Interfaces,middle,diamond heat spreader,1,1,8,core,T4,NONE,NONE,,N,,FALSE,
Jeff Erlbaum,,GE Global Research (United States),industry,US,SiC Power Module Packaging Using Printed Electronics Materials and Processes,2024,https://doi.org/10.1109/tcpmt.2024.3453209,IEEE Transactions on Components Packaging and Manufacturing Technology,middle,wide bandgap power device packaging,1,1,8,displacement,T2,copper-diamond-composite,A4,,N,,FALSE,
Jielei Xie,,Jiangsu Changjiang Electronics Technology (China),industry,CN,Study on the Manufacturability of X Dimension Fan Out Integration Package with Organic RDLs (XDFOI-O),2024,https://doi.org/10.4071/001c.115496,Journal of Microelectronics and Electronic Packaging,middle,chiplet package thermal,1,1,8,displacement,T4,NONE,NONE,,N,,TRUE,affiliation country China: human export review required before any contact
Jilei Lyu,,Nano Carbon (Poland),industry,PL,Optimizing MPCVD systems for diamond growth through advanced microwave transmission theory,2024,https://doi.org/10.1016/j.jcrysgro.2024.128008,Journal of Crystal Growth,middle,single crystal diamond MPCVD,1,1,8,core,T2,single-crystal-CVD-diamond-plate,NONE,,N,,FALSE,
Jindong Ouyang,,Aviation Industry Corporation of China (China),industry,CN,An Investigation on the Spark Plasma Sintering Diffusion Bonding of Diamond/Cu Composites with a Cr Interlayer,2024,https://doi.org/10.3390/ma17246026,Materials,middle,copper diamond composite,1,1,8,core,T4,NONE,NONE,,N,,TRUE,affiliation country China: human export review required before any contact
Jingyu Wu,,Jiangsu Changjiang Electronics Technology (China),industry,CN,Study on the Manufacturability of X Dimension Fan Out Integration Package with Organic RDLs (XDFOI-O),2024,https://doi.org/10.4071/001c.115496,Journal of Microelectronics and Electronic Packaging,middle,chiplet package thermal,1,1,8,displacement,T4,NONE,NONE,,N,,TRUE,affiliation country China: human export review required before any contact
Joris Van Campenhout,0000-0003-0778-2669,IMEC,academic,BE,Thermal Scaling Analysis of Large Hybrid Laser Arrays for Co-Packaged Optics,2024,https://doi.org/10.1109/jstqe.2024.3444923,IEEE Journal of Selected Topics in Quantum Electronics,middle,co-packaged optics thermal,1,0,8,displacement,T4,polycrystalline-CVD-diamond-wafer,A6,,N,,FALSE,
Juliet Sanchez,,Henkel (Germany),industry,DE,Enhancing Semiconductor Package Reliability through Mechanical Property Optimization of Pressureless Sintering Die Attach Adhesives,2024,https://doi.org/10.4071/001c.94312,IMAPSource Proceedings,middle,wide bandgap power device packaging,1,1,8,displacement,T2,single-crystal-CVD-diamond-plate,NONE,,N,,FALSE,
Junhui Li,0000-0001-5196-9960,Harbin Institute of Technology,academic,CN,20 W CW laser operation of Tm:YAP single crystal fiber,2024,https://doi.org/10.1016/j.optlastec.2024.111529,Optics & Laser Technology,middle,laser diode thermal management,1,0,8,displacement,T4,NONE,NONE,,N,,TRUE,affiliation country China: human export review required before any contact
K. U. S. Somarathna,0000-0003-0732-5310,Binghamton University,academic,US,SiC Power Module Packaging Using Printed Electronics Materials and Processes,2024,https://doi.org/10.1109/tcpmt.2024.3453209,IEEE Transactions on Components Packaging and Manufacturing Technology,middle,wide bandgap power device packaging,1,0,8,displacement,T4,copper-diamond-composite,A4,,N,,FALSE,
Kang Liu,0000-0002-4580-1763,Harbin Institute of Technology,academic,CN,Optimizing MPCVD systems for diamond growth through advanced microwave transmission theory,2024,https://doi.org/10.1016/j.jcrysgro.2024.128008,Journal of Crystal Growth,middle,single crystal diamond MPCVD,1,0,8,core,T4,single-crystal-CVD-diamond-plate,NONE,,N,,TRUE,affiliation country China: human export review required before any contact
Kang Liu,,Harbin Institute of Technology,academic,CN,Optimizing MPCVD systems for diamond growth through advanced microwave transmission theory,2024,https://doi.org/10.1016/j.jcrysgro.2024.128008,Journal of Crystal Growth,middle,single crystal diamond MPCVD,1,0,8,core,T4,single-crystal-CVD-diamond-plate,NONE,,N,,TRUE,affiliation country China: human export review required before any contact
Kazutoshi Furuzono,,"High Performance Materials Department, Institute for Advanced Integrated Technology",industry,,Highly Functional Materials for Advanced Package,2024,https://doi.org/10.2494/photopolymer.37.335,Journal of Photopolymer Science and Technology,middle,chiplet package thermal,1,1,8,displacement,T4,NONE,A2,,N,,FALSE,
Ke Wei,,Chinese Academy of Sciences,academic,CN,Wafer-scale N-polar GaN heterogeneous structure fabricated by surface active bonding and laser lift-off,2024,https://doi.org/10.1016/j.jallcom.2024.176253,Journal of Alloys and Compounds,middle,thermal boundary resistance GaN,1,0,8,displacement,T4,NONE,A1,,N,,TRUE,affiliation country China: human export review required before any contact
Keisuke Kawamura,0000-0001-6150-7751,Air Water (Japan),industry,JP,Probe beam deflection technique with liquid immersion for fast mapping of thermal conductance,2024,https://doi.org/10.1063/5.0179581,Applied Physics Letters,middle,diamond thermal conductivity substrate,1,1,8,core,T4,NONE,NONE,,N,,FALSE,
Kevin Rinebold,,Medical Solutions,academic,GB,Glass Interposer Integration of Logic and Memory Chiplets: PPA and Power/Signal Integrity Benefits,2024,https://doi.org/10.1109/tcad.2024.3504361,IEEE Transactions on Computer-Aided Design of Integrated Circuits and Systems,middle,chiplet package thermal,1,0,8,displacement,T4,polycrystalline-CVD-diamond-wafer,A2,,N,,FALSE,
Koji Inoue,0000-0003-3926-0646,Tohoku University,academic,JP,Interfacial Reaction Boosts Thermal Conductance of Room‐Temperature Integrated Semiconductor Interfaces Stable up to 1100 °C,2024,https://doi.org/10.1002/aelm.202400387,Advanced Electronic Materials,middle,diamond thermal conductivity substrate,1,0,8,core,T4,NONE,NONE,,N,,FALSE,
Kunlong Zhao,0009-0007-2457-9861,Harbin Institute of Technology,academic,CN,Optimizing MPCVD systems for diamond growth through advanced microwave transmission theory,2024,https://doi.org/10.1016/j.jcrysgro.2024.128008,Journal of Crystal Growth,middle,single crystal diamond MPCVD,1,0,8,core,T4,single-crystal-CVD-diamond-plate,NONE,,N,,TRUE,affiliation country China: human export review required before any contact
Leander Van Cappellen,0000-0002-7637-8697,Hasselt University,academic,BE,Real-Time MOSFET Condition Monitoring for Variable Mission Profiles With a Dual Extended Kalman Filter,2024,https://doi.org/10.1109/tpel.2024.3480704,IEEE Transactions on Power Electronics,middle,die attach thermal resistance,1,0,8,displacement,T4,NONE,NONE,,N,,FALSE,
Lei Tang,0000-0002-8077-158X,Chongqing University,academic,CN,Reliability evaluation of IGBT power module on electric vehicle using big data,2024,https://doi.org/10.1088/1674-4926/45/5/052301,Journal of Semiconductors,middle,IGBT module thermal fatigue,1,0,8,displacement,T4,copper-diamond-composite,A4,,N,,TRUE,affiliation country China: human export review required before any contact
Lijun Chen,0000-0003-4530-2566,National Center for Advanced Packaging (China),industry,CN,Enhanced Fabrication and Assembly of 3-D Chiplets Based on Active Interposer With Frontside Via-Last TSVs,2024,https://doi.org/10.1109/tcpmt.2024.3443858,IEEE Transactions on Components Packaging and Manufacturing Technology,middle,chiplet package thermal,1,1,8,displacement,T2,polycrystalline-CVD-diamond-wafer,A2,,N,,TRUE,affiliation country China: human export review required before any contact
Lijun Peng,0000-0001-6190-8993,General Research Institute for Nonferrous Metals (China),industry,CN,Microstructure and Properties of Aluminum Alloy/Diamond Composite Materials Prepared by Laser Cladding,2024,https://doi.org/10.3390/ma17215280,Materials,middle,diamond thermal conductivity substrate,1,1,8,core,T4,NONE,NONE,,N,,TRUE,affiliation country China: human export review required before any contact
Lina Bian,0000-0002-2662-8862,Henkel (Germany),industry,DE,Enhancing Semiconductor Package Reliability through Mechanical Property Optimization of Pressureless Sintering Die Attach Adhesives,2024,https://doi.org/10.4071/001c.94312,IMAPSource Proceedings,middle,wide bandgap power device packaging,1,1,8,displacement,T2,single-crystal-CVD-diamond-plate,NONE,,N,,FALSE,
Lingjun Zhu,0000-0003-1520-0796,Georgia Institute of Technology,academic,US,Glass Interposer Integration of Logic and Memory Chiplets: PPA and Power/Signal Integrity Benefits,2024,https://doi.org/10.1109/tcad.2024.3504361,IEEE Transactions on Computer-Aided Design of Integrated Circuits and Systems,middle,chiplet package thermal,1,0,8,displacement,T4,polycrystalline-CVD-diamond-wafer,A2,,N,,FALSE,
Liqiang Cao,0000-0002-0859-1437,Chinese Academy of Sciences,academic,CN,Enhanced Fabrication and Assembly of 3-D Chiplets Based on Active Interposer With Frontside Via-Last TSVs,2024,https://doi.org/10.1109/tcpmt.2024.3443858,IEEE Transactions on Components Packaging and Manufacturing Technology,middle,chiplet package thermal,1,0,8,displacement,T4,polycrystalline-CVD-diamond-wafer,A2,,N,,TRUE,affiliation country China: human export review required before any contact
Lu Zhao,,Huawei Technologies (China),industry,CN,Heterogeneous Integration of Diamond-on-Chip-on-Glass Interposer for Efficient Thermal Management,2024,https://doi.org/10.1109/led.2024.3351990,IEEE Electron Device Letters,middle,diamond heat spreader,1,1,8,core,T4,NONE,A2,,N,,TRUE,affiliation country China: human export review required before any contact
Madhavan Swaminathan,0000-0003-1729-2807,Pennsylvania State University,academic,US,Glass Interposer Integration of Logic and Memory Chiplets: PPA and Power/Signal Integrity Benefits,2024,https://doi.org/10.1109/tcad.2024.3504361,IEEE Transactions on Computer-Aided Design of Integrated Circuits and Systems,middle,chiplet package thermal,1,0,8,displacement,T4,polycrystalline-CVD-diamond-wafer,A2,,N,,FALSE,
Mario Schweizer,0000-0002-0920-4849,ABB (Switzerland),industry,CH,Comparative Evaluation of Three-Phase Three-Level GaN and Seven-Level Si Flying Capacitor Inverters for Integrated Motor Drives Considering Overload Operation,2024,https://doi.org/10.1109/access.2024.3350728,IEEE Access,middle,power module baseplate thermal,1,1,8,displacement,T4,NONE,NONE,,N,,FALSE,
Mark D. Poliks,0000-0003-3872-6037,Binghamton University,academic,US,SiC Power Module Packaging Using Printed Electronics Materials and Processes,2024,https://doi.org/10.1109/tcpmt.2024.3453209,IEEE Transactions on Components Packaging and Manufacturing Technology,middle,wide bandgap power device packaging,1,0,8,displacement,T4,copper-diamond-composite,A4,,N,,FALSE,
Masahiro Matsunaga,0000-0003-3325-9679,"High Performance Materials Department, Institute for Advanced Integrated Technology",industry,,Highly Functional Materials for Advanced Package,2024,https://doi.org/10.2494/photopolymer.37.335,Journal of Photopolymer Science and Technology,middle,chiplet package thermal,1,1,8,displacement,T4,NONE,A2,,N,,FALSE,
Matteo Borga,0000-0003-3087-6612,IMEC,academic,BE,Correlation of heat transport mechanism and structural properties of GaN high electron mobility transistors,2024,https://doi.org/10.1063/5.0207513,Journal of Applied Physics,middle,thermal boundary resistance GaN,1,0,8,displacement,T4,NONE,NONE,,N,,FALSE,
Meiyong Liao,0000-0003-1361-4266,National Institute for Materials Science,academic,JP,AlN as interlayer for effective thermal dissipation from gallium nitride to CVD diamond using nanocrystalline diamond seeding,2024,https://doi.org/10.1002/ifm2.26,Information & Functional Materials,middle,diamond heat spreader,1,0,8,core,T4,NONE,NONE,,N,,FALSE,
Michaël Daenen,0000-0002-9221-4932,Hasselt University,academic,BE,Real-Time MOSFET Condition Monitoring for Variable Mission Profiles With a Dual Extended Kalman Filter,2024,https://doi.org/10.1109/tpel.2024.3480704,IEEE Transactions on Power Electronics,middle,die attach thermal resistance,1,0,8,displacement,T4,NONE,NONE,,N,,FALSE,
Michele Calabretta,0000-0001-9322-182X,STMicroelectronics (Italy),industry,IT,Effects of the pin-fins cooler roughness on the thermo-fluid dynamics performance of a SiC power module,2024,https://doi.org/10.1016/j.ijft.2024.100609,International Journal of Thermofluids,middle,power module baseplate thermal,1,1,8,displacement,T2,copper-diamond-composite,A4,,N,,FALSE,
Mika Kobune,,Resonac (Japan),industry,,Highly Functional Materials for Advanced Package,2024,https://doi.org/10.2494/photopolymer.37.335,Journal of Photopolymer Science and Technology,middle,chiplet package thermal,1,1,8,displacement,T4,NONE,A2,,N,,FALSE,
Minghe Chen,0000-0002-6804-3360,Nanjing University of Aeronautics and Astronautics,academic,CN,An Investigation on the Spark Plasma Sintering Diffusion Bonding of Diamond/Cu Composites with a Cr Interlayer,2024,https://doi.org/10.3390/ma17246026,Materials,middle,copper diamond composite,1,0,8,core,T4,NONE,NONE,,N,,TRUE,affiliation country China: human export review required before any contact
Minglang Wu,,Harbin Institute of Technology,academic,CN,20 W CW laser operation of Tm:YAP single crystal fiber,2024,https://doi.org/10.1016/j.optlastec.2024.111529,Optics & Laser Technology,middle,laser diode thermal management,1,0,8,displacement,T4,NONE,NONE,,N,,TRUE,affiliation country China: human export review required before any contact
Mohammed Alhendi,0000-0002-7650-7364,Binghamton University,academic,US,SiC Power Module Packaging Using Printed Electronics Materials and Processes,2024,https://doi.org/10.1109/tcpmt.2024.3453209,IEEE Transactions on Components Packaging and Manufacturing Technology,middle,wide bandgap power device packaging,1,0,8,displacement,T4,copper-diamond-composite,A4,,N,,FALSE,
Mohanalingam Kathaperumal,0000-0001-6700-643X,Georgia Institute of Technology,academic,US,Glass Interposer Integration of Logic and Memory Chiplets: PPA and Power/Signal Integrity Benefits,2024,https://doi.org/10.1109/tcad.2024.3504361,IEEE Transactions on Computer-Aided Design of Integrated Circuits and Systems,middle,chiplet package thermal,1,0,8,displacement,T4,polycrystalline-CVD-diamond-wafer,A2,,N,,FALSE,
Naoki Takahara,,"High Performance Materials Department, Institute for Advanced Integrated Technology",industry,,Highly Functional Materials for Advanced Package,2024,https://doi.org/10.2494/photopolymer.37.335,Journal of Photopolymer Science and Technology,middle,chiplet package thermal,1,1,8,displacement,T4,NONE,A2,,N,,FALSE,
Naoteru Shigekawa,,Osaka Metropolitan University,academic,JP,Interfacial Reaction Boosts Thermal Conductance of Room‐Temperature Integrated Semiconductor Interfaces Stable up to 1100 °C,2024,https://doi.org/10.1002/aelm.202400387,Advanced Electronic Materials,middle,diamond thermal conductivity substrate,1,0,8,core,T4,NONE,NONE,,N,,FALSE,
Niels Posthuma,0000-0002-6029-1909,IMEC,academic,BE,Correlation of heat transport mechanism and structural properties of GaN high electron mobility transistors,2024,https://doi.org/10.1063/5.0207513,Journal of Applied Physics,middle,thermal boundary resistance GaN,1,0,8,displacement,T4,NONE,NONE,,N,,FALSE,
Noah Ekstrom,,Henkel (Germany),industry,DE,Enhancing Semiconductor Package Reliability through Mechanical Property Optimization of Pressureless Sintering Die Attach Adhesives,2024,https://doi.org/10.4071/001c.94312,IMAPSource Proceedings,middle,wide bandgap power device packaging,1,1,8,displacement,T2,single-crystal-CVD-diamond-plate,NONE,,N,,FALSE,
Pascal S. Niklaus,0000-0002-0858-080X,ETH Zurich,academic,CH,Comparative Evaluation of Three-Phase Three-Level GaN and Seven-Level Si Flying Capacitor Inverters for Integrated Motor Drives Considering Overload Operation,2024,https://doi.org/10.1109/access.2024.3350728,IEEE Access,middle,power module baseplate thermal,1,0,8,displacement,T4,NONE,NONE,,N,,FALSE,
Peng Xu,0000-0002-7008-1323,Wuhan University,academic,CN,Wafer-scale N-polar GaN heterogeneous structure fabricated by surface active bonding and laser lift-off,2024,https://doi.org/10.1016/j.jallcom.2024.176253,Journal of Alloys and Compounds,middle,thermal boundary resistance GaN,1,0,8,displacement,T4,NONE,A1,,N,,TRUE,affiliation country China: human export review required before any contact
Qianlei Peng,0000-0003-1496-6183,Chery Automobile (China),industry,CN,Reliability evaluation of IGBT power module on electric vehicle using big data,2024,https://doi.org/10.1088/1674-4926/45/5/052301,Journal of Semiconductors,middle,IGBT module thermal fatigue,1,1,8,displacement,T2,copper-diamond-composite,A4,,N,,TRUE,affiliation country China: human export review required before any contact
Qiulin Li,0000-0001-6871-514X,University Town of Shenzhen,academic,CN,Influence of diamond particle size on the properties of diamond/Al composites fabricated by filtration extrusion,2024,https://doi.org/10.1016/j.heliyon.2024.e37391,Heliyon,middle,diamond thermal conductivity substrate,1,0,8,core,T4,NONE,NONE,,N,,TRUE,affiliation country China: human export review required before any contact
Qizhuo Zhuo,,Henkel (Germany),industry,DE,Enhancing Semiconductor Package Reliability through Mechanical Property Optimization of Pressureless Sintering Die Attach Adhesives,2024,https://doi.org/10.4071/001c.94312,IMAPSource Proceedings,middle,wide bandgap power device packaging,1,1,8,displacement,T2,single-crystal-CVD-diamond-plate,NONE,,N,,FALSE,
Ram K. Gupta,0000-0001-5355-3897,Meta (United States),industry,US,Glass Interposer Integration of Logic and Memory Chiplets: PPA and Power/Signal Integrity Benefits,2024,https://doi.org/10.1109/tcad.2024.3504361,IEEE Transactions on Computer-Aided Design of Integrated Circuits and Systems,middle,chiplet package thermal,1,1,8,displacement,T2,polycrystalline-CVD-diamond-wafer,A2,,N,,FALSE,
Ravi P. Agarwal,0000-0003-0075-1704,Meta (United States),industry,US,Glass Interposer Integration of Logic and Memory Chiplets: PPA and Power/Signal Integrity Benefits,2024,https://doi.org/10.1109/tcad.2024.3504361,IEEE Transactions on Computer-Aided Design of Integrated Circuits and Systems,middle,chiplet package thermal,1,1,8,displacement,T2,polycrystalline-CVD-diamond-wafer,A2,,N,,FALSE,
Rui Cao,0000-0003-3515-6382,University of Chinese Academy of Sciences,academic,CN,Enhanced Fabrication and Assembly of 3-D Chiplets Based on Active Interposer With Frontside Via-Last TSVs,2024,https://doi.org/10.1109/tcpmt.2024.3443858,IEEE Transactions on Components Packaging and Manufacturing Technology,middle,chiplet package thermal,1,0,8,displacement,T4,polycrystalline-CVD-diamond-wafer,A2,,N,,TRUE,affiliation country China: human export review required before any contact
Runhua Gao,0000-0003-1672-8066,Chinese Academy of Sciences,academic,CN,Wafer-scale N-polar GaN heterogeneous structure fabricated by surface active bonding and laser lift-off,2024,https://doi.org/10.1016/j.jallcom.2024.176253,Journal of Alloys and Compounds,middle,thermal boundary resistance GaN,1,0,8,displacement,T4,NONE,A1,,N,,TRUE,affiliation country China: human export review required before any contact
S. T. Woo,0009-0009-8885-4337,Georgia Institute of Technology,academic,US,Glass Interposer Integration of Logic and Memory Chiplets: PPA and Power/Signal Integrity Benefits,2024,https://doi.org/10.1109/tcad.2024.3504361,IEEE Transactions on Computer-Aided Design of Integrated Circuits and Systems,middle,chiplet package thermal,1,0,8,displacement,T4,polycrystalline-CVD-diamond-wafer,A2,,N,,FALSE,
Satoshi Yamasaki,0000-0001-6512-8548,Kanazawa University,academic,JP,"Diamond Homoepitaxial Growth Technology toward Wafer Fabrication, Atomically Controlled Surfaces, and Low Resistivity",2024,https://doi.org/10.1021/accountsmr.4c00123,Accounts of Materials Research,middle,diamond thermal conductivity substrate,1,0,8,core,T4,NONE,NONE,,N,,FALSE,
Selene Hernandez,,Henkel (Germany),industry,DE,Enhancing Semiconductor Package Reliability through Mechanical Property Optimization of Pressureless Sintering Die Attach Adhesives,2024,https://doi.org/10.4071/001c.94312,IMAPSource Proceedings,middle,wide bandgap power device packaging,1,1,8,displacement,T2,single-crystal-CVD-diamond-plate,NONE,,N,,FALSE,
Sen Huang,0000-0002-5980-3161,Chinese Academy of Sciences,academic,CN,Wafer-scale N-polar GaN heterogeneous structure fabricated by surface active bonding and laser lift-off,2024,https://doi.org/10.1016/j.jallcom.2024.176253,Journal of Alloys and Compounds,middle,thermal boundary resistance GaN,1,0,8,displacement,T4,NONE,A1,,N,,TRUE,affiliation country China: human export review required before any contact
Serhat Erdogan,0000-0001-7241-4761,Georgia Institute of Technology,academic,US,Glass Interposer Integration of Logic and Memory Chiplets: PPA and Power/Signal Integrity Benefits,2024,https://doi.org/10.1109/tcad.2024.3504361,IEEE Transactions on Computer-Aided Design of Integrated Circuits and Systems,middle,chiplet package thermal,1,0,8,displacement,T4,polycrystalline-CVD-diamond-wafer,A2,,N,,FALSE,
Shinian Peng,,China National Nuclear Corporation,academic,CN,Influence of different vibration directions on the solder layer fatigue in IGBT modules,2024,https://doi.org/10.1016/j.microrel.2024.115526,Microelectronics Reliability,middle,IGBT module thermal fatigue,1,0,8,displacement,T4,copper-diamond-composite,A4,,N,,TRUE,affiliation country China: human export review required before any contact
Shuohang Yun,,University Town of Shenzhen,academic,CN,Influence of diamond particle size on the properties of diamond/Al composites fabricated by filtration extrusion,2024,https://doi.org/10.1016/j.heliyon.2024.e37391,Heliyon,middle,diamond thermal conductivity substrate,1,0,8,core,T4,NONE,NONE,,N,,TRUE,affiliation country China: human export review required before any contact
Shuyi Mi,0000-0002-5231-2351,Harbin Institute of Technology,academic,CN,20 W CW laser operation of Tm:YAP single crystal fiber,2024,https://doi.org/10.1016/j.optlastec.2024.111529,Optics & Laser Technology,middle,laser diode thermal management,1,0,8,displacement,T4,NONE,NONE,,N,,TRUE,affiliation country China: human export review required before any contact
Stefano Mauro,0000-0002-5377-7628,University of Catania,academic,IT,Effects of the pin-fins cooler roughness on the thermo-fluid dynamics performance of a SiC power module,2024,https://doi.org/10.1016/j.ijft.2024.100609,International Journal of Thermofluids,middle,power module baseplate thermal,1,0,8,displacement,T4,copper-diamond-composite,A4,,N,,FALSE,
Stuart J. Smyth,0000-0003-0837-8617,Applied Photonics (United Kingdom),industry,GB,Thermal Scaling Analysis of Large Hybrid Laser Arrays for Co-Packaged Optics,2024,https://doi.org/10.1109/jstqe.2024.3444923,IEEE Journal of Selected Topics in Quantum Electronics,middle,co-packaged optics thermal,1,1,8,displacement,T2,polycrystalline-CVD-diamond-wafer,A6,,N,,FALSE,
Takao Inokuma,0009-0000-9977-7458,Kanazawa University,academic,JP,"Diamond Homoepitaxial Growth Technology toward Wafer Fabrication, Atomically Controlled Surfaces, and Low Resistivity",2024,https://doi.org/10.1021/accountsmr.4c00123,Accounts of Materials Research,middle,diamond thermal conductivity substrate,1,0,8,core,T4,NONE,NONE,,N,,FALSE,
Tao Liu,0000-0002-0096-2096,Jiangsu Changjiang Electronics Technology (China),industry,CN,Study on the Manufacturability of X Dimension Fan Out Integration Package with Organic RDLs (XDFOI-O),2024,https://doi.org/10.4071/001c.115496,Journal of Microelectronics and Electronic Packaging,middle,chiplet package thermal,1,1,8,displacement,T4,NONE,NONE,,N,,TRUE,affiliation country China: human export review required before any contact
Taowen Wu,0000-0003-2515-2943,Nanjing University of Aeronautics and Astronautics,academic,CN,An Investigation on the Spark Plasma Sintering Diffusion Bonding of Diamond/Cu Composites with a Cr Interlayer,2024,https://doi.org/10.3390/ma17246026,Materials,middle,copper diamond composite,1,0,8,core,T4,NONE,NONE,,N,,TRUE,affiliation country China: human export review required before any contact
Tino Gfrörer,,ETH Zurich,academic,CH,Comparative Evaluation of Three-Phase Three-Level GaN and Seven-Level Si Flying Capacitor Inverters for Integrated Motor Drives Considering Overload Operation,2024,https://doi.org/10.1109/access.2024.3350728,IEEE Access,middle,power module baseplate thermal,1,0,8,displacement,T4,NONE,NONE,,N,,FALSE,
Tongyu Dai,0000-0001-5811-5829,Harbin Institute of Technology,academic,CN,20 W CW laser operation of Tm:YAP single crystal fiber,2024,https://doi.org/10.1016/j.optlastec.2024.111529,Optics & Laser Technology,middle,laser diode thermal management,1,0,8,displacement,T4,NONE,NONE,,N,,TRUE,affiliation country China: human export review required before any contact
Tsubasa Matsumoto,0000-0003-0306-6542,Kanazawa University,academic,JP,"Diamond Homoepitaxial Growth Technology toward Wafer Fabrication, Atomically Controlled Surfaces, and Low Resistivity",2024,https://doi.org/10.1021/accountsmr.4c00123,Accounts of Materials Research,middle,diamond thermal conductivity substrate,1,0,8,core,T4,NONE,NONE,,N,,FALSE,
V. G. Ralchenko,,Harbin Institute of Technology,academic,CN,Optimizing MPCVD systems for diamond growth through advanced microwave transmission theory,2024,https://doi.org/10.1016/j.jcrysgro.2024.128008,Journal of Crystal Growth,middle,single crystal diamond MPCVD,1,0,8,core,T4,single-crystal-CVD-diamond-plate,NONE,,N,,TRUE,affiliation country China: human export review required before any contact
Vincent Pang,0000-0001-5948-3543,Henkel (Germany),industry,DE,Enhancing Semiconductor Package Reliability through Mechanical Property Optimization of Pressureless Sintering Die Attach Adhesives,2024,https://doi.org/10.4071/001c.94312,IMAPSource Proceedings,middle,wide bandgap power device packaging,1,1,8,displacement,T2,single-crystal-CVD-diamond-plate,NONE,,N,,FALSE,
Wenhao Cheng,,Harbin Institute of Technology,academic,CN,20 W CW laser operation of Tm:YAP single crystal fiber,2024,https://doi.org/10.1016/j.optlastec.2024.111529,Optics & Laser Technology,middle,laser diode thermal management,1,0,8,displacement,T4,NONE,NONE,,N,,TRUE,affiliation country China: human export review required before any contact
Xia Kong,0000-0003-4615-9407,Nano Carbon (Poland),industry,PL,Optimizing MPCVD systems for diamond growth through advanced microwave transmission theory,2024,https://doi.org/10.1016/j.jcrysgro.2024.128008,Journal of Crystal Growth,middle,single crystal diamond MPCVD,1,1,8,core,T2,single-crystal-CVD-diamond-plate,NONE,,N,,FALSE,
Xiaofan Jiang,0000-0002-6480-0299,Xiamen University of Technology,academic,CN,Heterogeneous Integration of Diamond-on-Chip-on-Glass Interposer for Efficient Thermal Management,2024,https://doi.org/10.1109/led.2024.3351990,IEEE Electron Device Letters,middle,diamond heat spreader,1,0,8,core,T4,NONE,A2,,N,,TRUE,affiliation country China: human export review required before any contact
Xiaoming Duan,0000-0002-3668-0912,Harbin Institute of Technology,academic,CN,20 W CW laser operation of Tm:YAP single crystal fiber,2024,https://doi.org/10.1016/j.optlastec.2024.111529,Optics & Laser Technology,middle,laser diode thermal management,1,0,8,displacement,T4,NONE,NONE,,N,,TRUE,affiliation country China: human export review required before any contact
Xiaoxiao Hua,,Harbin Institute of Technology,academic,CN,20 W CW laser operation of Tm:YAP single crystal fiber,2024,https://doi.org/10.1016/j.optlastec.2024.111529,Optics & Laser Technology,middle,laser diode thermal management,1,0,8,displacement,T4,NONE,NONE,,N,,TRUE,affiliation country China: human export review required before any contact
Xiao‐Fan Jiang,0000-0002-7523-4800,Xiamen University of Technology,academic,CN,Low-temperature bonding of Si and polycrystalline diamond with ultra-low thermal boundary resistance by reactive nanolayers,2024,https://doi.org/10.1016/j.jmst.2023.11.043,Journal of Material Science and Technology,middle,die attach thermal resistance,1,0,8,displacement,T4,polycrystalline-CVD-diamond-wafer,NONE,,N,,TRUE,affiliation country China: human export review required before any contact
Xingwang Li,0009-0001-5424-6722,Beijing Founder Electronics (China),industry,CN,20 W CW laser operation of Tm:YAP single crystal fiber,2024,https://doi.org/10.1016/j.optlastec.2024.111529,Optics & Laser Technology,middle,laser diode thermal management,1,1,8,displacement,T4,NONE,NONE,,N,,TRUE,affiliation country China: human export review required before any contact
Xinhua Wang,0000-0002-6592-7515,Chinese Academy of Sciences,academic,CN,Wafer-scale N-polar GaN heterogeneous structure fabricated by surface active bonding and laser lift-off,2024,https://doi.org/10.1016/j.jallcom.2024.176253,Journal of Alloys and Compounds,middle,thermal boundary resistance GaN,1,0,8,displacement,T4,NONE,A1,,N,,TRUE,affiliation country China: human export review required before any contact
Xinpei Cao,,Henkel (Germany),industry,DE,Enhancing Semiconductor Package Reliability through Mechanical Property Optimization of Pressureless Sintering Die Attach Adhesives,2024,https://doi.org/10.4071/001c.94312,IMAPSource Proceedings,middle,wide bandgap power device packaging,1,1,8,displacement,T2,single-crystal-CVD-diamond-plate,NONE,,N,,FALSE,
Xiong Han,0000-0002-7718-8051,GE Global Research (United States),industry,US,SiC Power Module Packaging Using Printed Electronics Materials and Processes,2024,https://doi.org/10.1109/tcpmt.2024.3453209,IEEE Transactions on Components Packaging and Manufacturing Technology,middle,wide bandgap power device packaging,1,1,8,displacement,T2,copper-diamond-composite,A4,,N,,FALSE,
Xugang Wang,,National Center for Advanced Packaging (China),industry,CN,Enhanced Fabrication and Assembly of 3-D Chiplets Based on Active Interposer With Frontside Via-Last TSVs,2024,https://doi.org/10.1109/tcpmt.2024.3443858,IEEE Transactions on Components Packaging and Manufacturing Technology,middle,chiplet package thermal,1,1,8,displacement,T2,polycrystalline-CVD-diamond-wafer,A2,,N,,TRUE,affiliation country China: human export review required before any contact
Yang Wang,0000-0001-8128-1278,Huawei Technologies (China),industry,CN,Heterogeneous Integration of Diamond-on-Chip-on-Glass Interposer for Efficient Thermal Management,2024,https://doi.org/10.1109/led.2024.3351990,IEEE Electron Device Letters,middle,diamond heat spreader,1,1,8,core,T4,NONE,A2,,N,,TRUE,affiliation country China: human export review required before any contact
Yaojian Lin,,Jiangsu Changjiang Electronics Technology (China),industry,CN,Study on the Manufacturability of X Dimension Fan Out Integration Package with Organic RDLs (XDFOI-O),2024,https://doi.org/10.4071/001c.115496,Journal of Microelectronics and Electronic Packaging,middle,chiplet package thermal,1,1,8,displacement,T4,NONE,NONE,,N,,TRUE,affiliation country China: human export review required before any contact
Yasusyohi Nagai,,Tohoku University,academic,JP,Interfacial Reaction Boosts Thermal Conductance of Room‐Temperature Integrated Semiconductor Interfaces Stable up to 1100 °C,2024,https://doi.org/10.1002/aelm.202400387,Advanced Electronic Materials,middle,diamond thermal conductivity substrate,1,0,8,core,T4,NONE,NONE,,N,,FALSE,
Yilin Zhao,0009-0003-3011-2193,General Research Institute for Nonferrous Metals (China),industry,CN,Microstructure and Properties of Aluminum Alloy/Diamond Composite Materials Prepared by Laser Cladding,2024,https://doi.org/10.3390/ma17215280,Materials,middle,diamond thermal conductivity substrate,1,1,8,core,T4,NONE,NONE,,N,,TRUE,affiliation country China: human export review required before any contact
Yimin He,,"Xiamen Sky Semiconductor Technology Company Ltd., Xiamen, China",industry,,Heterogeneous Integration of Diamond-on-Chip-on-Glass Interposer for Efficient Thermal Management,2024,https://doi.org/10.1109/led.2024.3351990,IEEE Electron Device Letters,middle,diamond heat spreader,1,1,8,core,T4,NONE,A2,,N,,FALSE,
Yongjiang Li,0000-0001-9247-573X,Beijing Founder Electronics (China),industry,CN,20 W CW laser operation of Tm:YAP single crystal fiber,2024,https://doi.org/10.1016/j.optlastec.2024.111529,Optics & Laser Technology,middle,laser diode thermal management,1,1,8,displacement,T4,NONE,NONE,,N,,TRUE,affiliation country China: human export review required before any contact
Yoojin Ban,0000-0001-7319-8132,IMEC,academic,BE,Thermal Scaling Analysis of Large Hybrid Laser Arrays for Co-Packaged Optics,2024,https://doi.org/10.1109/jstqe.2024.3444923,IEEE Journal of Selected Topics in Quantum Electronics,middle,co-packaged optics thermal,1,0,8,displacement,T4,polycrystalline-CVD-diamond-wafer,A6,,N,,FALSE,
Yu Chen,0000-0001-9926-2518,Huawei Technologies (China),industry,CN,Heterogeneous Integration of Diamond-on-Chip-on-Glass Interposer for Efficient Thermal Management,2024,https://doi.org/10.1109/led.2024.3351990,IEEE Electron Device Letters,middle,diamond heat spreader,1,1,8,core,T4,NONE,A2,,N,,TRUE,affiliation country China: human export review required before any contact
Yuchun Zhao,0000-0001-6147-7628,Huawei Technologies (China),industry,CN,Heterogeneous Integration of Diamond-on-Chip-on-Glass Interposer for Efficient Thermal Management,2024,https://doi.org/10.1109/led.2024.3351990,IEEE Electron Device Letters,middle,diamond heat spreader,1,1,8,core,T4,NONE,A2,,N,,TRUE,affiliation country China: human export review required before any contact
Yuxuan Lan,0009-0009-6976-6155,Xidian University,academic,CN,Study of photoinduced nonthermal melting of 4H-SiC under femtosecond pulse laser irradiation based on time-dependent density functional theory simulations,2024,https://doi.org/10.1063/5.0221305,Journal of Applied Physics,middle,diamond thermal conductivity substrate,1,0,8,core,T4,NONE,NONE,,N,,TRUE,affiliation country China: human export review required before any contact
Zhengxi He,0000-0003-4639-3666,China National Nuclear Corporation,academic,CN,Influence of different vibration directions on the solder layer fatigue in IGBT modules,2024,https://doi.org/10.1016/j.microrel.2024.115526,Microelectronics Reliability,middle,IGBT module thermal fatigue,1,0,8,displacement,T4,copper-diamond-composite,A4,,N,,TRUE,affiliation country China: human export review required before any contact
Zhi Chen,0009-0000-5387-8376,China National Nuclear Corporation,academic,CN,Influence of different vibration directions on the solder layer fatigue in IGBT modules,2024,https://doi.org/10.1016/j.microrel.2024.115526,Microelectronics Reliability,middle,IGBT module thermal fatigue,1,0,8,displacement,T4,copper-diamond-composite,A4,,N,,TRUE,affiliation country China: human export review required before any contact
Ziyao Bian,,Jiangsu Changjiang Electronics Technology (China),industry,CN,Study on the Manufacturability of X Dimension Fan Out Integration Package with Organic RDLs (XDFOI-O),2024,https://doi.org/10.4071/001c.115496,Journal of Microelectronics and Electronic Packaging,middle,chiplet package thermal,1,1,8,displacement,T4,NONE,NONE,,N,,TRUE,affiliation country China: human export review required before any contact
Zonghua Li,0000-0001-5242-9608,Chery Automobile (China),industry,CN,Reliability evaluation of IGBT power module on electric vehicle using big data,2024,https://doi.org/10.1088/1674-4926/45/5/052301,Journal of Semiconductors,middle,IGBT module thermal fatigue,1,1,8,displacement,T2,copper-diamond-composite,A4,,N,,TRUE,affiliation country China: human export review required before any contact
